Subject,AccV_mean__median,AccV_mean__<lambda_0>,AccV_std__median,AccV_std__<lambda_0>,AccV_min__median,AccV_min__<lambda_0>,AccV_max__median,AccV_max__<lambda_0>,AccV_iqr__median,AccV_iqr__<lambda_0>,AccV_rms__median,AccV_rms__<lambda_0>,AccV_jerk_rms__median,AccV_jerk_rms__<lambda_0>,AccV_dominant_hz__median,AccV_dominant_hz__<lambda_0>,AccV_locomotor_power__median,AccV_locomotor_power__<lambda_0>,AccV_freeze_power__median,AccV_freeze_power__<lambda_0>,AccV_freeze_index__median,AccV_freeze_index__<lambda_0>,AccV_spectral_entropy__median,AccV_spectral_entropy__<lambda_0>,AccML_mean__median,AccML_mean__<lambda_0>,AccML_std__median,AccML_std__<lambda_0>,AccML_min__median,AccML_min__<lambda_0>,AccML_max__median,AccML_max__<lambda_0>,AccML_iqr__median,AccML_iqr__<lambda_0>,AccML_rms__median,AccML_rms__<lambda_0>,AccML_jerk_rms__median,AccML_jerk_rms__<lambda_0>,AccML_dominant_hz__median,AccML_dominant_hz__<lambda_0>,AccML_locomotor_power__median,AccML_locomotor_power__<lambda_0>,AccML_freeze_power__median,AccML_freeze_power__<lambda_0>,AccML_freeze_index__median,AccML_freeze_index__<lambda_0>,AccML_spectral_entropy__median,AccML_spectral_entropy__<lambda_0>,AccAP_mean__median,AccAP_mean__<lambda_0>,AccAP_std__median,AccAP_std__<lambda_0>,AccAP_min__median,AccAP_min__<lambda_0>,AccAP_max__median,AccAP_max__<lambda_0>,AccAP_iqr__median,AccAP_iqr__<lambda_0>,AccAP_rms__median,AccAP_rms__<lambda_0>,AccAP_jerk_rms__median,AccAP_jerk_rms__<lambda_0>,AccAP_dominant_hz__median,AccAP_dominant_hz__<lambda_0>,AccAP_locomotor_power__median,AccAP_locomotor_power__<lambda_0>,AccAP_freeze_power__median,AccAP_freeze_power__<lambda_0>,AccAP_freeze_index__median,AccAP_freeze_index__<lambda_0>,AccAP_spectral_entropy__median,AccAP_spectral_entropy__<lambda_0>,Magnitude_mean__median,Magnitude_mean__<lambda_0>,Magnitude_std__median,Magnitude_std__<lambda_0>,Magnitude_min__median,Magnitude_min__<lambda_0>,Magnitude_max__median,Magnitude_max__<lambda_0>,Magnitude_iqr__median,Magnitude_iqr__<lambda_0>,Magnitude_rms__median,Magnitude_rms__<lambda_0>,Magnitude_jerk_rms__median,Magnitude_jerk_rms__<lambda_0>,Magnitude_dominant_hz__median,Magnitude_dominant_hz__<lambda_0>,Magnitude_locomotor_power__median,Magnitude_locomotor_power__<lambda_0>,Magnitude_freeze_power__median,Magnitude_freeze_power__<lambda_0>,Magnitude_freeze_index__median,Magnitude_freeze_index__<lambda_0>,Magnitude_spectral_entropy__median,Magnitude_spectral_entropy__<lambda_0>,corr_V_ML__median,corr_V_ML__<lambda_0>,corr_V_AP__median,corr_V_AP__<lambda_0>,corr_ML_AP__median,corr_ML_AP__<lambda_0>
02bc69,-9.68531314842403,0.10101322643458843,0.53897806941154,0.46799425919132764,-11.513926029205322,1.4416582584381104,-8.3788001537323,1.0802315473556519,0.5849917531013489,0.5518948435783386,9.700307219541045,0.11263736806357016,19.093437125482524,19.3699216608358,2.0,1.75,6.969636470509295,2.219760411684621,7.291105084259614,2.1666165563235165,0.23183272195844337,1.2401944886700413,2.8123752484688658,0.39021278738130993,-0.5231019541110982,0.27612585376806464,0.6535918515516216,0.3846383832470449,-2.1293541193008423,1.7718277573585508,1.206437110900879,0.9426596164703368,0.8126579253003001,0.5211094047408551,0.8666476554547042,0.33665916154558695,23.553689994939074,19.96552388875453,0.75,4.25,7.375278066236241,1.6063811304049849,7.592361317106423,2.596246354471241,0.08106835740641792,1.9324767690909361,2.689884538368812,0.7097439344470653,1.734396866202587,0.43106348677110873,0.48049253105311707,0.3969883424568046,0.31784901767969126,1.6320649236440659,3.2956379652023315,1.334575206041336,0.6078716814517975,0.5572019815444946,1.8523338437311743,0.3918317980851185,17.273250096324247,15.647558120587666,1.0,1.25,7.248438610242376,1.9306750728065234,6.206738480538068,2.421215954332001,-0.6230765185579294,1.6094224938374924,2.747421601640558,0.6653521153475017,9.913389775902033,0.06281408225186258,0.532247838900301,0.4955113091374802,8.613755702972412,1.0325995683670044,11.926942348480225,1.594619631767273,0.5368369221687317,0.5620764791965485,9.929217844815755,0.07973624474524499,19.643159767114525,18.20846763818211,2.5,1.5,6.983468209279885,2.569315656834103,7.438669772520045,2.24857332112221,0.4477200629149962,1.1436538050933505,2.784597810380033,0.393817828335288,0.027035695132595475,0.33186610633218877,-0.27652627986018985,0.3852091306751934,-0.0467224297701433,0.2595452282020587
07285e,-9.425000879913568,0.15351111907512127,1.0849553394822813,0.8577881523745191,-14.052927017211914,4.482034206390381,-6.948493003845215,1.6812982559204102,0.7986001968383789,0.7090513706207275,9.48684529694979,0.2082412333910728,40.433177988403166,32.57489379301449,2.75,3.625,7.713636129408424,2.7285462287548636,8.501213536124343,1.5336637350581865,0.6493077787158157,1.575247350058639,2.99937914368942,0.35000243606681547,0.2305328978363832,0.3573443584782581,1.4058560520469203,0.48495625231189354,-3.0198748111724854,1.3029836416244507,3.282479047775269,1.0538809299468999,2.1161148846149445,1.1891659032553434,1.4652208578130903,0.454186960362462,38.38401988055033,21.57108163195886,1.0,0.5,9.327555928567651,1.340441628410236,8.483481366414074,1.3627186182249007,-1.0569178584929335,1.8482011207766251,2.4064919797975364,0.9588531717825388,2.6284931739792228,0.39234486331406515,1.0179586833846133,0.6048468921351629,-0.3788641691207886,1.7047600001096725,6.743747711181641,3.2723867893218976,1.110010266304016,0.6476493030786514,2.78421643150578,0.4125314531057187,48.03753474947276,31.605157256597927,1.5,1.5,8.30137180439526,1.4538292305850735,7.696435460832384,1.6900493416152722,-0.3541265485056052,1.4226503300592575,3.134875987176069,0.7070026313657927,9.94036522321403,0.09730096161365509,1.0907149201869524,0.7520200177475864,7.854979038238525,1.140838623046875,15.381667137145996,4.930747032165527,0.7939983606338501,0.45460271835327154,10.002296437853994,0.15892626922194175,43.68724243749902,39.34665330187586,2.5,3.0,7.855573498018958,2.536401548315924,8.63627094538607,1.612883300054623,0.6832016761822879,1.4713378683443765,3.031331862263253,0.2870314618690619,0.1314034972659564,0.2565484094025178,-0.3312812239044438,0.30365603487108467,-0.0062852144601319,0.2408787806570305
082f01,-9.579778416082265,0.11050057876855135,1.1204335483378027,0.6847291476866129,-13.487964630126951,2.9412317276000977,-7.023437023162842,1.0171451568603516,1.2209742069244385,0.8212480545043945,9.655854882519197,0.13282923452150008,42.03159324068006,20.76285744940016,2.0,3.125,8.223679760646947,2.8199912255481,8.936112404173617,0.8717303577814324,0.30082421420874084,2.302563972295485,2.6870944761763167,0.3413516961341512,0.5571057492729778,0.31437574153875397,0.9562301196867212,0.18560412970946893,-1.8178552389144897,0.806120753288269,2.654966354370117,0.5562682151794434,1.297786708921194,0.48384717851877235,1.1161234698427092,0.18437428483956075,26.80670567644693,11.510942708393696,1.0,0.5,8.755575110087346,1.1845452745636544,7.993832140222335,0.8818724855475564,-0.588823181333135,1.3849883642806542,2.5205315737196283,0.7957053541051229,-0.0953540733989939,0.3179559175414397,0.8956594358222061,0.6020838559540062,-2.287249207496643,1.6267490386962893,2.1525392532348637,1.8688027113676071,1.0921977758407593,0.743496609851718,0.9872584922838721,0.5446589015604199,37.38193268928579,28.314606344932912,1.5,1.5,8.340939094862012,1.839866167230488,7.532060406655005,0.9848181866859536,-0.5735613928952112,1.0987821194970915,2.79422509847903,0.5096968790169694,9.698492215946317,0.09851477295160294,1.1432908879876815,0.6911736568403939,7.214859962463379,0.9141998291015625,13.549506187438965,3.000579833984375,1.1749991178512573,0.8012212514877319,9.780121721548758,0.16325558752407332,42.22688355665226,23.86023945461612,2.0,3.5,8.30918980518537,2.8433696768489503,8.929961176116683,0.8681278495476548,0.16193351162718284,2.4641067944933637,2.648329458521556,0.35767697426349265,0.000517779211432,0.226765960198204,-0.0970131794635648,0.18290505721694988,0.1143986766452859,0.29204767663638925
19ea47,-9.795102179050446,0.1132404953241366,0.36999955426128045,0.41278706624660344,-10.96425199508667,1.6102938652038583,-8.789693355560303,1.1118381023406974,0.40354597568511963,0.4725733995437622,9.807625397441267,0.11717285988585058,13.29874813265927,13.966427995421785,2.5,2.25,6.388982815640404,2.0645201297232827,6.337437227915764,3.443750016516105,0.2996172174005479,1.4923180558344238,2.6889502882805574,0.7366470262671543,-0.8971031539113028,0.2555074160918593,0.4488958664273385,0.39835421781153324,-1.8881193995475767,1.2387229800224306,0.1500721089541912,1.1245309859514236,0.5008187368512154,0.5030088871717453,0.9928908266808202,0.251415930339876,13.427065632575037,13.137588091832985,0.75,2.0,6.829671273984863,3.476159233532284,6.355107537892188,3.7077259448226347,-0.16693496764806598,1.383031929113259,2.6977460667042443,0.5338115719048189,0.5570988170766213,1.1978136785880906,0.4673510044994074,0.31405996100677425,-0.9342189878225327,1.2059852480888364,1.789481043815613,1.4435321986675262,0.543963834643364,0.41567945107817655,1.1629205413910708,0.6706376480529992,12.58669316276779,12.541074454718057,0.75,1.0,6.893882548192583,1.8506191395302918,5.72794287637919,2.976378480332242,-0.9337875877510229,1.9626586948167581,2.495044238615677,0.981965635795775,9.929134821519256,0.055032792501150674,0.3631230875946868,0.4520678528110688,8.99866247177124,1.2181167602539054,11.140732288360596,1.5724163055419913,0.3790172338485718,0.4841479063034058,9.938216537681141,0.05887585696951092,13.36354133726881,14.516354786717915,2.5,2.25,6.253897134937642,2.3810588148314156,6.3233279222692556,3.4836540197139736,0.34709998590963276,1.7392675278692917,2.729824965357481,0.6921530040389319,-0.05563235026594855,0.35105349764994004,-0.0828824443644964,0.3837781136923074,0.09440872599727565,0.4212759113441967
220a17,-9.173241236247122,0.26193114300258546,0.8544424398292523,0.35659758116557033,-11.721262454986572,2.017439603805542,-6.983255505561829,1.0152151584625244,0.9843809604644775,0.5279241800308228,9.236739787061396,0.26312241433594075,39.93618917828353,23.69708545280905,3.0,2.4375,7.583585552728808,1.4368721033772878,8.188594492462386,1.873254665709887,0.6906585687136619,1.3427269520908522,3.1216262393444234,0.42354361382978234,-0.8730625428103878,0.3303097512729209,0.9665036550383261,0.5934197308316607,-3.417588531970978,1.9492746442556381,1.4632866382598877,2.0931283738464117,1.2499123010784388,0.9541458295425401,1.4085977948521757,0.5112795665848385,40.95958481699633,26.983017938728636,1.5,5.4375,7.95206121816425,1.6571953087779114,8.289527747916377,2.437358217353026,0.22642630897750746,1.6959344755814878,2.874997349119618,0.35435037592359775,3.0280552421463653,0.8059285308081598,0.8067214677610435,0.33667012036193444,1.2098687887191772,1.537107982672751,6.27220618724823,2.1939828395843506,0.8793830573558807,0.42001505196094513,3.11819829208924,0.6922970533684174,44.85849008504858,29.518183230807885,2.0,2.5,7.46352135031444,1.525417710674697,7.489598677220436,1.9005508748963185,-0.10118766705647886,1.465078905781286,3.1990408534849593,0.5708372568312667,9.791166278067976,0.12012677360326052,0.8230555550887737,0.4472506275908598,7.892756700515747,0.8935471177101135,12.696884870529175,2.3202656507492057,1.002353847026825,0.7279210388660431,9.842459978273133,0.15851929965904077,40.95110779296573,27.536395470220754,2.625,2.0,7.541110843776186,1.7080911816728142,8.250443159534894,1.8410846441678528,0.628431374639987,1.0580246841347059,3.1079799738231304,0.3981732187145992,0.01862033982931885,0.3087127983249549,-0.12046182179797926,0.4629685767041144,0.17377666680236376,0.2537606249268627
231c3b,-9.61252458812669,0.1777381831780076,0.8541219803056508,0.6551986879486997,-12.633067607879639,3.2048784494400033,-7.6700639724731445,1.0507925748825073,0.887661337852478,0.674662709236145,9.656538488984923,0.18628030482167102,38.28499760029687,26.190767027367503,3.0,3.0,7.3203100617276995,3.126273154447461,8.231303938995005,1.5788959621559036,0.6024245998865106,2.026907770139413,2.9276162173684055,0.6006730776870837,-0.4228323744708859,0.3838070915141998,0.8850047220208034,0.35442637871351335,-2.595008969306946,1.1786873042583466,1.5873537361621857,1.1140867546200752,1.2471849685534835,0.6477026911452413,1.050066347096236,0.3985768512229912,28.85583751494166,18.542003997893246,1.5,2.375,8.213593374197078,1.2196923246112794,7.996715133405791,1.53478162657282,-0.046098376908373956,1.4042633481493252,2.748887184983868,0.46154661612140346,0.551343722931847,0.5559686022324967,0.6571280490284539,0.3752365405912299,-1.4114156663417816,1.9427181296050549,2.6399842500686646,1.4019897431135178,0.8272800324775744,0.5473541617393494,1.072104767364818,1.0096214737439362,28.805833859520373,22.93674203510284,2.0,1.8125,7.526712221785527,1.8840567712228133,7.188300353878592,1.266510164107332,-0.3485841116005426,1.9648682075968256,2.938602739320467,0.6444588189248361,9.74355986341834,0.09755208808928728,0.875431437869413,0.6570620215885792,7.807497262954712,0.9825180172920231,12.848333597183228,3.412417888641359,0.8656344413757324,0.7397387623786926,9.782141166767182,0.1438761074650845,37.419351059330296,26.249882299455543,3.125,3.6875,7.212327668021275,2.9388212617792018,8.263023546959076,1.5758025919841283,0.6572261297365811,1.9533355430725128,2.9171483438043584,0.6382045898837476,0.06243171388052278,0.30106008783806537,-0.20172584916556793,0.2787044320282893,0.0406728108844785,0.2445752973719913
242a3e,-9.456669612322003,0.1108623375184834,0.6923873271603342,0.4913139817068063,-11.587265014648438,2.3165916204452515,-7.7606412172317505,0.9031562805175781,0.8352166414260864,0.6121894121170045,9.481928662276207,0.13430427665579536,24.29838546809322,17.34609598944212,3.5,2.0625,6.89862336976278,2.1843638784041475,8.106801416379906,1.535024943075301,0.8983368443603905,1.5436694843712742,2.7046625829473543,0.4055779576202845,-0.4372705253394997,0.3022829965655093,0.7849018499771085,0.29727928065861514,-2.3297085762023926,1.2577511370182037,1.4710166454315186,0.8860568478703499,1.0303684584796429,0.47541731887031347,0.9795905066370654,0.24318357786823352,22.33702157962852,14.53144785717627,1.0,2.0,8.126215089707088,1.2923498070108201,7.526539587488859,1.2812284812535748,-0.3578751314625944,1.5847342056865308,2.7223458604823563,0.6876040710927329,2.212170372282344,0.4167392941317303,0.6480601907818002,0.513998701387038,0.37426251173019404,1.4069623872637749,3.841024339199066,1.578118622303009,0.7990472614765167,0.5277381129562855,2.3231125293862074,0.36721222768871,25.488393837869943,22.309767043028607,1.5,1.5,7.223827501711938,1.8215597358327775,6.966725799823903,1.2954319874736,-0.3178299977797056,1.360236503896088,3.047541707869396,0.49184239251401496,9.802488086745143,0.0637589693069458,0.6861434999073139,0.5570432080363172,8.264265775680542,0.8153754472732544,11.968655586242676,2.450217366218565,0.7876397967338562,0.6756798624992371,9.826166476187456,0.09875527253205618,25.590970863535183,19.651753267488832,3.5,2.1875,6.709440115030797,2.472563717835226,8.086132369829514,1.4940953259963408,0.9781071063520581,1.5187938465718678,2.7425597410373292,0.39811234370908033,0.1280481436499633,0.33513200325483017,-0.06470068528811959,0.40098870788177615,0.13583551853493508,0.2988428603099686
24a59d,-9.456716891378164,0.11642234958708286,0.8684334878357046,0.4304207244353646,-12.165494918823242,2.3559961318969727,-7.609602451324463,1.0033788681030273,0.9004735946655273,0.612079381942749,9.499300502274837,0.12091712725147374,37.92129071681288,25.085120090932577,3.0,3.25,6.843890995037856,2.7621601188035427,8.277610665478052,1.4255424418538274,0.7986926518423909,2.1032553520375896,2.923479847612088,0.5919607053977978,0.7222646288410033,0.27187899406908406,0.869243515717102,0.5309323509510804,-1.4756293892860413,1.0689757466316223,2.8838987350463867,1.7504713535308838,1.0694629400968552,0.7144960779696703,1.1534709064877644,0.4522853776760456,30.085650936047138,26.65833666273541,2.0,3.25,7.923823758989911,1.2799050756845958,8.170557977730239,2.203170097501438,0.213241307737503,1.510253776096207,2.7025556248781424,0.3735671626836168,1.840466655587079,0.4425047258846462,0.7508029505017724,0.31744964355940986,-0.06487135402858255,0.8560872375965118,4.399750709533691,1.278719186782837,0.9874528646469116,0.5078349262475967,2.053576049102676,0.5133506061390136,35.35910569201888,23.401944164900538,2.0,3.0,7.471266558183759,2.161765710851828,7.486820849666047,1.3587372632348753,-0.3769986629393484,2.521282811784884,2.794729389440352,0.885912107398183,9.770473454147576,0.11170620284974575,0.8665339486501922,0.4800321392984488,8.005946636199951,0.9428961277008057,12.684280395507812,2.380248546600342,0.8158657550811768,0.693239629268646,9.809533682232855,0.15575756095643456,39.69203345847814,27.096063752308563,3.5,4.25,6.772988790063495,2.728549987513528,8.28023507771355,1.4218962035752973,0.9593642304669908,2.1020073859253943,2.9228607312012005,0.5054930465584184,-0.11010505639429849,0.3970013434509121,-0.0873568411361611,0.33791039384049654,0.06771362605930245,0.3244142099378059
251738,-9.562823313754052,0.15087654814124107,1.365714463427199,1.0292502062888726,-15.12081789970398,5.86126446723938,-6.254387378692627,1.6399005651474,1.5061386227607727,1.2570397555828094,9.652449673930173,0.2927777186885301,66.36722065283308,53.09689184652253,2.5,3.0,8.197662549095776,3.3082993085657457,9.36695552100317,1.5871082903364773,0.3845221097238387,2.250078934397359,2.8686976675705638,0.3415633525282511,0.5147270331221989,0.3022614996173658,1.1842037283212759,0.48678675268936933,-2.703188180923462,1.5224851667881012,3.4662249088287354,1.828707754611969,1.6185185443609953,0.8105106586299372,1.3139167340305076,0.47587275900149895,46.40506962067403,32.215518946961424,1.5,2.6875,8.61188505076862,1.1946872096929346,8.817027105628892,1.2705742913858438,0.0780493312142227,1.214783280120944,2.879108536420089,0.5263070442012321,1.3693865812269905,0.48966006175766097,1.287209264861028,0.9949440892684566,-1.517764687538147,2.720418632030487,5.546267747879028,5.387457013130189,1.345854270271957,0.9079236821271479,2.1232061042723753,0.9722697152381539,64.37467704198785,74.4747888673063,2.5,2.125,8.589885908299777,1.8477744766716513,8.160847363489093,1.3188544725984541,-0.4605604356550125,1.3507622949182156,3.1562961204732485,0.5514606313248662,9.815183388069272,0.15351955965161324,1.3879523127946736,1.194923843063865,6.741332769393921,1.8667988777160645,15.610414028167725,6.353201866149902,1.4611866474151611,1.4039698839187622,9.906186329372957,0.28786725713487193,67.1944133089321,53.789017808783946,2.5,3.0625,8.088553561520461,3.33122266419925,9.411951703321646,1.59420943796552,0.4269755425441179,2.301376578323926,2.8200383984228425,0.3988661856577802,0.010120522644214,0.27155298152293705,-0.04845709896336815,0.32604872029634824,0.08297724779213417,0.24998134302775796
2a39f8,-9.471979680471122,0.3838821370154619,1.184816957753847,0.5714778017145801,-13.35697317123413,2.2415738105773935,-6.739628076553345,1.3582351803779602,1.224828839302063,0.9839884042739868,9.552481074791967,0.4170255572544974,46.42451545259005,27.037483042192306,2.0,3.5,8.45170367178493,2.7829462145867785,8.934511093487245,1.4604088846166774,-0.21865239231286776,2.2047978309026552,2.722527922116584,0.5875490784552162,0.559492519354535,0.5456994728731388,1.2577952874117737,0.6493455249757599,-2.8699424862861633,1.8732477277517319,3.4656808376312256,2.6537925601005554,1.635004771873355,1.0090035605244339,1.3530047392267455,0.651527752330713,46.15918817067933,34.18040688823103,1.0,2.125,8.853732346146671,1.7481459166622644,8.236969619839561,1.97215705386007,-0.3243525402845408,1.4930283245436429,2.8170589104466437,0.5567702229890457,1.497542560248803,0.985249538158314,1.1036292880134921,0.7428842129756308,-1.3808513283729553,1.841436628252268,5.111374139785767,3.293310880661011,1.4232223508879542,0.8171592482831329,2.256012790668108,0.9691557261963881,36.206209932946834,30.87631390814312,2.0,1.5,9.061520405554962,1.7140050212234894,8.041460985233284,1.4873331328538253,-0.6763278084277828,1.6010166335822507,2.642198557408965,0.6266364101062243,9.779720515944064,0.16851594066247344,1.2028097303197092,0.6385364637172499,7.443244218826294,1.4067434668540955,13.673988342285156,2.77693510055542,1.165880560874939,1.0992303788661957,9.87145449571678,0.23650253006932154,49.84504063360251,33.640308307293765,2.0,3.0,7.9122829225100615,3.097385737266756,8.910648685505674,1.5072452668912444,0.204885800758338,2.0688248033888854,2.8523513990028073,0.6266319775691276,-0.01617555648088495,0.2551340922876246,-0.14041302255888344,0.46958310358448563,0.05289177427147317,0.3663029785043266
2c98f7,-9.572980642318726,0.24428003374487162,1.304515733247141,0.6415683471271891,-14.183393955230713,3.2482266426086426,-6.928420066833496,1.3658214807510376,1.427741527557373,0.9410618543624878,9.672667306973779,0.27475549553139267,54.613511919123376,33.79671118073553,2.5,3.5,7.991162585957785,2.7194434940660575,8.887064076328429,1.0835032918285918,0.4805560431118466,2.6145342835267416,2.84443404357384,0.525148384120941,0.0013770943014606,0.3291378344411733,1.4361877903593783,0.7116771296136453,-4.011590957641602,2.45263934135437,4.373860359191895,2.065325021743775,1.7194296531379223,1.1970807071775198,1.6337293213647284,0.6200033155477997,52.96052549210437,39.92823179741908,1.75,3.5,8.762727634238164,1.2939560592164785,9.084939611768256,2.1756163335142027,0.14961850111518374,1.9014045416869385,2.7254843135025353,0.39985048545111157,1.543435183732072,1.4606593217476984,1.1635220559394275,0.5187143462585411,-1.630518674850464,2.452219009399414,5.008552074432373,2.3090481758117676,1.5153785347938538,0.6905861482955515,1.985573095695235,1.0027646890858604,52.18880731661321,37.81891666340016,1.5,4.125,8.164535809522546,2.452866314955476,8.504352022534304,1.6492999833818232,-0.1404165291604379,3.095072226785273,2.8979195614186413,0.7420883587856797,10.007267536595464,0.18671139609068632,1.312488624203896,0.6948208620091842,7.313246250152588,1.1772165298461905,15.119441986083984,3.8420138359069824,1.3446404933929443,1.106415152549744,10.0952472715228,0.25893775100800553,58.51619885315724,34.75998135807632,3.25,4.0,7.883873758692333,2.6806363939019136,8.955875263890137,1.0867589456257747,0.8274710283961302,2.6255211038164994,2.846937631192776,0.47106988299699326,-0.0144032664116918,0.4632986325916586,-0.1331474475541427,0.2745633328050062,0.1054794444312102,0.2787958985374628
301ada,-9.673283867537975,0.20245617954060435,1.526190513455992,0.45182220726034195,-15.689316034317017,3.4048047065734854,-6.538024425506592,1.4194962978363037,1.5242681503295898,0.5654005408287048,9.802464634388137,0.26573294142713255,76.13765587469163,35.083653299983006,2.125,2.4375,8.715115555226502,1.527386583824354,9.200453638791497,1.1217529501028958,0.034387974754075276,1.5851942491590258,2.9832231151393995,0.3132611140219259,-0.23521211920444787,0.41298365123844155,1.3085084393009192,0.6238368573478685,-4.1384217739105225,2.2066214084625244,3.1477352380752563,1.751926898956299,1.474333235877566,1.058938983362168,1.394177963112408,0.5970534599238471,59.685627850630894,33.51907271175808,1.5,3.8125,8.243049935618469,1.5936140414743272,8.945012616982666,1.2671883887107764,0.21077905145734827,1.2974080029391888,2.935415444596489,0.46917389910515417,1.7609754499330847,0.6061524176978992,1.3377138548207004,0.47455407532513805,-1.4336457252502441,1.732098251581192,6.9811848402023315,2.683045983314515,1.3300792202353477,0.4937944673001766,2.387573224117106,0.5195425777332121,74.8937774250013,48.13420496239162,2.0,1.1875,8.86790388461653,1.612191469781492,8.190399987329872,1.173428952177364,-0.7634853935448284,1.2134252733764228,3.0142815667808733,1.1397924061858842,10.033933498430997,0.15209341840818436,1.5827087727462823,0.6150808549435733,7.174614191055298,1.3213892579078674,16.40223503112793,3.6476160287857056,1.5347493290901184,0.6579678058624268,10.182387462241893,0.22521297507693117,78.27779225623831,38.392875848411684,2.0,2.1875,8.834664096761287,1.8002738576537824,9.292186438856056,1.2274147754666105,0.07131757060601214,1.3624341398329434,2.937263776766837,0.3960836010039006,0.06249526534740388,0.30312930696384,-0.26297488704256217,0.3781082664513934,-0.03582130621670707,0.22593822782015577
312788,-9.614003203809261,0.08354002027772456,0.4492774995124894,0.4501763843827957,-10.702099800109863,1.6236102581024179,-8.47444224357605,0.882046103477478,0.5160652995109558,0.6125889718532562,9.631059951573475,0.09529459974668963,12.954150642951433,10.754074349214104,3.0,2.125,6.483438799959824,2.2244884004519183,6.890813999166172,2.255993397608673,0.5786235228513139,1.5762827418641367,2.531102255371022,0.48196669606102494,-0.5017480844496163,0.39243835390192333,0.6943693813295008,0.29116771839645805,-1.8073204159736633,0.7597669512033463,0.787769690155983,0.6499502398073673,1.0550740302423947,0.6626538159325719,0.9438559580451819,0.34715618777733775,13.480064529670805,9.765977191009604,0.75,0.5,8.257130329158855,1.3103486671752687,6.671991379618936,2.0514294994415763,-1.4513436323620734,1.2073699255576604,2.034276870127127,0.7547635905674307,1.683378106409691,0.578074631911015,0.45192274222683926,0.5161652419911116,0.5023455321788788,1.48362636892125,3.268147826194763,1.4901758134365082,0.5616994043812156,0.5224270272701688,1.936176266899864,0.3901272683921706,15.991578319402223,11.808527305121586,1.25,1.0,7.0203712710967565,1.8261269332883359,6.412506136922104,1.8104257868258116,-0.8330825998814007,1.5818311197035784,2.7066105018912667,0.846803743530582,9.889694542624056,0.04538462869823068,0.4351552734274388,0.42022538420390343,8.866475582122803,0.8712834119796753,11.331666469573975,1.7478326559066772,0.4741399884223938,0.4821966886520386,9.898946329210828,0.0486917840331218,13.531671901367048,12.579976403314216,3.25,1.75,6.465726480839994,2.4850288276302117,6.992416719215679,2.293020871544438,0.6338996296817044,1.4835076755698078,2.5644042965838754,0.5277256901430103,-0.1300736961955022,0.28242642964045556,-0.18046861056534855,0.27613211147323186,0.05196453008664313,0.3395296778971667
31d269,-9.289702924899757,0.13895363733172417,1.121706320265414,0.6152833989355814,-13.307666778564451,3.0091307163238525,-6.692062854766846,1.1504483222961426,1.239023208618164,0.7759685516357422,9.382449180934808,0.15495151644699234,50.1127494858471,24.567032315237654,2.5,2.0,8.26638044068016,2.166467485577802,8.708540429324561,1.2116313444804554,0.27594508210814167,1.5863760612697388,2.883777140076017,0.41145077095642657,-0.5680876143051137,0.26784841247513214,1.083202533573952,0.3585550904151592,-3.505413293838501,1.8074140548706055,2.117139339447021,1.208437815308571,1.455007120966911,0.5913504445925353,1.3466744043476664,0.3436996765993916,34.83786703726484,20.200286444518646,1.5,2.0,8.50093754200994,1.1932401853377854,8.420894038852257,1.1006078391246854,-0.1125351451375165,1.3218144725734766,2.722427461600699,0.5312765646283903,2.685145431663841,0.5458834536839277,1.1094499333883308,0.7348888134006435,-0.0805222913622856,1.6948556005954742,6.416100740432739,2.7789530754089355,1.3513298034667969,0.8417386263608932,2.9036964023248446,0.5762900998612439,45.130368318396606,29.999583672709022,2.0,1.5,8.853538973149497,1.9719191536851897,7.877281026190623,1.2393151343100364,-0.5373993189996242,1.115027131121424,2.991005274009446,0.4948788360195002,9.798638977110386,0.09839608892798424,1.2253893976040509,0.6782593152020515,7.184820175170898,1.1422628164291382,14.250791549682615,3.823275566101076,1.267815113067627,0.80306476354599,9.84958281137894,0.1959333445394975,53.05274258076771,28.520471677743068,2.5,2.125,8.181296524142878,2.5368648301763166,8.838724942139857,1.2033041920050742,0.444201794575277,1.891879153061178,2.8856145200686525,0.4255686635787632,0.0989524452980474,0.35460430959878625,-0.13274290624544666,0.38932917465281575,0.00448577108084785,0.2759137251816334
364459,-9.539233531802893,0.11383026279509245,0.8369666523029229,0.44920818965793863,-12.070463180541992,1.4378037452697772,-7.251932621002197,1.120091438293457,0.924614667892456,0.5536236763000488,9.586419074367408,0.13639665919228605,27.569405954039073,18.097515370857117,3.5,1.5,7.1464589033348425,1.2571420134993447,8.20997232396805,1.9298341920207935,1.1908439290421726,1.906523884741539,2.658293038961992,0.4164257537831326,-0.36505224643360634,0.30034935514095196,1.069061531624912,0.31328580420100793,-2.7369191646575928,0.9584012031555171,2.0202677249908447,1.3771781921386719,1.5219122506678104,0.5587074434151873,1.1885072102700671,0.29587691146695394,31.162882974504168,17.457179405406038,1.0,4.0,8.460854133991502,1.0667779040690757,8.564352015155883,1.3098622548550765,0.0679375238266987,1.5166912524868241,2.6021179572736446,0.4580576887286707,2.2899890393018723,0.4503463954315521,0.6386665638787643,0.25936779954731515,0.7040497064590454,0.9487905204296111,4.535040378570557,1.5707050561904907,0.8018750548362732,0.4448687434196472,2.49699878918435,0.4379585771766781,26.49530190568341,17.03681345350691,1.5,1.0,7.767342779788386,0.9918091487875937,6.911495519221246,1.2292675866183513,-0.8167816185445611,1.0906379651543427,2.8722898804975285,0.6561635308239606,9.92909411340952,0.06993730366230011,0.7822183438552828,0.4323514612042273,8.016698837280273,0.9989309310913086,12.342993259429932,1.369089126586914,0.8603537082672119,0.5483477711677551,9.95682347829126,0.07958510752586889,28.42207856350617,17.71675116103126,3.5,1.5,7.247432510245343,1.2294646583452842,8.273239442478115,1.7620614032295405,1.216039278118583,1.5733276119709898,2.7368553405324922,0.3736434388625214,-0.002928638585247,0.2285656108921113,-0.069237670988365,0.21927740278771748,-0.1704801763123995,0.2906507194755774
3b2403,-9.180261535570025,0.15149300917983144,0.5297819660606038,0.7288971238900388,-10.501669883728027,3.0296876430511483,-7.862762808799744,1.4618175029754639,0.6077033281326294,0.6410230696201324,9.216975339149363,0.19654082391430983,14.611045318746566,19.657859601981112,3.5,1.9375,6.486881814510745,2.125018884165292,7.3773896427609404,2.6101433810773593,1.1153962148743255,1.2571686051646986,2.5948293626583254,0.2957607132508826,0.024002296649257477,0.29992532958800666,0.7982214742727061,0.3427937751724502,-1.5362669825553894,1.1015011966228483,1.5262489318847656,1.1192812472581863,1.386307935230434,0.5387520720250905,0.893243782808421,0.3371561611539675,12.21534621720052,14.190743785560544,0.5,0.5,8.682042686382513,0.7725111997035867,6.968471422923872,2.2943903969608566,-1.3142375486321414,2.0599265761528986,1.8511977687579386,0.796899652952175,3.4511516575003043,0.3262993091775568,0.4456866641274678,0.6024329170130249,2.1471527814865112,1.1871039260877296,4.657585382461548,2.263757288455963,0.5326386988162994,0.7787768729031086,3.507568185721736,0.2843067593641777,12.691255057406275,22.139936923945825,1.5,1.0,6.760203850788782,2.6501591275972753,5.871338201542124,2.3851833893740797,-0.5698439843129866,1.0715464634874055,2.7891031335950176,0.4919852171624255,9.839462539181113,0.07965779094956815,0.46172818653230885,0.7451074057448478,8.728054285049438,1.2818268537521362,11.1650972366333,3.3356642723083496,0.5288927555084229,0.5434838235378265,9.851512782311238,0.12360734711606636,14.625254631746046,22.591883591271703,3.5,2.0,6.147223078948736,2.22573959588178,7.284843000300418,2.671024144037037,1.3546392614548401,1.0189585897171298,2.66378877085367,0.27077432409574964,-0.010213940028398101,0.27285151569828825,-0.0370065358958963,0.4321436180488445,0.1546519188516243,0.3979520993694393
3b2b7a,-8.876281826756895,0.14305459521710873,0.989715611662764,0.9431555086793407,-12.39796781539917,3.665642976760866,-6.521454811096191,1.7091747522354126,0.98822021484375,0.9765196442604065,8.98224549988562,0.19536630433437985,38.56954969716352,38.20436817576791,3.5,2.5,7.521661778268946,2.27451303097489,8.625403199888124,1.522594413137048,0.9757433617995316,1.268451440976052,2.787047251594328,0.33026452203128764,0.2767723877459502,0.26999253098925635,1.1361694802196147,0.6478317434968498,-2.463940382003784,2.628222793340683,3.2763668298721313,2.6788253486156464,1.6798642873764038,0.7501218356192112,1.19538710424783,0.6254250302451099,38.72562134874615,42.91097744636663,1.0,0.5,9.072432139608107,0.8182997236769314,8.26994301954032,1.9791806218183394,-0.3183072623761867,1.5939253550568782,2.6683502861686907,0.6404925818040708,3.940767839550972,0.3179269460524665,0.6912045595321525,0.8596192076058726,2.2213871479034424,1.7714467346668243,6.367489337921143,3.0662665367126465,0.8233959376811981,0.8198950290679929,3.997790272798719,0.36356598016956765,32.49205158117148,47.69150298881611,2.25,1.5,7.591351623423463,2.016766134502781,7.512828914396568,1.6354840818243268,-0.10091547956163704,1.0180661332455767,3.0764618449255283,0.33676534353326426,9.808822559192777,0.13397444970905603,0.966345344765432,1.0047060188123997,7.677495002746582,1.6383345127105713,13.363001823425291,4.120965003967285,0.9714534282684326,1.1366527676582336,9.85833925319998,0.2315515198456346,40.100375103684655,40.218897804408115,4.0,3.0,7.356068442665892,2.9719497599207303,8.678836500232348,1.7416463097019976,1.0239148571857193,1.7892507237260824,2.803217273453207,0.34857647810596726,-0.07762635762852915,0.27436678640788115,-0.2225810900874055,0.29925188151882204,0.12333066805486584,0.17534546494464975
48fd62,-9.340845666825771,0.17745160311460317,0.930918571671207,0.4305387895500945,-12.587920188903809,1.9617557525634766,-6.515584468841553,1.358306407928466,1.065865397453308,0.5511915683746338,9.402107159303712,0.2053130631656277,53.46236251349677,29.179699655237762,3.5,4.25,7.326154598100522,1.254088398850973,8.310541996872484,1.2719536105767046,0.9807220079727508,1.1064206948228557,3.148826586680854,0.2912390941124898,0.7670312626216855,0.19275822467807302,1.0951707003832163,0.38587345940547246,-2.2338658571243286,1.6465331017971039,3.779321193695069,1.4863275289535522,1.4040019605308771,0.7970998212695122,1.3229047927829665,0.3052532690293841,52.632579407101474,26.898091322411034,1.0,0.5,8.429126056011851,0.7722488851058191,8.266338822663599,1.0110237120964793,-0.3628247944354772,0.8835621498735107,2.8956618056018275,0.3947900782674605,2.895042363088578,0.5253713368183526,0.8292025367669476,0.4391256175337783,0.8323018550872803,1.161366194486618,6.476420879364014,2.093547821044922,0.8014894127845764,0.4452295303344727,2.9980331815299794,0.45299224055931653,53.29762774549214,32.64619222810412,2.0,3.75,7.199808862386021,1.72358904526169,7.689380326783462,1.0365025909104837,0.0628336017895556,1.3473079542470734,3.2587693423008526,0.4867922797231605,9.90958452038467,0.08274092338979244,0.9446031382505344,0.48143491842077324,7.335411787033081,1.2024891376495361,13.644782066345217,2.4372506141662598,0.9985190629959106,0.6145967245101929,9.951792088919229,0.11465918091129979,52.81091667653142,27.01153027845136,3.5,3.5,7.410893585217774,1.631431901382003,8.385851876564317,1.3789387310709476,0.8995966536972437,1.0977669130454581,3.077548678342649,0.28505353317995397,0.0464358800029902,0.3079482251775143,-0.0728040402280904,0.27243442553623703,0.03104933708812925,0.2540404942263764
4b39ac,-9.769955324940383,0.3179620758164674,0.7928436279078581,0.5047318084518397,-12.45628023147583,2.180970311164854,-7.92063581943512,1.1091325283050537,0.7085553407669067,0.5598914623260498,9.805499385317958,0.3582699738902404,27.21620593076967,15.055023772585043,3.0,2.9375,7.373664457425067,2.3562350108936356,7.86997492785731,2.5556390472387904,0.5703410604801956,1.2065008558970343,2.7448660389585795,0.4387041725343983,-0.12534319810629305,0.3538519235559647,0.7540819840888409,0.35776439675185906,-2.2261443734169006,1.656565934419632,1.828054964542389,1.0780651941895485,0.8703169412910938,0.6012103911489248,0.8376571582272964,0.31216182469989917,24.03217810607342,16.29725550038572,1.0,3.875,7.624000463755448,1.7902923705880305,7.768793370168256,1.9568563013207383,-0.0753735714046184,1.7751503260944173,2.770564491006459,0.6188338413971832,0.8335004505917141,0.8400933472347561,0.7135136217369477,0.40963757559615543,-0.9702441692352294,1.5817060768604279,2.866329312324524,1.194575309753418,0.8938638493418694,0.6189083075150847,1.5025775374477874,0.9894147298759906,21.162793668971453,11.487568336678844,1.5,1.25,8.101352430722603,1.8970724648858144,6.891766175204561,1.9593325874675727,-1.2184859434682314,1.2965122217469702,2.381909292625886,0.7058120104832115,9.946370621211827,0.0682302676141262,0.7690537237024762,0.5094084229523377,8.35371208190918,0.9949361085891728,12.80191421508789,2.260339617729188,0.6992266178131104,0.525679349899292,9.973798585216773,0.08894450786082686,27.530506934247086,16.004793811073167,3.0,3.0,7.246398263839236,2.5979539901056374,7.874716036251234,2.4550166282766837,0.6244581281686417,1.3485046545482229,2.786501939705526,0.47976927164733607,0.0181600661653255,0.3054740678420963,0.0304649975191447,0.32520845660418457,0.023750234792650052,0.35453004323199944
4ba1d3,-9.566504029091448,0.10928091942332685,0.8942758686233132,0.5893270921861595,-12.447145462036133,3.2141098976135254,-7.596673011779785,1.1071902513504028,0.9440187811851501,0.6784299910068512,9.598545003220499,0.13673375031609325,37.49627820552919,28.96219812930398,2.5,2.5,7.429196858100418,2.032543492041774,8.14067963506957,1.6903759113047214,0.41707716947013773,1.5418637328767115,2.8010409360743727,0.42856827879089066,0.3394990387134129,0.26065425477946746,1.0816785432497626,0.3559359139829582,-1.8125227689743042,1.0533811151981354,2.8080824613571167,1.427781343460083,1.2911757386755198,0.667014000180643,1.249362628476216,0.3774939608745511,29.403149865763744,17.767542854053985,1.0,0.5,8.835600093355351,1.0694529281311986,8.193749125208125,1.731808444794471,-0.6850940404763867,1.063401841704588,2.439713043572424,0.5608589085756763,1.0763280536280035,0.654810020921559,0.7479513593784697,0.5115197773613317,-1.0269452631473541,1.9161033452255651,3.427681088447571,1.7327620387077332,0.8746081488206983,0.6729882662184536,1.4924104581298816,0.46447531804405884,31.853212471172156,22.529365783566234,1.75,1.9375,7.787083769881845,1.871378988077749,7.433261340907205,1.6219599301188374,-0.6483193991176666,1.3441446888102404,2.7790669830810364,0.4854802593989225,9.758733139373362,0.08531889296136885,0.9125793442142308,0.6624050292520348,7.86046838760376,1.1184391975402832,12.84721040725708,3.51277494430542,0.9388611912727356,0.7394785284996033,9.815784836698938,0.14032401839565534,38.72917574955467,29.332169212336943,2.875,2.75,7.295764216544433,2.3733233217742344,8.200042400609382,1.66162892363504,0.4579226134955832,1.5620001907596617,2.801705815890511,0.4008336569277564,0.07213708745335642,0.3548506715968023,-0.2959697226573659,0.3306096234869781,0.10864598269748722,0.3316652530072035
4bb5d0,-9.498150393366814,0.11467052251100363,0.5288887437850753,0.2803923390932764,-11.491750717163086,1.348276138305664,-8.250955581665039,0.5801389217376709,0.6011679172515869,0.35628587007522583,9.532087161168702,0.12078882393333679,21.837507545030697,12.742504682363055,3.0,2.0,6.448942355090923,2.260234295890255,7.485359219264472,1.4280938738300044,0.8372702843651075,1.7710406147226807,2.745786092823916,0.3939775095811693,-0.3833397228645481,0.30794165281349706,0.721988585262348,0.1630861277158816,-2.0135393142700195,0.8362598419189451,1.0897560119628906,0.7566796839237213,0.9739510230720043,0.38292919285595417,0.8405447825068817,0.16889611375855362,19.271534854445367,8.847352894988976,1.0,0.5,8.269949156850036,0.822731457576988,7.235782668209799,1.2208553583168609,-0.8450662093231504,1.3606834374106518,2.368144786354065,0.5894629095789425,1.561393563868478,0.3540387576977082,0.5186985758973676,0.3654373727997406,-0.1147470474243164,1.7458614595234394,3.15742301940918,0.7974750995635991,0.6005986928939819,0.46678272634744644,1.7410927478021336,0.4045956452191637,17.214932225307923,12.088029638619066,1.5,1.5,7.026159509619504,2.022879300558426,6.632263146647956,1.6778496934033251,-0.3520248259079718,0.9780037130060857,2.6817250360074945,0.5030040145933614,9.719148201867938,0.04653918370604515,0.5287833477595294,0.26885484225503953,8.61205768585205,0.5679519176483154,11.83080005645752,1.6407594680786133,0.5800395011901855,0.3560817241668701,9.74105704863322,0.06225912443609971,21.658861341252376,12.838975590661967,3.5,2.5,6.379851970762058,2.163329302004361,7.471434491515467,1.4358975074373568,0.9230234166637316,1.5076070575420855,2.7578859727556413,0.3978641483432521,0.0421603077738129,0.28354841737643116,-0.1304229733425788,0.41415651087254923,0.122165958972071,0.3659158410362946
4ca9b3,-9.490389773156494,0.12408740911632954,1.040971521620493,0.6658571790335439,-13.083492279052734,3.6180944442749032,-7.228554010391235,1.1071156859397888,1.1929083466529846,0.7873244583606721,9.577800442890416,0.17854662255883902,42.63451329931803,28.026422523384714,2.0,2.3125,7.948779916217913,2.6800326239971604,8.452556413167525,0.9790229229712812,0.20929787636947306,1.7153302333644747,2.820538815112524,0.48587666691297393,0.5025741264043972,0.38110164341333064,1.085612798757397,0.403054669793792,-2.3906623125076294,1.1542973518371582,3.1457809805870056,1.2573600709438324,1.2388404216617346,0.6192650878801942,1.176133251699074,0.4085067360237794,34.70790510745799,14.777612128154368,2.0,3.0,8.312264334546786,1.223085500228243,8.635056792838803,1.1628096735864348,0.22385623882788835,1.276114196507751,2.649734522352029,0.40479849636049314,1.5402308279135468,0.5679584720489855,1.110893601121431,0.5528833538743533,-1.0835611522197723,1.2981100082397463,5.251657724380493,2.1088286638259883,1.26684776134789,0.6493105714907872,2.0356849823371204,0.40000038471641564,51.071266652487466,27.89906752281589,2.0,1.9375,8.559367143425138,1.7483935140725877,8.144253511813503,1.1006595912521622,-0.4091667345701261,1.5706805533957946,2.9106111984703955,0.45249622422671054,9.773517286404967,0.116492441855371,1.0609714795219376,0.7044095589517972,7.648920059204102,0.8959181904792786,13.844827890396118,3.486497402191163,1.188671886920929,0.7894010245800018,9.833183042532394,0.15026565839290296,45.298519682673614,30.788736278974874,2.0,2.3125,7.9331630165495275,2.6507436033807084,8.460865457138123,1.0679505339447908,0.06943614906552475,1.7947042075719912,2.8121170326739815,0.5071699022304692,0.10414862760246679,0.2921429313954394,-0.170516514811732,0.321571333725485,0.11723689106568275,0.2571948864057125
4dc2f8,-9.579996610060334,0.1299305334687233,0.9151739724017701,0.7839018497851601,-12.604913711547852,3.7603633403778076,-7.775007367134094,1.1063895225524902,0.8927558660507202,0.6620021760463716,9.594959174053926,0.14434610887251864,28.21718174571504,25.283520512832744,2.375,1.5,8.044823746885951,2.1324113095386994,8.219556773170595,2.433627888405406,0.3067298428446429,0.850514185679599,2.656918935735874,0.41538145983425667,0.6057785574863033,0.4734706133608597,0.8859782270474776,0.4792621805073374,-1.6853528320789337,1.7415296137332916,2.636127769947052,1.5886153876781464,0.9953571315854788,0.6293852673843503,1.1726680699804992,0.4365321643125508,21.827414450072887,13.721718467702257,1.0,0.5,8.56271319204427,1.4670457738892315,7.996769563397335,1.6383462527098893,-0.344208994321761,1.1310507707746078,2.499373420211435,0.5619812097257573,1.3625331859620928,0.49781802478901227,0.5879818335058926,0.48588249837061925,-0.20548987388610834,0.9361846968531609,3.7568057775497437,1.4730920791625979,0.7195858061313629,0.7426394382491708,1.7360410123581862,0.3934180537291505,28.536978556190146,20.79413866032747,1.5,1.75,7.274819600492668,2.2851468478420762,6.792406972356299,1.8847087504473046,-0.27465850049263196,1.7241846189218726,3.025267079192923,0.7334280302291676,9.759798549115658,0.10259118676185519,0.8683075052395872,0.7637310690336772,8.108659744262695,1.0637574791908264,12.899982213973999,3.7266393899917594,0.8065656423568726,0.5797933638095855,9.804229319968762,0.15191657993432628,28.300068388321616,26.76370622113044,2.5,2.0,8.011416439653527,2.009504933749162,8.229676256958754,2.4300780073440014,0.3673605875210325,0.7871309186822656,2.6565118934930876,0.3988733122271,0.07955296543853226,0.2927553795711644,-0.03887837902973685,0.2489289963472157,0.0056461026118253994,0.3083081726210825
4f13b4,-9.034842799417675,0.15427067410200834,0.6608634178455101,0.5653461958041595,-11.312673568725586,2.350427031517028,-7.395543575286865,1.1037203669548035,0.7406504154205322,0.6632764935493469,9.087145090325054,0.14389011448870637,23.51974243317214,28.48319372946883,3.5,1.875,6.997050207626822,1.858545487690722,7.6942139011003565,2.6949361734880557,0.9213678304894886,1.4150687543510572,2.6859288166797057,0.4234617455669609,-0.012112493913065224,0.24694974865667518,0.9335473469072757,0.5809351105313303,-1.927814543247223,0.9999680668115616,1.8362494707107544,0.677056610584259,1.4475521314889193,1.3672899128869176,0.9548618381700584,0.5262626512643185,21.714840114987794,20.013666150472147,1.0,0.375,8.85476317884481,1.5690599817645552,7.704396148620228,1.7476833838248322,-1.0595786454478138,0.7924763815947387,2.202337815907158,0.40162846257601903,3.5657836858881637,0.40135520091280386,0.543084319073414,0.3903012076246093,2.109612464904785,0.636613592505455,6.001251935958862,1.914764165878296,0.6059491038322449,0.4997565299272537,3.6260985582373912,0.4169107406926855,29.465229771016503,26.928535302486424,2.0,2.0,7.178302793088591,1.4017110832801412,6.827978948254987,2.111035883202061,-0.23661872400681988,1.4075036998994614,3.1254247234926917,0.7648746194353313,9.759277464356273,0.07383236940950066,0.63835201320706,0.6152292070423437,8.269304275512695,0.8986179828643799,12.32997226715088,3.1253435611724862,0.6759867668151855,0.7034561634063722,9.791279663841763,0.1153605125817645,26.776396733977368,31.221216744564906,3.5,2.0,7.021268863281107,2.2930864447649,7.71516579544978,2.70523396438721,1.0228848920268514,1.0567385742717323,2.8080713023865584,0.34939258554046515,-0.03497700016928003,0.24366388103360248,-0.24086789168562442,0.49995415004650634,0.0769035041279811,0.2766516673905315
51574c,-9.489492554217577,0.23560095485299826,1.0279842509647936,0.5708672795093594,-13.444397449493408,2.6023340225219727,-7.378364562988281,0.7365894317626953,1.0459063053131104,0.7544344067573547,9.540656291790548,0.27384373313626753,40.06009050122183,23.599140222692007,2.0,3.625,7.938772496937259,2.6678566901799856,8.484340622640989,0.8745783564582883,0.04732380319298165,1.7758700060038421,2.775173161918567,0.4880104743900122,-0.02521666361280945,0.4162095367732944,1.2891953178278013,0.36528925838887827,-3.4828323125839233,1.269549965858459,3.8477319478988647,2.0410451889038086,1.6367411129176617,0.8282644394785166,1.330347918148461,0.27974131425223314,54.39315976096933,37.606063290532184,1.0,5.75,8.716891299916696,1.5504470450897125,8.282170834121402,1.4524932725408108,-0.26628423657632216,2.126401024140475,2.858787521371643,0.5852202887677702,1.9701739785959944,0.304571542339545,1.004154958766131,0.4005364493678921,-0.2416436374187469,1.2589608430862427,5.860099792480469,1.908591628074646,1.2175096422433853,0.4027431458234787,2.3253166246798567,0.5721565753535636,51.085530055876404,31.321084967610346,2.0,1.0,8.548087208085214,1.0630392751419873,7.525998962433199,0.9829197810733925,-1.007216308203124,1.4387106790973931,3.0431902623246847,0.4746673495047591,9.84830095525831,0.1146152466535586,1.0328428005388102,0.6488796801117882,7.76336932182312,0.8679134845733643,14.048887729644775,2.585491418838501,1.049018383026123,0.9552564024925232,9.920633088339422,0.17712557447230814,41.140784035393295,24.250038498680016,2.0,4.25,7.926864503177834,2.8712042080217994,8.486919108562152,0.9685790877177993,-0.1457893345946209,1.861477207021154,2.746792034307809,0.5064817264940435,0.0639390695117344,0.2821700488246355,-0.3043490989942431,0.3173163626652796,0.07143131223673216,0.17686901790603274
516a67,-9.52178739476949,0.13838998740539044,0.8241545589036829,0.5637394545243299,-12.251551389694214,2.7879784107208243,-7.509621620178223,0.6587896347045898,0.9981593489646912,0.6539120674133302,9.564043305026495,0.17288021540168952,29.744634468112388,23.074835991703033,3.25,1.6875,7.6047823022632155,1.972746737845661,8.415029370097034,1.065366896278479,0.6155173119211726,1.26283739130751,2.6211033713406473,0.396944337923413,0.005088484831787803,0.27868523608348605,0.6807981618014057,0.18587947132353771,-1.611270248889923,0.5252715051174163,1.6551968455314636,0.8205831497907639,0.8961297208443284,0.38693999277893454,0.7453890192688046,0.17506255863635511,23.63871363638107,8.91768826007333,1.25,1.25,7.639228027931598,0.8666596935742827,7.478518887691085,0.9873871779056347,-0.16732873627923042,1.215663360277318,2.7352796820200806,0.4207075789918753,1.4149015953703952,0.8754395530375518,0.6121701650695277,0.32103910888209863,-0.5780076757073402,1.4756939820945263,3.1897283792495728,0.8143331110477445,0.7998855486512184,0.5385867385193706,1.6201750133211923,0.7229595003211593,26.705076721600665,12.232294211217594,2.0,1.1875,7.700286459959398,1.4195054924629562,7.030546901169047,0.8661107920117166,-0.7690844560057766,1.4563356435763548,2.5935440956468536,0.548630708147914,9.701094414573163,0.07019942975603044,0.8255291484925135,0.5767780460851446,7.799199104309082,0.7253261208534241,12.451078176498413,2.9337600469589233,1.0117568969726562,0.7078402936458587,9.742819348841957,0.1030135504607399,29.416387497853336,22.56307463974956,3.0,1.5,7.65864589962065,1.7621221865635452,8.438912655838143,1.0580080750259304,0.5822010913747898,1.1989167968473708,2.609506390956698,0.41744005653086824,-0.02459310454882395,0.2082659685490087,-0.15473915596467355,0.27332955837252604,0.07772106639027218,0.3085253358167336
54ee6e,-9.241468741558492,0.11820973362773479,0.6981378418276549,0.3810786971220612,-11.544545650482178,1.990873098373413,-7.727553009986877,0.6237386465072632,0.804332971572876,0.5026278495788573,9.259669306860992,0.14236491052422107,26.874684366099817,16.999746793509253,4.0,2.0,6.567127675365603,1.6868141907873322,8.121131909585138,1.5271426416487963,1.230684494621877,1.3773420329250365,2.7846547667306645,0.32581902933100015,0.29392157449376555,0.21042199615692425,0.80804188389295,0.20158936495543472,-1.4537794589996338,0.6439567357301712,2.067290425300598,0.9023855328559875,1.2811556290835142,0.5538298455066979,0.9058474066596285,0.260749499336772,22.9335683350292,12.004195922749506,1.0,0.1875,8.349873850618982,0.9373897593828047,7.600984034047945,0.9793571140579527,-0.8274719490690328,1.06515663811458,2.381781800229265,0.6261004084377135,2.760880774061661,0.3770838623167947,0.4796320257386776,0.41061791307521367,1.4454299211502075,1.1119734807871282,4.728881001472473,1.6805869340896606,0.5813682824373245,0.4053796976804733,2.9262483720317385,0.39409342722207064,21.768830914808973,24.706850823684647,2.0,1.75,6.832671002430795,1.6936009440335202,6.16644243807482,1.4915883567314383,-0.6273907301731931,1.3898425245535397,3.1743812121615385,0.4745732827912601,9.744179927743971,0.0478776090312758,0.6625866066676257,0.4083270182644959,8.244346141815186,0.7034671306610107,12.108253002166748,2.091631293296814,0.7792540192604065,0.5018132627010345,9.769567871746945,0.07441872526834636,27.636242919930275,18.603059704018904,4.0,2.0,6.352712311833852,1.8996371390860096,8.106175310965536,1.490661320105625,1.235460604338833,1.3505497832494247,2.8344807738596147,0.326256623127289,0.039400990595853724,0.3181942171831252,-0.190820569675765,0.3420029913090553,0.05525445687001395,0.31345650972144323
59f492,-9.726812595501542,0.06322549190372229,0.3853793099814536,0.4114575559033281,-11.219542503356934,1.7935943603515625,-8.858329772949219,0.6608800888061523,0.35782623291015625,0.34130293130874634,9.733845115109023,0.0645958310096173,13.227373090996664,11.24311170811997,3.0,3.0,6.0612463547839255,2.852573027804258,6.524862305091728,2.459718076270474,0.4565503678942946,1.5338043802663004,2.796872948136457,0.39411529109754717,0.07866457167438051,0.3214766584178505,0.574818710670122,0.3426375340541573,-1.231728434562683,1.0796225666999817,1.2806187272071838,0.7575463950634005,0.6636585243104491,0.641033215331845,0.6558673386059932,0.2824662023271166,11.736370888683133,9.631043146129098,0.5,0.5,7.399790666260642,2.1315198266650732,6.188061587921604,2.183701758833392,-0.867089373577079,1.941021902371975,2.195187691947959,0.9699059899799227,1.5248440667451177,0.3300895922620841,0.4691489576563353,0.4471619724905297,0.2034202069044113,1.363204300403595,2.837465763092041,1.3337460756301875,0.5520975701510906,0.6561297476291656,1.7155326991082767,0.2345575838975893,10.290303897181715,10.30689274315422,1.0,1.0,7.256652873023542,2.382099059599323,5.668025778369921,2.0011137741128175,-1.3395393383780474,1.0756602243663358,2.251922412499686,0.6230611340098613,9.900819469243288,0.04805804416537285,0.3859481030529184,0.3964209526259636,9.071100234985352,0.7566399574279785,11.339548110961914,1.8739948272705078,0.342889666557312,0.30619847774505615,9.907833086887283,0.060189931341502856,13.712994763196804,11.978689378267637,3.0,2.5,5.989048248634621,3.050128890966552,6.622346368770222,2.558233465989977,0.5640292319506687,1.4209000989950695,2.7859313174148816,0.3812529331818606,-0.0262608175444806,0.27884509874132374,-0.018556677665511,0.3338179487278363,0.04631768056029205,0.4812305333465829
5c0b8a,-9.626360683701932,0.1780143938958645,1.1980940715706152,0.6655362035461938,-13.946120262145996,3.1527180671691895,-6.6969993114471436,1.319232702255249,1.3369110226631165,0.6122007369995118,9.73650606498753,0.16803524533079628,54.13349858735427,29.568844130721462,3.0,1.5,8.362321350153316,1.413257438821498,8.878807788168274,1.7470454377197604,0.67149059539288,1.3528223569794204,2.9288314277964265,0.3422407117140043,-0.545822428415704,0.39205253425552655,1.4181189905574736,0.5366467666862517,-3.6358968019485474,2.548915386199951,2.745473027229309,1.9685100317001343,2.1755863742437214,0.8858066610991956,1.6528833167256565,0.6142550567341577,44.257672015012034,33.58155947743806,1.0,0.75,9.371416909457002,0.7969959159203102,8.953840051916902,1.333526196006813,-0.35996603514576514,0.877055074547332,2.5222572686189713,0.4414979867771769,1.7030455137373792,0.8933640488730816,0.9197683228099571,0.4205446529982548,-0.4181986805051566,1.4394130781292915,5.0573461055755615,2.6708900928497314,1.0415327660739422,0.5684083253145218,2.071582409101298,0.9121166725807256,36.821462983443276,23.37095298188283,1.75,1.5,8.092758978043307,1.0942733066926675,7.9079207055280865,1.4881569093818352,-0.1909963330100587,1.4162196756154324,2.9769030562728918,0.6359069434112905,10.006158431991935,0.10104489326477051,1.1967961252027495,0.6366520021624236,7.22237229347229,1.6511788368225098,14.30457592010498,3.2966341972351056,1.3410040140151978,0.6172475814819336,10.083049667966934,0.1564897883878542,55.34941286546628,33.85279069209473,3.0,2.5,8.268364331588291,1.4177288972836024,8.961577749538122,1.6254592562094108,0.6634659361471056,1.0673787600396312,2.9286400791172156,0.3369873273346202,-0.03596669131064395,0.32416832994698197,-0.1500522317904967,0.30293647928447354,0.17700736498964714,0.2976876685574078
66341b,-9.55053011700511,0.06418740004301071,0.5754726317859824,0.48336638037949275,-11.502740859985352,1.9764297008514387,-8.163734436035156,0.6839466094970703,0.6559826135635376,0.4349365234375,9.570958774503453,0.07497764097456106,22.636800687157553,14.955526305457003,3.5,3.0,6.455324965574155,2.2108285521089597,7.818705174605827,1.6319619275158557,0.8669142300173085,1.4749963358963125,2.77985065349284,0.34442186434272903,-0.14024617387502755,0.33351103464883636,0.8748744427686677,0.2928204870449441,-1.8272277116775515,0.5422037839889526,1.5740219354629517,0.7735832333564758,1.3612885475158691,0.6387577945715748,1.1077003940755648,0.24414144658373593,19.672818875171572,9.723239376767111,1.0,0.5,8.847038127450196,0.774362196436492,7.272675820857403,1.278079661848543,-1.4570842881543915,1.0759199838114653,2.0749317062202524,0.5562045677664742,0.8478033938072258,0.3751663754094351,0.5279704042817368,0.3296655646097199,-0.3630648553371429,1.1925256997346878,2.318574905395508,1.0937916040420528,0.7131055593490601,0.4833698719739914,1.0534872130149515,0.3555254409617885,16.712946311005354,12.602785210821718,2.0,1.5,7.261238063949965,1.6058037621377617,6.730157307783736,1.4488028479878938,-0.8696269607099536,1.6024132513147142,2.452401695698041,0.5052032279544121,9.678693436086178,0.052669072523711336,0.581650509480226,0.4641606251785824,8.452601432800293,0.6990704536437988,11.814969062805176,1.9344406127929688,0.6391421556472778,0.4397939443588257,9.698308077054431,0.08105616454894005,23.154538938231344,15.275207548440385,3.5,3.125,6.355742374517656,2.233496329008849,7.866144796999604,1.4835947519305188,0.9386063495062862,1.4171243320923197,2.795866515566747,0.35340166145015894,0.0268185915762876,0.21698966209631299,-0.17197448062515258,0.2427174545915675,0.17313207116903978,0.31965230924543603
69cc45,-9.663837276399136,0.5384925841353825,0.702268835569458,0.29900996442787936,-11.782784223556519,1.4988768100738525,-8.300379037857056,0.5128023624420166,0.8719660043716431,0.44728481769561773,9.691562469564115,0.5387783871861025,22.9712604201457,11.590611490648477,3.0,1.875,7.488601959352099,1.948959490764313,7.773368602969838,2.3322587004623263,0.3458600355850926,1.2198707497411063,2.719378297313453,0.4555754487916934,-0.2343822543170972,0.4579115653881444,0.8935280707852051,0.6086960183534653,-2.052806258201599,1.0236037075519562,1.3918277621269226,1.008783519268036,1.5808295421302319,1.379406876862049,1.009004593357349,0.4369155057419277,20.25871007343752,13.063681243176639,1.0,0.5,8.845698783632663,2.1047778465141387,6.826957315718097,2.0125568585951314,-1.9177127594985501,1.0838713292079782,1.9987235087729762,0.7939879739411924,1.184698978322558,0.3620155052626615,0.533924309916814,0.3107484177987181,-0.5657614171504974,1.74189917370677,2.709654927253723,1.2678699493408205,0.6682793498039246,0.4558630436658859,1.4682314588416217,2.125132986612379,24.717985185954767,15.885130434557432,1.0,1.0,7.447476133021763,1.617066503976619,6.159419776920856,1.561209235992179,-1.1155590503002037,1.5577458529562394,2.8718257006916854,0.7220586823605972,9.84749405272305,0.06372217787429779,0.6701660534485155,0.33553006403956825,8.571442127227783,0.46773672103881836,12.087853193283081,1.6680457592010498,0.8187614679336548,0.49185997247695923,9.871368548398003,0.0766328391839437,24.017877492457668,12.358925726201722,3.0,1.8125,7.342768696080304,2.0807131357535154,7.756040778388133,2.3460736429452287,0.43181952275330604,1.3124229657268538,2.7606455119967577,0.5191272435496255,-0.13235528412165992,0.29578068691947224,-0.17547600025487614,0.31216106874626426,-0.18913759774461353,0.49333511480374936
6a3e93,-9.585045350715518,0.32481473684310735,1.385715829100294,0.5284732146436826,-14.29443359375,4.162823677062988,-6.688534736633301,1.4802312850952148,1.5818628072738647,0.6908304691314698,9.735545818193643,0.24366697702236806,54.48229259365865,24.581676815862178,2.0,1.75,8.808134843616749,1.5692316994500715,9.082641867752082,1.1883791553453982,-0.1713733492568716,1.632554938261134,2.709272805185554,0.44826830450056354,-0.2970779848692473,0.48200656508083745,1.438481076087491,0.49966716689325397,-3.397071123123169,1.752794742584228,3.192505359649658,1.040082573890686,2.0989377722144127,0.8643866963684559,1.5613205903113552,0.5240407745003139,41.03806880618325,18.406997541213244,1.0,1.0,9.428248644240504,0.7562371080201125,8.726389695317323,1.196542369181623,-0.6794111569751954,0.9643612592645099,2.5505864098566087,0.41703930459136984,2.1344329406274483,0.5454662425818242,1.4625090725499288,0.8162012284969771,-0.9592022895812988,1.2662314362823963,7.650331974029541,3.529262542724611,1.7923332452774048,1.428093515336514,2.606639213565648,0.734867106553291,61.991476393934406,34.20086459141555,1.5,1.5,9.482928130758244,1.7041130922645165,8.458453818724859,1.2262963594047136,-0.8331485112978475,1.3496113292087506,2.867823597909239,0.53132548077209,10.04640792682767,0.13795628771185875,1.471371312439402,0.6908467827963454,7.103837490081787,1.3273038864135733,15.60213851928711,4.6468353271484375,1.5805928707122805,0.8792643547058105,10.164734947171596,0.19745398303518513,59.67315397808928,32.165803164380065,2.0,2.375,9.16025788999685,1.9282051507507472,9.207778339057805,1.174867794892684,0.0258086620451085,1.5017218575405034,2.7391191343096595,0.43679456824950424,0.0356579408468029,0.3687085530405192,-0.1614847930219587,0.5396119608830243,-0.0535095484868109,0.2838271815286366
743f4e,-9.783224721904844,0.11179160745814354,0.40885079317029893,0.5234361715167761,-11.22530746459961,2.7986379861831674,-8.929394721984863,0.9019185304641724,0.421015202999115,0.3903734683990479,9.798275272042702,0.08383023812354473,13.787532620471055,17.7154610483328,3.25,2.5,6.2669793004965655,2.2662333411881916,6.530123861642732,2.6282767098760296,0.5507530160658288,1.093411692077209,2.7221927467913174,0.487657693422912,-0.18293482285463364,0.26588782675406714,0.6344737176740861,0.259795995207326,-1.3972817957401276,0.8107334822416304,1.0647556781768799,0.6839358583092687,0.9734738823026419,0.4508889727294445,0.7128135364299601,0.2547484941320679,11.202951908856317,8.78541398724593,0.5,0.25,8.206535318292477,1.1622772790534324,6.109534747608217,2.0335104368551433,-1.7152476122842564,1.5339235639689974,1.9322263196720115,0.8653450778183152,1.2097068549192045,0.5124031735234666,0.4443752654765345,0.43439418375298683,0.1751715876162052,0.9207024201750755,2.323638081550598,1.7289320230484009,0.5200187861919403,0.6691866237670183,1.286067922331977,0.5172450037483419,13.146952389168504,14.184977030274375,0.875,0.875,6.720252827068943,2.5194680174307975,5.412871188429099,1.8650829602293384,-1.3822319210223748,1.4602472387136838,2.4166871698465826,0.9341847517453147,9.898261201567948,0.03938703006133437,0.37734505000576324,0.49463528129604317,9.065738916397095,0.6779055595397949,11.591400146484375,2.9794918298721313,0.3872971534729004,0.3531702756881714,9.909067584326884,0.05492741505341314,14.266233067746432,18.175476654861356,3.25,2.5,6.208150748194373,2.27016409686623,6.517687311028414,2.6918801519596385,0.5483520971077626,1.1165836553365023,2.7779385589311483,0.5161306986971954,-0.038658586837437274,0.2320946119003357,0.013282732152757725,0.3392837457736776,-0.029448673873525903,0.4135988498797377
7688c1,-9.325218107085675,0.3233244470320642,1.4285606687491115,1.1592771728851687,-13.197719097137451,4.995368003845215,-5.913158655166626,2.6594502925872803,1.7110449075698853,1.4990473985671997,9.464079523772256,0.31395763287324563,57.6230104431084,57.02479948689347,2.0,1.625,8.558676464479785,4.914731572247619,8.604117778259955,4.79202380119452,-0.0176773541835621,1.4732661194859136,3.063403968281067,0.5819915578684203,-0.2060309670559945,0.3433683514212617,1.1553893153566983,0.9282453106762011,-3.3747105598449707,2.9136258363723755,3.1596474647521973,3.305447667837143,1.2403716668486595,1.2398293614387512,1.32881084330159,0.7154633122102946,50.52091547081434,42.254183993331324,2.5,5.5,7.964660714543722,2.918940403750442,8.540685878614285,5.747646951084073,0.41418440088263514,1.3933180300371317,3.1839294641159532,0.6376574748119554,2.800406235444825,3.4983870032617688,0.983176697402924,0.8453460325675902,0.030220463871955858,1.540471538901329,7.33820652961731,7.533084511756897,0.9696439802646638,1.1597149148583412,3.1222854179433743,1.836563078139463,50.87306571631315,63.11472349637228,2.0,2.5,7.852597253050069,4.876929128773029,7.890687757158141,2.8148212119875318,-0.3986028133161866,2.4834648756511575,3.1215446637679536,0.6100976415470392,9.850834496319294,0.15980042051523924,1.4791281128433393,1.2324239953964107,6.761591672897339,1.9034013748168945,14.535297393798828,6.300462722778324,1.5446805953979492,1.6420196294784546,9.939243385131242,0.2648543373851169,65.77048097759531,63.202989934640556,2.0,1.5,8.5476302648621,5.239453141329893,8.542440941883566,4.961366063542833,-0.1192179225112681,1.4124485840515963,3.1217444016020783,0.6413656197415958,-0.04518223163122805,0.2666922276545881,-0.27988384258848104,0.42032578932856185,-0.031430567907346,0.2788028828397342
79011a,-9.68431630730629,0.08517916960408911,0.7816870211054702,0.4495945429505602,-12.043614387512209,1.2595481872558594,-7.563347816467285,0.9120478630065918,0.9416775703430176,0.7915077209472656,9.742116153998378,0.10725871279192845,33.53126465479953,21.77206830978574,4.0,3.0,6.647254588725881,2.118151192018379,8.316822615144915,1.2892982392296073,1.615966498750917,1.6863502722793164,2.8503249107170547,0.30188985001735347,0.6445354945935833,0.16301206198728835,0.9999951909961988,0.5292187807553392,-1.9036567211151123,1.4636374711990352,3.022933006286621,1.1414510011672974,1.1660470433998853,0.7779013868421316,1.1701841336728656,0.38892314386773785,38.61661017574512,23.73793186652496,3.0,4.5,7.820752261235052,1.2213476165241985,8.548783042170005,1.277705728281327,0.5845383803371512,1.5128756755933288,2.757662550921451,0.2772841485094393,1.608625853266858,0.485663999422286,0.739869460881581,0.3993643266069323,-0.6407727599143982,1.2805597856640816,5.394660949707031,1.7867202758789062,0.8788030445575714,0.6006915569305418,2.1417327665244903,0.4770963303464728,37.19746404554233,24.860907727528346,5.0,4.0,6.448362685164751,1.853544041652933,8.124317869649836,1.3218362988785284,1.6134689120845689,2.0320794865464524,2.9732494876417914,0.2900467018306383,9.939017368480563,0.07909267209470094,0.8062173045154669,0.5361646846139272,7.900492191314697,1.0147380828857422,12.577410697937012,1.8252143859863281,0.9359772205352784,0.7985031604766846,9.979405712943445,0.12213213417419055,36.60360899753836,23.96629166635972,4.0,3.0,6.717314433984257,2.1274740549676068,8.34962434522355,1.2229420182804382,1.6330567933821605,1.452474073760024,2.8965479801084824,0.3292467942175201,-0.019258676139234,0.3929584170472888,0.0522405200931751,0.43067629195912727,0.2487882379205739,0.4574564102588493
7eb666,-9.439846649765968,0.1690813861787337,0.5991812690532357,0.4714650786721622,-11.31864070892334,2.643263339996339,-8.12200403213501,0.8016557693481445,0.6169283390045166,0.34600192308425903,9.473846139110186,0.13891093728175097,20.759765659456598,22.079683191862266,3.0,2.375,6.717102426083033,2.4736846348666246,7.673676743953203,2.3023437562730407,0.9463060132737655,1.1899327939064277,2.917737769498687,0.43685779967380256,-0.0845848844533066,0.43469309617859153,0.908141113655144,0.39443974196231946,-1.7601110637187958,0.7849330455064775,1.5638851821422577,0.8959558606147766,1.5663084276020527,1.1697864579036832,1.0929132725963844,0.33136191524190484,18.742752020629112,11.213450831748386,0.75,0.5,8.96124976085478,2.044073858634038,7.202009095339074,2.2758957880315047,-1.6023040719272281,1.1044993555152312,1.9380004350618825,0.7375759790694489,1.9303751255520183,0.6721983144125263,0.6192293684931208,0.3259536088039502,0.30994394421577454,0.7735785394906998,4.122339963912964,1.7395137548446655,0.8196511939167976,0.50749357836321,2.1876279476293554,0.7040141137083442,18.57906539664648,16.047690258344524,1.5,1.0,7.868864480169762,1.6397072806141235,6.775747930594136,2.0619425578396435,-1.0062566282553684,1.141804559493927,2.615230973716905,0.5880735745601895,9.75764556415379,0.10140861198305995,0.5454659565361235,0.51797478628813,8.51081109046936,0.8287367820739746,11.712979316711426,2.513902187347413,0.5584770441055298,0.41519883275032043,9.780651059275856,0.10363314958188052,20.736994149344664,20.863461897463463,3.25,2.0,6.433429590469515,2.6225148697589717,7.638910536621365,2.4588089477597643,0.8983051614240058,0.9052352186070005,2.900499538953782,0.4051096626021913,0.0569088743978485,0.2621927099824773,-0.1684210527400173,0.32644355778410233,0.20214973734828623,0.3380569925943661
7fcee9,-9.676917439326644,0.12986878259107648,0.7752814141721083,0.5823731748845052,-11.873100280761719,2.0596543550491324,-8.170047044754028,1.2650517225265503,0.8344401121139526,0.7500642836093903,9.71044448988274,0.1701665266102177,25.412116227465155,19.335826895512565,2.75,2.0,7.500559446114172,2.80646338108544,7.817163242216024,1.956443833962731,0.44308448746159357,1.6927566395089202,2.7044733049735568,0.48987625094863674,0.24411404459806357,0.30837511677134444,0.9040011505699834,0.4722798905115718,-1.7169405817985535,1.1514802575111387,2.2268505692481995,1.6972538977861404,1.2035268093459308,0.858391759218648,0.985382802838569,0.3619169682602442,25.920356861073124,20.250136218722897,1.0,0.75,8.264133712941025,1.8950149784264658,7.630767533774322,2.450454771547079,-0.7801547852477764,1.633490924672123,2.6253235445452727,0.7224714086635382,1.6302657937945924,0.43007603391970406,0.6896409839768045,0.48660039398431776,-0.1015231534838676,1.5250962991267443,3.287129759788513,1.924696758389473,0.7664943081981619,0.5868523176759481,1.8941446687143761,0.6183257864471885,21.62949934479513,15.030208567103635,2.0,2.0,7.544894859477506,2.176921510620314,7.092105488116323,2.1998038068514756,-0.2045838552595953,1.2596935205607283,2.851769242856088,0.5532963220095888,9.917186772450805,0.06581061310134828,0.7878173059082774,0.5948023558257396,8.350930452346802,1.1453132629394531,12.195303440093994,2.279714584350587,0.8457680940628052,0.7454959154129028,9.942376509938903,0.10098165239076184,25.951906599076423,20.201682560799306,2.75,2.0,7.42881149606503,3.061493507058277,7.824525081729106,1.8545371908975392,0.5075949682936578,1.496069914729481,2.731282755090679,0.566547192753988,-0.012140677641571701,0.2901021550291384,-0.27878012651748046,0.3800875595666576,-0.0618637284797643,0.32634967561202977
87174c,-9.253491117618978,0.1462676618248242,0.8213575691346527,0.38324199138921555,-11.71603775024414,1.5326681137084943,-7.322111129760742,0.98860764503479,0.9876910448074342,0.5080550312995911,9.287989192896514,0.15420107807116956,31.28524040445127,18.644650641929935,2.5,3.0,7.635032414370706,1.4123969175900655,8.358080781643704,1.1340784107157003,0.3253003176430068,1.3378628359485498,2.7868010407216683,0.3528375603727256,0.43742565392312827,0.3268494840035601,1.088005394880422,0.3925221897048716,-1.9012166857719421,0.8452516794204716,3.0351638793945312,1.5517219305038457,1.4998404923826456,0.713524132966995,1.2737126558325138,0.46471064578714705,26.214186198111406,15.158668505193129,1.0,0.5,9.222887871692059,1.0913694926683188,8.193307831864576,1.2900022766388348,-1.0006067459165133,0.9381119518051318,2.4081862490682666,0.5592404788636496,2.9579740070621483,0.3835119146388024,0.7581370013603718,0.39753662291824,1.3545016050338743,1.7840795516967773,4.825881004333496,1.698268175125122,0.9345179572701454,0.4582478702068329,3.0992108500473794,0.4160035968316418,30.615141238415454,16.84054350149958,1.5,1.0,8.037957928594038,1.283638092721346,7.453626216622182,1.692122075349415,-0.7944420907649761,1.2500684679679142,2.683610674026015,0.5512598014603398,9.83618124946952,0.1177615518681705,0.8334970816234635,0.42825673336193515,7.913589954376221,1.0006171464920044,12.418274402618408,1.6175837516784668,1.0103681087493896,0.5125887393951416,9.885169768364573,0.1463885021950393,30.285034247823226,18.32923070638703,3.0,3.5,7.45874907415012,2.288474243627755,8.417002523454023,1.3291769837847927,0.6183508927752425,2.1162967312423735,2.692714717960769,0.42421871143342393,0.10879281644421984,0.28986983735321936,-0.1394992815877984,0.3265882791986182,0.1611398858781911,0.37884584048464026
8db7dd,-9.540192272514105,0.13356316380668343,1.1770970107034735,0.7231574409914234,-14.373215675354004,3.777842164039612,-7.030051827430725,1.180489420890808,1.1927404999732971,0.8637438118457795,9.593311912113355,0.15194968039950218,61.29606196408311,35.310452336339054,3.5,5.25,7.379378351205272,2.7001661159847736,8.749538485795146,1.4787069019716528,0.4879765825462504,1.8989706857472317,3.0069606267175013,0.37788397847521926,-0.3928499610472542,0.29356334960880304,1.1518907021887066,0.48372285429907763,-3.5188459753990173,1.7170151472091673,2.8633511066436768,1.741389736533165,1.4651653049513698,0.692643334856257,1.2888748608847687,0.44905967343198094,47.830120057155014,26.69751085537588,2.0,4.0,8.467587825249355,1.2851747048114208,8.673243477378254,1.6638280788562971,0.19651898063483925,1.4039068492886857,2.8114801939645586,0.6290762678900934,1.6156800253229449,0.513147470982915,1.1847153249267364,0.6818964262088132,-1.222752958536148,2.0157350972294807,6.2261658906936646,2.970230460166931,1.202253770083189,0.5894919224083424,2.1511357993856404,0.49637840055567106,73.05179708533075,48.25438761318558,2.75,3.75,7.724795708727395,2.5198379542411105,7.949444412445448,1.4569000677082067,-0.03027502798132063,2.228913405979087,3.2236521128355697,0.4007143517400973,9.83501899894327,0.1301262278575459,1.2162407698894555,0.7704912513782898,7.44354248046875,1.1011524200439453,15.045112609863281,4.494250059127808,1.2026435136795044,0.8567785620689392,9.913382803030391,0.19329331483342926,62.120500012911506,38.72801601742727,3.5,5.0,7.452153318737018,2.8257160715841443,8.826278802155024,1.4347715103521375,0.647663993184457,2.047037843063996,3.0096269285717305,0.3579387041302531,0.1442433923430051,0.2988428155419051,-0.04900256559753775,0.25416852705056997,0.00444324540255865,0.29940973083762346
93f49f,-9.766916926950216,0.11256979405879974,0.7511646056321626,0.552885763424228,-12.48835277557373,2.03595018386841,-7.443704605102539,1.2349594831466675,0.8479474782943726,0.7461302280426025,9.79929136758676,0.11538280809219081,32.886669661653634,21.240313139242936,3.5,2.5,7.180272375271235,1.4731195271853945,8.334621176882209,1.7260815842176456,0.9006075041214189,1.2997389652533835,2.8952111928326545,0.3278390866559415,-0.1023891860154435,0.4186401033182392,0.9645585842074491,0.3872419008381207,-2.922324538230896,1.5099160075187692,2.0554702281951904,1.4485612511634824,1.2434069029986858,0.572583076544106,1.1861784911534072,0.46624892975236387,29.753096461253442,20.085239561501098,1.0,0.75,8.587661383974083,0.927641254124774,8.178339210828039,1.531118649561372,-0.4657838978897141,1.300884639846499,2.6130006562611747,0.5030022744221117,1.1469217304802442,0.6195316036358918,0.8458398461695776,0.3193208475973639,-0.9520760774612428,1.845349371433258,3.126842737197876,1.188835620880127,1.113533191382885,0.5110946670174599,1.4178759633876277,0.39887404762121514,28.898064571594883,15.968691032273867,2.0,1.5,8.233090104295954,1.0136842974557263,7.3313747528419855,1.4913519964701107,-0.5738147583711397,1.3952300832089315,2.6657201944078524,0.5600833762128503,9.938591692596674,0.09670046390965403,0.8108757433202758,0.6247562951904491,7.88149356842041,1.3077528476715088,13.036728858947754,2.369337797164915,0.8342818021774292,0.5903446674346924,9.969868864007912,0.12033210927952709,35.020471561401955,22.417924924602065,3.75,2.5,7.11915929959908,1.51269069699595,8.431652199478933,1.6348393263133598,1.0712292237963754,1.1949186084976284,2.882662691814291,0.33612116999023955,-0.0095566635078384,0.2213610198170072,-0.2280104190826512,0.3000971342224244,-0.008159184658218351,0.287858985740846
9f85da,-9.863353335298598,0.10370211675763219,0.8453524989068826,0.39369225135770736,-12.391882419586182,1.380678653717041,-7.884187698364258,1.0474382042884836,0.9543660283088684,0.5710115730762482,9.883625796826887,0.11704458152508135,34.484437317361696,18.470917228517294,3.5,2.9375,6.9617379499081045,2.1526221029544006,8.17009891911518,2.0291857184546527,1.1922831061325079,1.5740954586373408,2.7256326530683745,0.4358842675093464,-0.10647791953148905,0.2680953588390231,0.6526728087784696,0.38806757836364036,-1.6764765977859497,1.0302938520908356,1.6870386600494385,1.1414923965930939,0.8058316446840763,0.6456765843322501,0.6995788179079827,0.3860495203746999,24.712918707783608,16.073798140455896,2.375,3.625,7.495821136035447,1.6880818224640728,7.569443215247327,1.8437825338604497,0.02824165597327405,1.5549268447992572,2.689003393149683,0.4163843556772471,0.49526208241343284,0.5087176415970567,0.5933982027192244,0.2648934778436192,-0.9811743497848511,0.8702339604496958,2.3120837807655334,1.358502984046936,0.7764951046556234,0.3600920937897172,0.9687829649102224,0.5796467135049057,24.76240417608657,16.157467245728355,1.75,1.875,7.217482626244137,1.3992408459846661,6.967407041675045,1.793582283450664,-0.5416092218698874,1.3284560951409552,2.721362041639757,0.5414938096305948,9.950396198779345,0.05913425493054003,0.8570802027970619,0.39943302835083194,8.052481293678284,1.0977941155433664,12.564164161682129,1.3763644695281991,0.9428706169128418,0.5688529014587402,9.996062275021405,0.0919618953788488,34.25476834509905,19.228022646367663,3.75,2.625,6.924013580656453,2.1203880468783396,8.178807821490484,2.01538496925423,1.1979389975516659,1.1845658862185964,2.7703434618986753,0.4231646405680449,-0.042434336519150954,0.3073340178897651,-0.029194128741670725,0.3130296284345565,0.1202569923749892,0.3324114596882415
a03db7,-9.478569934144616,0.19953744299709797,1.225994769531915,0.9311871911446916,-13.837115287780762,4.726854324340822,-6.741626262664795,1.6511685848236084,1.3555560111999512,1.3078670501708984,9.583905963699296,0.1965348706933927,49.570907882019945,40.4161646917468,3.5,3.5,7.733221569492115,3.2610929673298257,9.105928138469505,2.149464835379222,1.0993588522538673,1.9753487863368262,2.938007805963586,0.36428544931610984,0.1477025994286123,0.36992591774651373,1.3984225537474106,0.8663211491187067,-3.181541919708252,2.5813062191009526,3.928361654281616,3.1354360580444336,1.7676689848303797,1.3073077956214547,1.5901459738858914,0.5812173264612468,50.06222725700112,37.58651296122952,2.5,5.5,8.692203034738984,2.4990356708744663,9.092401784132337,2.3372003995758606,0.5271909836820954,1.2852323156414642,2.880742949118264,0.4417562357215332,1.9502871145687093,0.9470233633255702,0.8692095581848008,0.7443076563477278,-0.6487739682197571,1.386028915643692,4.844486236572266,2.666602849960327,1.2393283247947693,1.0754225067794323,2.2867288372305135,0.6479330535605248,41.30753787171346,35.164991890264794,2.0,2.0,8.14346739682696,2.7277759651468863,7.86955152146039,1.711671535333637,-0.14622809919469243,2.075976226684559,2.8965049321446275,0.4582366955242496,9.877693731337786,0.15821793768554926,1.2514660076455522,0.9802164746450337,7.2117815017700195,1.5790905952453604,14.371455192565918,4.972636699676514,1.3706214427947998,1.355081558227539,9.936269384466732,0.2948413273261892,52.340815070328055,42.212280786547026,3.5,4.0,7.943807572243521,3.299918434915458,9.110127758265968,1.952179121734524,0.8937244612421,2.0069804591009763,2.9191122267668304,0.417161808836211,0.0108254526300837,0.26852213973176176,-0.2708222782274486,0.2903796390717432,0.0863479837224474,0.28904452052263035
a80ae4,-9.490904094651341,0.23377438727766275,0.8315276091740356,0.55183457207278,-12.215999603271484,1.9189939498901367,-7.5701117515563965,1.360534429550171,0.9738199710845947,0.8313165307044983,9.564442551617196,0.2648690307369499,29.346935290175058,19.809765590762826,2.0,2.0,7.696113793715838,2.2040437239186206,8.038170865081625,1.6589978549926485,0.0798378633153079,1.354283965227299,2.7322574405084907,0.3662600597069203,-0.1341592858661044,0.6278288839388324,0.8761706936773402,0.6588669664606358,-2.5124993324279785,1.6438232064247131,1.82355535030365,1.6006623506546018,1.1611083904281259,1.1883745659142733,1.2060651867372574,0.4601864688209649,26.779003235787584,21.7583511644325,1.0,1.0,8.262749077975068,1.895321075150589,7.667393767579171,2.3379831865114156,-0.6396656058991688,1.4649785974440426,2.550811949778784,0.54710852392274,2.2498611812479794,0.8522976150638897,0.8581865367783206,0.5483550091668388,-0.0868184096179902,1.9816415905952454,5.196743965148926,2.9005402326583862,1.0667942762374878,0.6520911231637001,2.666746212536874,0.7786372006515845,34.147793763336104,30.170470946366702,1.25,1.5,7.917888877619664,1.7458581013760668,7.430578307714459,1.6994773298417343,-0.8030293111508181,1.6784090070489546,2.8277776115727553,0.8434183909844286,9.926935093477368,0.0906073488295096,0.7897454482372359,0.5563861366031262,8.126989364624023,1.116225004196167,12.660086631774902,2.4953072071075457,0.916337013244629,0.8269774317741394,9.949144466546775,0.10177632701527983,31.373523525614623,21.78679142041095,2.5,2.0,7.381111173117221,2.4466906271045676,8.126871773440634,1.6597833693171191,0.3740087977428387,1.6032520508502066,2.751774696636316,0.386028401681628,-0.0161527161860493,0.3465444086273479,0.00359721660478485,0.532481259690594,-0.11390033147353415,0.33285931359905413
af82b2,-9.535277316346765,0.08819109620526433,0.46400881835070307,0.4562454387128988,-11.144403457641602,2.119501113891605,-8.324642181396484,0.8807168006896973,0.5515897274017334,0.5178940296173096,9.547322749443936,0.10920512502186064,21.055518155406723,16.724996970148908,3.0,3.0,6.692299188621551,2.2645510057627014,6.772081306110182,2.516251114802092,0.7544393038127589,1.1972228449304985,2.8291904977361124,0.48661795375372296,-0.3628783090716752,0.382948128467433,0.7591206704899606,0.30657520350693235,-2.082141637802124,0.7655108273029327,1.1543648838996887,0.6015087850391865,1.1299379765987396,0.674403041601181,0.9972154477436357,0.31694604442385055,17.67744726271762,10.049646792753606,1.0,0.5,8.483304462265272,1.5485550635332768,7.06141141490725,1.519806133953157,-1.0952071965869146,1.2856336604993306,2.2349490853975955,0.7423137643426574,0.9787808051405592,1.1995111677924797,0.4102354040250332,0.28301782414049426,-0.1707257032394409,1.8992771953344345,2.3071494102478027,0.791347861289978,0.5730307698249817,0.4469555644318462,1.3682292901337487,0.7158626678510529,15.551892106932307,8.906124484935695,1.5,1.5,6.856181663841417,2.3203426501653555,6.085289416758825,1.5405087930791117,-0.9308136711788076,1.5569477111767613,2.6002608050572475,0.7059069963173035,9.714748911559582,0.05450054211541833,0.463022285959388,0.467618793913864,8.513976097106934,0.8104214668273926,11.341180801391602,2.133690834045412,0.4855093955993652,0.4941236972808838,9.731139265254978,0.06896194893116103,21.33136376969607,15.75672632771282,3.5,2.375,6.284482812509161,2.4892373877964715,6.858755015221117,2.4186721231061235,0.7789853630703717,1.0375365015325775,2.8842848152614384,0.5089339269614763,-0.0634564620898072,0.2898476428611579,-0.1871046821487616,0.2845856394082812,0.0023050407806582,0.32006098354221746
b19f77,-9.63982198573649,0.18168256059288979,0.365522398327223,0.524566962089215,-10.831584453582764,2.198452472686766,-8.59377670288086,1.3720653057098398,0.4215735197067261,0.43322527408599854,9.659497239505562,0.19383649307184392,11.321874255076342,18.67941031268546,1.75,2.25,6.696640440659621,1.9216817461561915,6.163316746504256,3.1055556463481357,-0.07997645735907365,1.9817696753902552,2.58553169719052,0.4799857726148189,-0.5040539487372371,0.3866788621640751,0.5527552077193862,0.35657167101441123,-1.8595833778381348,1.029240161180496,0.8680713474750519,1.1981469094753265,0.7156523359008133,0.47572581330314273,0.8414399167981342,0.44703026704295323,9.742981621667395,10.977419013357117,0.75,0.5,7.856825941546104,1.389115906398899,6.412252934004315,2.320983181289199,-1.3247914075428515,1.607869375447816,2.1222084590460266,0.6851197775745653,1.6715659600045,0.8051870513064335,0.5236219810207071,0.46455863796516067,0.059954997152090045,1.6030607521533966,3.0168282985687256,1.4025334119796753,0.7082819640636444,0.6752731055021286,1.9563806422564904,0.752380325366131,11.986407689873037,14.970412435282828,0.5,0.75,7.469467634134127,1.8323499442072788,5.542825098599428,2.4350569915214164,-1.7698963344422038,2.01004307327974,2.0627964934991807,1.0150217452998789,9.877678021788597,0.054303666576743126,0.31282721077310016,0.5404760770197907,9.045112133026123,1.0617787837982178,10.926699161529541,2.457892894744873,0.3454217910766601,0.37170112133026123,9.888281189560281,0.07276826524894364,11.684216483533454,18.150827825989182,2.5,2.25,6.236000378557952,2.334573982072603,6.184587182386785,2.920862398580372,0.31583496284890966,1.5203699278222085,2.6533169890385633,0.4511067543576992,-0.11159948251610045,0.4556737653415114,0.2119869387379843,0.4921326681165965,-0.0032384876443767004,0.4600250646959019
bc3908,-8.75102751981467,0.1696870510932058,0.5962100626685317,0.37312237880126964,-10.511187553405762,1.2650322914123544,-7.349778175354004,0.7304034233093262,0.7574186325073242,0.4489844888448715,8.781339704631371,0.15810411209598474,21.52488633852189,12.865584329568378,3.25,1.5,6.782068442262316,1.7522292748006416,7.735465681185625,1.4797901844520682,0.7993049223595325,1.24911182419588,2.6390126395197515,0.35435720517109504,-1.1100310026515672,0.4675527701347164,0.8302574427550153,0.27209728912357206,-3.075326085090637,1.217715203762054,0.933398574590683,0.7849248349666595,1.1585693527013063,0.46633429545909155,1.491769941928463,0.34168637736044305,21.75933068482138,11.78058866316897,1.0,0.375,8.356319176571969,0.7867587564306833,7.713018699914206,1.2653752033070207,-0.5238807388284226,1.2082541961769269,2.4642139065659454,0.5099922498580125,3.901226315647364,0.3895339375594631,0.4262201457331523,0.24454332940065593,2.825698137283325,0.5572237372398376,4.9901509284973145,0.9218864440917969,0.5164034366607666,0.3034799695014954,3.917368603950211,0.38443008108488685,13.581424351057386,7.976334772717627,1.0,1.125,7.166183968249198,1.415071508826061,5.900243273081976,1.4387827765174759,-0.9942258129160031,1.1798688013010596,2.485763420352729,0.5824159335159647,9.705573761835694,0.04629787430167198,0.5749954634684892,0.4241973659727809,8.43294906616211,0.6472772359848022,11.486531257629395,1.6730098724365243,0.6583375930786133,0.5154388546943665,9.7190405099658,0.06136536701981221,22.39798396871224,13.691601311511064,3.5,1.5,6.573868015336901,2.0815097227904804,7.847691593159137,1.6423973155409035,0.9135175931305317,1.1675578302365044,2.6278902593035056,0.3854939833729649,0.26881155593399564,0.27042098324512454,-0.1843452648783967,0.4898355480997619,0.17188723075860296,0.41084073904126706
c7fee4,-9.365961708128452,0.1954616662114841,1.28677119263284,0.6645801606407034,-13.09970235824585,2.6161086559295654,-6.379952907562256,1.8446707725524902,1.6174399852752686,1.2788302302360535,9.48299741130331,0.11457140999257831,55.60808882336253,41.290280052666326,3.0,2.0,7.870722644921761,2.809584202638918,8.408158311909807,1.628700629498625,0.664926253631124,2.593910920444741,3.162164039357162,0.9524534890108329,0.7912226007551908,0.2306953194838569,1.2905560372776574,0.7656563150113456,-2.415313482284546,2.1355509907007217,4.884566783905029,2.1825563311576843,1.6003275741823018,0.9739947393536563,1.5129305832701665,0.7511670941102435,57.688321680102106,42.495078774639985,5.0,6.5,8.204272701317352,1.5678661133459624,8.718943886915444,1.5134612662631675,0.5401238143856972,0.9890141621439359,3.05885273944439,0.2210317160303208,2.403868877345303,0.8435353248059982,1.01232678895503,0.41205267119324296,0.2266583442687988,1.697825714945793,6.302882671356201,3.0826988220214844,1.0514846444129944,0.8876661881804468,2.6622892288573974,0.7074263387826165,58.92660571827409,42.835354743985604,3.0,2.0,7.084923638033153,3.063844072051478,7.522013014048376,1.2053435619875916,0.6138607474744536,4.232560102714349,3.3716101231518625,1.2504416320311451,9.849235323257744,0.14125752029940486,1.3229182100580332,0.7251115074320996,7.063930511474609,1.421440839767456,13.968616485595703,1.5913181304931623,1.5066485404968262,1.3106951117515564,9.94523111094,0.20469966294308328,58.97785121029861,47.20858330212139,3.0,5.875,7.825595111284517,2.7650505323947847,8.531125548170428,1.452595820848889,0.5389039241434785,2.300103487390249,3.2231405876031873,0.9864380754387501,-0.18462353734054548,0.2750223757675261,-0.051348700080000045,0.5711711840910646,-0.1368392749744625,0.24308176350658944
c85fdf,-9.33121273946017,0.1601207531057316,1.1741340550673076,0.5801215214986774,-14.434152126312256,2.663522720336914,-6.429386615753174,1.15830397605896,1.2511348724365234,0.7908265590667725,9.37466741038159,0.16306090894302905,63.34254889892,28.198481290115893,2.0,2.25,8.891947959821078,2.8737753333488616,8.390745099531452,1.4342279691301156,-0.22545006644590798,1.6962872763708585,3.0184750925801227,0.7167099596907489,0.3751323840369878,0.32144981050350907,1.1068847837630584,0.3387433268608335,-2.9330612421035767,1.8650064766407013,3.1828174591064453,1.363422155380249,1.4548510108143091,0.6133662471547725,1.178549492678497,0.29044267618255515,51.2761307466956,31.319084144993745,1.0,5.0,7.960763636061337,1.4011833678673087,8.622262516918232,0.6693428329843396,0.3352968873550872,1.316045920970865,2.9912441014857434,0.37708396779261877,2.652961789513938,0.3030847862828523,0.9930624219690438,0.5292895296929674,0.4364822655916214,1.2528417184948921,6.303196430206299,2.324136257171631,1.221716821193695,0.7695006877183913,2.870331197437392,0.3278659072357524,55.12925972058747,33.979790717043,1.5,1.375,8.602136362705917,1.450291250863022,7.53564052928785,1.0035593648074546,-1.1005986289061007,0.760456405304016,2.8566623621043714,0.879973922017395,9.820993792265654,0.08281687088310896,1.251705038289494,0.564468394112607,7.121880531311035,1.2004268169403076,15.152498245239258,2.3889667987823486,1.2669103145599365,0.6248726844787598,9.88020596617106,0.1358183838169449,68.49807362111102,30.52854556952331,2.0,2.875,8.991649359957755,2.9344558934967884,8.33397558906536,1.2977023289147525,-0.3952492081935154,1.7479209819708923,3.0826661437182556,0.7709377200638339,0.030080541819698898,0.3062050034221031,-0.2908176888671456,0.31859164984210725,-0.1238952104521002,0.4286305184183977
c8e721,-9.622275801375508,0.3135063829831779,0.9925494545546932,1.165335775681239,-12.922485828399658,4.714612483978273,-7.608500003814697,1.8524712324142456,1.1296241283416748,1.4457008838653564,9.699969232078622,0.43309217698593017,35.78376102750059,35.01177790727344,2.5,3.625,7.41838913029122,7.572025446449562,8.567553104444647,7.151118478581779,0.4664072141845941,1.893149100795328,2.6776759083028274,0.525703114496904,0.0917133118547326,0.23977029550314916,0.978591391106364,1.029346331244089,-1.9131948947906494,2.1810507178306575,2.345564603805542,2.352443378418684,1.2706322928352165,1.491196135058999,1.0201220159654234,0.9191757073987442,27.25967329357511,24.56876332837607,1.0,1.25,8.226867073080575,6.064757563210229,8.006708558786313,6.986671752562568,-0.39405078211132666,1.249950786847895,2.7117824818408556,0.6485517770715612,-0.26877306830044745,2.385759544575194,0.828494829398223,1.059385685407557,-2.6339786052703857,1.214091151952744,2.1171252727508545,6.264908343553544,0.9741421043872833,1.222407354041934,1.8157607140593064,1.346688060604031,32.667574361742446,41.25180920917024,2.0,2.75,7.592149748368348,4.776927858209591,7.37724063245509,5.147081385995353,0.09385225762610006,1.5954041002888317,2.9192584679232425,0.5994518066005168,9.860670421272516,0.14583781361579717,0.9996050537126129,1.1855304439418999,7.794054746627808,2.2785782814025897,13.071288108825684,4.6029863357543945,1.0569216012954712,1.5191171169281006,9.91824635316961,0.24706581320861787,36.395636491422266,35.96574762008062,3.5,4.5,7.178367094208082,8.484823880832597,8.512339920791298,6.810148835160524,0.7468797607398843,2.5612994475228974,2.7185544747945416,0.920435778667613,-0.08865653062424911,0.2560597811928246,-0.0902968927031416,0.3559005183167191,-0.0486946393746617,0.3780206713116506
c95ab0,-9.05167931690812,0.6192538780160248,0.6793423095028305,0.5045097176771254,-11.062773704528809,2.433102607727049,-7.603341102600098,0.6623268127441406,0.7786214351654053,0.43134838342666626,9.110131251875062,0.6613731154700275,24.40271093549469,20.507025444301576,3.0,2.0,7.325094224121093,1.7900276649891493,7.885881688083976,1.1817333665406382,0.7386973422575739,1.1124403740799704,2.777375731439947,0.4180954425880872,-0.126752815915097,0.2733380244103501,0.9640813871132567,0.25064686676641224,-2.3441240787506104,0.670559287071228,1.9896588325500488,0.9140668511390686,1.435871660709381,0.6667211949825287,1.1184244608894525,0.2560999662936232,29.318002117973748,14.196378109990015,1.0,0.5,8.907992853580899,0.9105719139543087,7.776743488623802,1.0866823679024638,-0.9129662214984172,1.0291242152244613,2.481117698734256,0.6221998340010959,3.4418024749320466,1.230799383483828,0.6963101650748182,0.5630425853672645,1.628859043121338,2.1151530146598816,5.879611015319824,1.2743067741394043,0.8164127171039581,0.6145587265491486,3.838038055948968,1.0543678717137697,31.1566192750072,24.786877848424606,1.5,1.5,7.481740538600988,1.8857517604672536,7.018236190060391,1.1067102834444018,-0.5678747317784755,1.3023026615357707,3.053743658543341,0.46021341435583274,9.885703345760705,0.08852221211418687,0.7390103333277656,0.5596835425176204,8.432254791259766,0.7870917320251465,12.085885047912598,2.8209333419799822,0.7911789417266846,0.4034513235092163,9.929177915379537,0.10715610800471431,27.990554790928094,22.156265797685016,3.0,2.0,7.129903158883881,2.043122231662495,7.944838640651311,1.2209263046987626,0.8709650035284004,1.1758640768381599,2.7939295971980638,0.3769317102670411,0.0863392631763625,0.2686165630215967,-0.2455334133671764,0.3735718580532556,0.0249019094706773,0.24413028429045022
d8836b,-9.53963895700872,0.1909345556050539,0.7964608286308796,0.665599316050053,-12.579662322998049,4.260357856750488,-7.627815246582031,1.1668379306793213,0.8144145011901855,0.43448299169540383,9.582411941913204,0.20961563763046165,34.18552209678416,31.797919655813693,2.5,3.0,7.666109509160359,2.135282763930709,7.890805134474132,1.878779116615359,0.2873169702553559,1.1886288445736488,3.067928567424268,0.43652608064379494,-0.28971487414156627,0.38273007616680843,1.0516355712371468,0.5176492970838981,-2.4402307271957397,1.5335717201232915,2.151697158813477,1.4001875519752502,1.2651134431362152,1.1064434377476573,1.1266922527797354,0.3772798189324209,30.93395681930819,25.099926240823137,1.0,0.5,8.559418387059754,1.8156100187116344,7.912050863051247,2.345595115764386,-0.5994967121149886,1.2579106164620073,2.7317592783534828,0.9393455549235052,2.341643159404157,0.6678969247404893,0.8112705045494666,0.6343049461809227,-0.12026602216064924,2.7343034148216248,5.701858282089233,3.254960298538208,0.9197918623685837,0.7463714480400085,2.544768091798344,0.6337873326673411,35.65973133582635,31.699182800943944,1.5,1.0,7.9874376686879005,1.627211024211901,7.222759059078682,1.97840509233788,-0.7577010208599608,1.0495170897244737,2.903821221020505,0.7029963526065917,9.939141487702727,0.0668718833476305,0.8445595094808943,0.7172046360738763,8.180415153503418,0.9996514320373535,13.22236442565918,4.592984676361084,0.8254492282867432,0.6086900234222412,9.963263684124586,0.11153243031618487,34.62261236965622,33.80015323390468,2.5,3.375,7.724073024715088,2.5121429688376518,8.087853426836755,1.8989079804849318,0.3398214195787749,1.2383912772068413,3.0158082801579633,0.3993012773178233,0.0851097890256731,0.32961330908095365,-0.2721540819803386,0.3716863585364385,-0.0761801885602229,0.2993103144158188
d9312a,-9.260944264009595,0.09299950068816454,0.6435157939548576,0.5280234164045592,-11.131557941436768,2.8398871421813956,-7.618828296661377,1.0446224212646484,0.6813196539878845,0.5747054219245911,9.299626957796463,0.09859405976798374,26.50640632937405,21.945910947268384,3.25,2.5,6.45982828130641,2.3037905221656163,7.801918780252798,2.2490271333672744,0.8916039582269714,1.3237811464115485,2.8068699779244914,0.3379546647938301,0.14180262531806415,0.1961247195543479,0.6716448923722718,0.4689866175758608,-1.3180709481239319,1.231148958206177,1.5430887341499329,1.366925522685051,0.8926186892203987,0.7109335097484291,0.8010037785289731,0.3940499583749068,21.72879716982227,22.532811151603138,1.0,0.5,8.049542419253555,1.4213011325779652,7.278522273289168,2.1665525720755916,-0.791575370133358,1.115742574775068,2.4988570335066163,0.7129636586073111,2.799963673343882,0.31649949595305316,0.5370400980641776,0.6059063815843497,1.3659310042858124,1.440788734704256,4.154638171195984,2.347329556941986,0.7525591310113668,0.7166811376810074,2.8703857987954113,0.4032657494088505,19.443430406349528,19.752669289397993,1.5,1.0,7.440391785859568,2.0234161038669525,6.783393506953116,2.1382025787682197,-0.7857127178112111,1.0914626610497629,2.5211977177893585,0.6049560717688289,9.751372930128127,0.07466219691559761,0.6603588015373539,0.6167744018314432,8.21840524673462,0.7804903984069824,11.723315715789795,3.172316908836364,0.6530869603157043,0.5936565101146698,9.775032952816145,0.11580571739395218,26.708964119026625,21.28309334012348,3.5,3.0,6.703592595319062,2.4626608543724857,7.738184520192552,2.2808891687919965,0.7698209163498835,1.236421890026699,2.777341004807665,0.3113141720055961,0.001745538193224825,0.43364600284599664,-0.076049877363107,0.30644199455649,-0.011404649468894225,0.37924951176936805
e39bc5,-9.760847555473447,0.36753096664324403,0.6231411805685292,0.4123530532482727,-11.583654403686523,1.839664101600647,-8.266745567321777,0.854703545570374,0.6653466820716858,0.5868647992610931,9.77551551992666,0.33583268833417446,20.486877336804113,19.437371889590672,3.25,1.75,6.836062180796881,2.2245189739727844,7.636329546176855,1.6376217612423978,0.7038217649711874,1.054556976675796,2.843981537648078,0.49109894836547885,0.20303922472294292,0.46635594256946433,0.7749556511840173,0.4577706082443248,-1.4276457130908966,0.9993091970682144,1.9272607862949371,0.9223089665174486,1.2438149866648018,0.8495999320875852,0.982640308068731,0.36867466744845395,17.257135256925103,14.995221165311483,0.75,0.5,8.384989047922707,1.7701207713803524,7.173191271740993,1.8599636426336907,-0.7759240001241124,1.809922646200701,2.3796123970476666,0.8526461486947862,0.8370135627947661,0.8076913634156244,0.5059206104950531,0.4092183688962603,-0.827843114733696,2.2164795910939574,2.1878779530525208,1.267453715205193,0.6792156915180385,0.5662201232626103,1.257244743375685,2.008503462829431,17.435550158282616,20.563673608879014,1.0,1.25,7.428625682300334,1.768885108201304,6.0294622007364325,1.5546640937567577,-1.1003749947655237,1.2776250872612755,2.6760928348816444,0.6951819418304579,9.93146622274071,0.061305956449359655,0.5947016066023447,0.398209315644847,8.444953918457031,0.9026294946670532,11.828418493270874,2.121256351470948,0.6570597887039185,0.4973456859588623,9.946927110501981,0.07321311730873248,19.72670771135183,19.09324325720568,3.5,2.0,6.807254357112088,2.103408753962759,7.5867986223698285,1.567959733974245,0.7896699680511217,1.2572433604464126,2.7916733858799825,0.48286810232590716,0.007823530789233701,0.2833623201624308,0.0017249643035875993,0.37715641497332686,0.04204799998431599,0.4144895125431589
e8919c,-9.283645589835942,0.14318416267633438,0.5948778117233428,0.44098983583283713,-11.566612243652344,2.551039934158325,-7.988573789596558,0.85001540184021,0.6291056871414185,0.4168763756752014,9.32197102308642,0.13628393825297636,22.447263908556767,20.5292405898151,3.0,2.375,6.359779298657986,1.7041332241496594,7.493362561022451,1.728214027551438,0.7609417170063718,1.1888141792411937,2.8704306815654705,0.3612231289502983,0.6231585364516832,0.3020219721079229,0.7698572827220169,0.25770520309449374,-0.920088529586792,1.0021940916776657,2.432787775993347,0.905713558197021,1.2438172670081258,0.6327875265851615,1.1026630273489622,0.3271421595736962,19.322140005090894,11.51125677233335,0.5,0.5,8.716875940514807,1.233548453440564,7.076449175038167,1.2475660350526185,-0.9285336652692457,1.2153217194815116,2.3001577561625854,0.5153952184582042,2.914579858770594,0.4171185987070203,0.44131111421063396,0.33426613161215785,1.6041964292526245,0.7842229008674619,4.405492305755615,1.4297224879264832,0.5581856667995453,0.4195086285471917,2.9763521506894084,0.4913136013513082,17.42351996522568,17.515551928388096,0.5,1.0,7.064839375924032,1.5257714781144625,6.269406795244494,1.5158708518177493,-0.6312834506456876,1.3624678906792436,2.7084115849522226,0.7867429349128487,9.821620266884565,0.06835185736417948,0.592498697978282,0.4435063680328052,8.514678001403809,0.6625866889953613,12.026771068572998,2.821892738342287,0.6287468671798706,0.4051012992858887,9.860035781629714,0.08198294659436556,23.829472989980694,20.301255953648617,3.0,1.5,6.437448173287057,1.9058471778967752,7.687872714207508,1.6766497789462012,1.1432997683435477,1.1209834732910349,2.8302398157552964,0.3376455977928621,-0.0863983142957505,0.24115021583335572,-0.3871753767785554,0.3937973695885078,-0.2295250543686999,0.35044236499635245
e9fc55,-9.752462033182384,0.4266885658726096,0.9483157653834152,0.9067160450115554,-13.36223602294922,4.407440185546877,-7.587541103363037,1.1442418098449707,0.9779624938964844,1.2544199824333189,9.81404621804196,0.4831723767568281,41.56265650413519,36.93481778222981,3.5,2.75,7.145465235453593,4.7149811512959,8.42324034989991,5.967069628595897,0.7854807624185225,1.6781346133600976,2.899580696514426,0.7835452393074611,0.2399137442853316,0.33610650175251067,0.9387059872626644,1.0191311222721189,-1.7352558374404907,2.0391410142183304,2.493898630142212,2.2500376850366592,1.3825642615556717,1.5930250771343708,1.0453461377666582,0.7021509998714939,26.56889050279512,26.85076224836969,1.0,1.5,8.64128450032571,5.278180295561093,7.723360449974407,6.880460519492168,-0.4859274484623251,1.5851188705441386,2.519728512442529,1.005097653151931,0.4082339132273773,2.742380082495856,0.7366055125469076,0.6919587207292901,-1.6374212503433228,1.8209011852741241,2.677766799926758,4.985625982284546,0.8752608001232147,0.8932535350322723,1.4103161296101425,1.8755446746602615,35.829434088493166,38.27774637323139,2.0,1.5,7.873519422435563,3.6919256231679043,6.977138322591929,2.4782828801488437,-0.8255545832674058,1.5793225003578983,3.088390710687108,0.642785708210504,9.878260537981989,0.1094120042398572,0.9534126434997564,0.9002283932043347,7.949324131011963,1.277461290359497,13.619072914123535,3.9271464347839355,0.9364957809448242,1.1778615713119507,9.94454233737217,0.16078022040788298,40.14003204586172,37.214854120878904,3.5,2.5,6.990428791731756,4.723438827021125,8.544956755556283,5.950573764495514,1.065040798264823,1.5816584309616564,2.930752946218756,0.7085118355164437,-0.0372812115373472,0.22464800252676237,-0.0016590425653209,0.32265919396878245,0.0009082991237796,0.2421968857502172
eeaff0,-9.504934313707054,0.3945696419104934,0.8238481466698007,0.848206501635719,-12.368273735046388,3.28691077232361,-7.724136829376221,1.0962607860565186,0.8387408256530762,0.9860615134239197,9.559085388652534,0.4390713231964938,32.4362006274569,32.61908596555076,2.0,2.375,7.523312004748783,2.94041121783557,7.930125893094859,4.027564131728558,0.1387634533719076,1.1794348469476084,2.770593704410749,0.5564404054567587,0.7008728784649065,0.28180768241418264,1.0821059639345312,0.9217588051097507,-1.9867987036705017,2.513399521820247,2.8524105548858643,1.7130081355571747,1.6349737346172333,1.6026164165232333,1.3948985898494923,0.5596714836512451,27.344128755451663,26.17633791392017,1.0,0.5,9.177385467918995,2.942734339438566,7.951511112726786,3.7385228804516517,-0.7524835916809889,1.2483801865135005,2.339484909578996,0.5931678377935263,-1.3165228937575648,1.3696595907113078,0.8070667159602484,0.5683721194543544,-3.9369466304779053,1.6600617170333862,2.101741075515747,2.120265245437622,0.8852880373597145,0.5371311120688915,1.8478390313775537,1.7329598167208695,34.15058661249181,40.37617867719708,2.0,2.0,8.057347652548739,1.7064430358815486,6.912618071268417,3.3794014816129216,-0.4227088133926489,1.3961234250360692,2.9858940372428293,0.5867180213699625,9.74971828982234,0.14360273908823729,0.7568321470950798,0.9001398508222982,8.192184448242188,1.3069238662719727,12.85665798187256,3.5280885696411133,0.8198144435882568,1.042129397392273,9.791072264612051,0.18024989115748014,32.28822458839915,32.249594091023866,2.5,3.0,7.208771666658979,3.23079440774531,7.939257931232079,3.8809191149896387,0.40040570002440967,1.5389261994319536,2.8179394134855587,0.6051911554815042,0.01726965153853665,0.2582537544507728,-0.10495776604922924,0.3524180771033125,0.09990095633933149,0.2601301862970002
f2c8aa,-9.525020334869623,0.11285634897649288,0.9133192455634159,0.6542338908617995,-12.770946264266968,3.0081501007080087,-7.436613321304321,0.7494728565216064,0.9267709851264954,0.7279177606105806,9.58966847793393,0.14785478399729168,35.65851227601213,21.86393708711049,2.0,1.5,7.930032630907631,2.61456056076185,8.253589442086735,1.4200390541695116,-0.09552539541930019,1.531282832446184,2.738172414435711,0.5649931164072175,-0.19552859410987364,0.32163446410777397,0.8754505264886147,0.3141859583547284,-2.4843741059303284,0.9685783535242083,1.9149487614631653,0.9919351935386658,1.175047004595399,0.7051429310813546,0.9503833803584425,0.27821072544448794,34.45131903694313,18.074711039102116,1.0,0.625,8.205814861355384,1.1032492992104244,7.842211426455021,1.179974987006367,-0.2783979269481945,1.0638234018952426,2.8141201492915964,0.4777928361976087,1.4786429622179185,0.37806288549768396,0.8640022596458574,0.4277680217390226,-0.5307952165603638,0.919827952980995,4.39550542831421,1.625804841518402,1.0240000784397125,0.7298212866298854,1.6737031023384494,0.35062723353586356,34.400508481633125,27.06846858272337,2.0,1.25,8.293998400914347,1.514419486235235,7.355494134852532,1.3806792438159943,-0.716096826557433,1.1455292410747206,2.759916438292615,0.6387674125703202,9.732279651798308,0.08303576242178679,0.9611597677080563,0.6605393021141606,7.955695390701294,0.8133127689361572,13.422313690185547,3.3826591968536377,0.8858476877212524,0.7065024971961975,9.77765451240223,0.1316751739977038,35.81362500539135,22.00008527660675,2.0,1.875,7.963847548255657,2.771719694531969,8.284309153643271,1.4139202618710787,-0.06949103617253485,1.5880320181636214,2.759046093358444,0.5552212127158098,0.0130433759511254,0.286159409975252,-0.22650212236031855,0.4525175110002071,0.0523914557481235,0.2982979932149984
f62eec,-9.185328790917993,0.27820419427007437,0.787485135661733,0.39748918072157924,-11.342498779296877,1.315456628799435,-7.260479927062988,0.7759759426116943,0.9887878894805908,0.7330335974693298,9.22097424600911,0.28091628829877635,25.676395148696898,15.808690928135448,3.0,1.5,7.4044828855854705,1.1503698038432493,8.098497254372408,1.742714352703274,0.6322023786893164,1.300754589121131,2.560274085395527,0.4108485214626332,-0.2999478244091733,0.3620655940590325,0.8102276751474579,0.3142484056753082,-2.0390896797180176,0.8699256181716923,1.6109182834625244,0.8989089727401733,1.098429188132286,0.49893211014568806,0.8883045683368311,0.2756465794906552,20.790680819965004,12.145007813849338,1.0,2.125,8.237951706102189,1.1412521106387388,8.087873298814447,1.634981129042524,-0.3689889689663874,1.3661580004810259,2.394297049563993,0.3290650789930645,2.9183117474312894,0.7217563658632571,0.671003154136325,0.34592894812429686,1.0783570408821106,2.1471376717090607,5.62893009185791,1.4067001342773438,0.8377971053123474,0.49377504736185074,3.015159707072928,0.6555373337791885,27.915194815737124,26.43247728232803,1.5,2.25,7.280542204149925,1.679288811752377,7.248353365797009,1.4496120737047633,-0.4183375781231038,1.3076508133388045,3.130564324706531,0.577399595099338,9.751732809469104,0.07187760807573618,0.837265794601165,0.4207199685145464,7.99799656867981,0.8128516674041748,11.985615253448486,1.4353895187377912,0.9970568418502808,0.7561990022659302,9.788245028597922,0.093812172005304,26.00130564824223,16.523393532029495,3.0,1.125,7.382060151267069,1.2995310410600762,8.237538678570145,1.5601804160216632,0.7642329289634386,1.2334082057973763,2.6909294195211144,0.4513824539142046,-0.09833965763792285,0.2521240897319252,-0.2020562393600845,0.2360643615765795,0.1389912686483316,0.3472459538467706
f686f0,-9.494943303056061,0.1717823026701799,0.9770624715436338,0.6738633614157332,-12.339889526367188,3.0245910882949802,-7.372815132141113,1.407951295375824,1.0309101343154907,0.9347306936979294,9.59860383593291,0.1429710720911066,36.445331535447494,33.4816545395715,3.25,3.0,7.375639408326485,2.6174003674508177,8.459905132860115,2.4840708139480334,0.5915522052404221,1.6745330159623237,2.7957114134465932,0.6239906334308549,0.7133956454133568,0.2184300117927479,0.9082261259572424,0.753995020814401,-1.7915879487991333,2.647069960832596,3.415820360183716,2.1708267629146576,1.2724077589809895,1.349802700802684,1.3999267478832929,0.517894048720368,33.29886975677229,29.91325497133999,1.0,1.5,8.276849812047235,2.023088944707519,8.315064324030406,2.9225999295182907,0.05141203108254565,1.2160605622855343,2.8634366301161203,0.45601617349054724,1.7312067460417495,0.8575065374401447,1.0453765685404317,0.7827056872423971,-0.28886360116302967,1.2688336223363876,5.148813962936401,2.63162499666214,1.1669920682907104,0.8085692413151264,2.0743046592655356,0.6796630633863734,44.06759346818352,46.16360481561085,2.0,2.6875,8.184158330440258,2.6474178753719846,7.857190879701662,2.3604198361883713,-0.4986160383918251,1.5849645737060594,3.039917149989959,0.6794757865092418,9.833206043578684,0.15429270965978592,0.9663305092131818,0.8895370068382839,7.730409502983093,1.3699250221252437,13.385668992996216,3.790640354156494,1.0159271955490112,1.0047010481357574,9.891924478956629,0.24220423339380748,39.529574095573395,44.53814326155024,3.375,4.375,7.286170530123424,2.953453010904838,8.505155304229024,2.647046327098945,0.38306584872239774,1.8764724539217206,2.809567496771285,0.5809399834811597,0.011686117888415972,0.28415928878333113,-0.23287458758688528,0.2876923145020482,0.1124651125158169,0.23303202798353057
fa8764,-9.747371120378375,0.3390445504337567,1.0372212237199485,1.1063410556734508,-14.942753791809082,8.408002853393555,-7.832914352416992,1.1947572231292725,0.9683763980865479,0.5407658815383909,9.812881844297024,0.39163648268070617,39.508614882656104,52.63580041384199,3.0,3.5,8.085630123529889,2.403271363747894,8.743736077793612,2.733496613706781,0.6763503361471319,1.1621631024378953,2.8648511104186594,0.3611939056606621,-0.9963332493414327,0.6063848474586848,1.0418928142610566,0.7135130667034117,-3.324070453643799,1.5203396081924438,1.3754268884658811,2.058688461780548,1.3839066326618195,1.2858817521482706,1.5333848812299742,0.6110700000018143,25.844134521519294,20.4693713235662,1.0,0.5,8.80515232506992,1.8990694933413792,7.761131641942701,2.244683640935846,-0.9495226453946378,1.8435656567756313,2.2704741662227903,0.7926181093754667,-0.8698516385509265,0.7150339813379107,0.9052480739787934,0.8774599179970248,-3.405639171600342,1.7194167375564584,3.1493455171585083,4.298457086086273,1.0792658403515816,0.8619015896692872,1.652112870656619,1.5108296838692088,31.876494741941343,28.409703642729333,1.0,1.375,8.297528740737224,1.944840260076072,7.400565739820464,2.3239872324825024,-0.44381003021772636,1.4512983576530032,2.7817730688613915,0.5790250997326578,10.00720086041838,0.10723217856138945,1.016422281442337,1.2207251747539702,8.055525779724121,1.3174457550048828,15.097414493560791,8.413552284240724,0.8485045433044434,0.5420809984207153,10.088525695582373,0.23845713909437372,39.213049227761005,51.483101926431694,2.75,3.0,7.887828034323895,2.8805931642152407,8.827740619910756,2.7341644282301214,0.8715647459424299,1.0855291335296144,2.8911412097390654,0.3752461314932001,-0.1597875845877777,0.3480118544041802,-0.0725769336272162,0.35068525773454384,0.1787213753421473,0.3697876756863551
