AccV,AccML,AccAP,FoG
-9.433,-1.742,0.08,0
-9.431,-1.731,0.084,0
-9.431,-1.715,0.062,0
-9.419,-1.719,0.006,0
-9.405,-1.749,-0.048,0
-9.384,-1.778,-0.104,0
-9.366,-1.817,-0.125,0
-9.357,-1.849,-0.184,0
-9.36,-1.889,-0.2,0
-9.385,-1.896,-0.225,0
-9.385,-1.919,-0.23,0
-9.38,-1.936,-0.234,0
-9.375,-1.941,-0.216,0
-9.368,-1.925,-0.186,0
-9.385,-1.887,-0.15,0
-9.399,-1.846,-0.111,0
-9.404,-1.798,-0.048,0
-9.414,-1.776,-0.005,0
-9.425,-1.781,0.06,0
-9.425,-1.76,0.103,0
-9.432,-1.737,0.103,0
-9.43,-1.741,0.081,0
-9.423,-1.728,0.058,0
-9.435,-1.707,0.022,0
-9.421,-1.701,-0.007,0
-9.41,-1.717,-0.014,0
-9.405,-1.762,-0.05,0
-9.406,-1.809,-0.07,0
-9.387,-1.843,-0.109,0
-9.382,-1.861,-0.16,0
-9.393,-1.881,-0.188,0
-9.373,-1.874,-0.205,0
-9.374,-1.868,-0.202,0
-9.376,-1.87,-0.215,0
-9.37,-1.853,-0.184,0
-9.385,-1.859,-0.17,0
-9.376,-1.862,-0.132,0
-9.388,-1.857,-0.096,0
-9.388,-1.862,-0.071,0
-9.387,-1.875,-0.032,0
-9.392,-1.864,-0.01,0
-9.394,-1.859,-0.005,0
-9.403,-1.843,-0.003,0
-9.404,-1.833,0.003,0
-9.404,-1.815,0.017,0
-9.409,-1.798,0.008,0
-9.407,-1.769,-0.023,0
-9.405,-1.771,-0.055,0
-9.404,-1.78,-0.08,0
-9.405,-1.778,-0.112,0
-9.407,-1.792,-0.123,0
-9.398,-1.794,-0.134,0
-9.395,-1.816,-0.148,0
-9.39,-1.835,-0.15,0
-9.383,-1.848,-0.152,0
-9.38,-1.877,-0.147,0
-9.382,-1.886,-0.131,0
-9.378,-1.887,-0.114,0
-9.378,-1.889,-0.104,0
-9.385,-1.882,-0.08,0
-9.389,-1.875,-0.064,0
-9.405,-1.847,-0.064,0
-9.402,-1.81,-0.057,0
-9.412,-1.78,-0.033,0
-9.407,-1.762,-0.012,0
-9.408,-1.754,-0.013,0
-9.417,-1.76,-0.01,0
-9.41,-1.77,0.001,0
-9.412,-1.785,0.001,0
-9.406,-1.805,-0.003,0
-9.411,-1.809,-0.003,0
-9.416,-1.801,-0.003,0
-9.409,-1.787,-0.014,0
-9.409,-1.769,-0.012,0
-9.404,-1.785,-0.05,0
-9.404,-1.791,-0.059,0
-9.398,-1.787,-0.069,0
-9.393,-1.81,-0.091,0
-9.392,-1.824,-0.106,0
-9.391,-1.826,-0.139,0
-9.383,-1.837,-0.152,0
-9.381,-1.844,-0.166,0
-9.374,-1.862,-0.177,0
-9.38,-1.877,-0.166,0
-9.394,-1.882,-0.135,0
-9.387,-1.886,-0.111,0
-9.39,-1.884,-0.105,0
-9.395,-1.853,-0.08,0
-9.404,-1.821,-0.06,0
-9.402,-1.814,-0.035,0
-9.404,-1.814,-0.003,0
-9.404,-1.819,0.008,0
-9.407,-1.808,0.058,0
-9.409,-1.796,0.053,0
-9.412,-1.758,0.038,0
-9.428,-1.735,0.003,0
-9.433,-1.719,-0.001,0
-9.419,-1.726,-0.025,0
-9.405,-1.753,-0.059,0
-9.402,-1.782,-0.098,0
-9.388,-1.828,-0.134,0
-9.377,-1.837,-0.173,0
-9.368,-1.858,-0.186,0
-9.369,-1.882,-0.177,0
-9.365,-1.894,-0.162,0
-9.373,-1.905,-0.13,0
-9.375,-1.897,-0.12,0
-9.366,-1.895,-0.129,0
-9.374,-1.887,-0.123,0
-9.39,-1.859,-0.127,0
-9.399,-1.839,-0.112,0
-9.404,-1.814,-0.075,0
-9.404,-1.801,-0.042,0
-9.405,-1.791,-0.025,0
-9.407,-1.792,-0.004,0
-9.418,-1.778,0.001,0
-9.43,-1.767,-0.001,0
-9.421,-1.769,-0.01,0
-9.421,-1.763,-0.017,0
-9.409,-1.762,-0.019,0
-9.421,-1.776,-0.015,0
-9.416,-1.79,-0.044,0
-9.406,-1.81,-0.06,0
-9.409,-1.816,-0.076,0
-9.391,-1.828,-0.105,0
-9.384,-1.837,-0.11,0
-9.388,-1.849,-0.119,0
-9.384,-1.851,-0.108,0
-9.387,-1.831,-0.088,0
-9.403,-1.808,-0.085,0
-9.399,-1.806,-0.084,0
-9.407,-1.806,-0.076,0
-9.402,-1.815,-0.069,0
-9.394,-1.815,-0.085,0
-9.391,-1.815,-0.085,0
-9.396,-1.817,-0.058,0
-9.4,-1.815,-0.038,0
-9.405,-1.804,-0.031,0
-9.405,-1.801,-0.053,0
-9.402,-1.817,-0.06,0
-9.397,-1.835,-0.076,0
-9.4,-1.855,-0.078,0
-9.397,-1.848,-0.089,0
-9.393,-1.84,-0.067,0
-9.395,-1.837,-0.06,0
-9.4,-1.824,-0.047,0
-9.405,-1.815,-0.024,0
-9.407,-1.801,-0.019,0
-9.402,-1.806,-0.031,0
-9.4,-1.801,-0.062,0
-9.401,-1.79,-0.094,0
-9.399,-1.775,-0.119,0
-9.398,-1.774,-0.126,0
-9.408,-1.783,-0.124,0
-9.398,-1.81,-0.108,0
-9.396,-1.827,-0.113,0
-9.405,-1.824,-0.096,0
-9.398,-1.811,-0.099,0
-9.405,-1.792,-0.076,0
-9.407,-1.792,-0.045,0
-9.415,-1.793,-0.034,0
-9.417,-1.788,-0.015,0
-9.414,-1.783,-0.004,0
-9.424,-1.774,-0.002,0
-9.424,-1.754,-0.011,0
-9.42,-1.766,-0.014,0
-9.412,-1.781,-0.022,0
-9.405,-1.806,-0.047,0
-9.407,-1.824,-0.061,0
-9.404,-1.848,-0.071,0
-9.402,-1.833,-0.083,0
-9.396,-1.815,-0.095,0
-9.405,-1.808,-0.096,0
-9.398,-1.811,-0.106,0
-9.393,-1.817,-0.094,0
-9.393,-1.831,-0.083,0
-9.395,-1.824,-0.056,0
-9.399,-1.823,-0.028,0
-9.408,-1.806,-0.041,0
-9.405,-1.785,-0.044,0
-9.407,-1.787,-0.071,0
-9.405,-1.781,-0.076,0
-9.41,-1.779,-0.085,0
-9.414,-1.781,-0.076,0
-9.395,-1.787,-0.084,0
-9.405,-1.81,-0.085,0
-9.402,-1.801,-0.085,0
-9.405,-1.802,-0.059,0
-9.403,-1.799,-0.042,0
-9.403,-1.795,-0.027,0
-9.421,-1.792,-0.033,0
-9.41,-1.795,-0.027,0
-9.405,-1.804,-0.029,0
-9.41,-1.795,-0.011,0
-9.405,-1.788,-0.02,0
-9.409,-1.783,-0.035,0
-9.405,-1.769,-0.053,0
-9.408,-1.779,-0.074,0
-9.403,-1.799,-0.101,0
-9.398,-1.802,-0.124,0
-9.396,-1.799,-0.133,0
-9.407,-1.792,-0.14,0
-9.403,-1.769,-0.119,0
-9.419,-1.751,-0.094,0
-9.415,-1.761,-0.054,0
-9.417,-1.74,-0.044,0
-9.419,-1.74,-0.024,0
-9.403,-1.751,-0.024,0
-9.403,-1.77,-0.013,0
-9.403,-1.777,-0.006,0
-9.412,-1.783,-0.004,0
-9.415,-1.779,-0.004,0
-9.406,-1.761,-0.023,0
-9.408,-1.754,-0.038,0
-9.403,-1.752,-0.04,0
-9.402,-1.813,-0.035,0
-9.411,-1.732,-0.022,0
-9.428,-1.657,-0.029,0
-9.428,-1.751,-0.128,0
-9.406,-1.718,-0.051,0
-9.408,-1.738,-0.099,0
-9.394,-1.862,-0.055,0
-9.386,-1.844,0.03,0
-9.439,-1.52,0.041,0
-9.471,-1.506,-0.122,0
-9.444,-1.596,-0.192,0
-9.384,-1.804,-0.185,0
-9.382,-1.849,-0.094,0
-9.401,-1.77,0.002,0
-9.431,-1.688,0.028,0
-9.434,-1.691,-0.002,0
-9.417,-1.731,-0.017,0
-9.398,-1.765,-0.058,0
-9.398,-1.79,-0.082,0
-9.396,-1.808,-0.065,0
-9.394,-1.813,-0.045,0
-9.393,-1.826,-0.049,0
-9.395,-1.853,-0.047,0
-9.395,-1.844,-0.047,0
-9.398,-1.797,-0.063,0
-9.408,-1.767,-0.085,0
-9.406,-1.718,-0.085,0
-9.418,-1.677,-0.054,0
-9.425,-1.704,-0.072,0
-9.403,-1.736,-0.051,0
-9.407,-1.783,-0.069,0
-9.41,-1.783,-0.067,0
-9.408,-1.752,-0.065,0
-9.42,-1.709,-0.056,0
-9.425,-1.7,-0.051,0
-9.417,-1.717,-0.069,0
-9.401,-1.734,-0.053,0
-9.396,-1.754,-0.067,0
-9.391,-1.797,-0.073,0
-9.373,-1.815,-0.069,0
-9.375,-1.813,-0.071,0
-9.389,-1.804,-0.07,0
-9.398,-1.803,-0.058,0
-9.409,-1.822,-0.076,0
-9.386,-1.815,-0.06,0
-9.396,-1.803,-0.064,0
-9.401,-1.784,-0.088,0
-9.394,-1.777,-0.094,0
-9.416,-1.787,-0.112,0
-9.414,-1.769,-0.101,0
-9.441,-1.677,-0.153,0
-9.436,-1.649,-0.118,0
-9.436,-1.643,-0.11,0
-9.425,-1.678,-0.068,0
-9.41,-1.754,-0.029,0
-9.405,-1.817,-0.015,0
-9.389,-1.826,-0.011,0
-9.396,-1.813,-0.011,0
-9.401,-1.786,-0.02,0
-9.403,-1.766,-0.04,0
-9.406,-1.762,-0.068,0
-9.403,-1.772,-0.087,0
-9.394,-1.79,-0.076,0
-9.395,-1.824,-0.06,0
-9.387,-1.815,-0.058,0
-9.387,-1.802,-0.069,0
-9.405,-1.804,-0.074,0
-9.405,-1.799,-0.083,0
-9.405,-1.806,-0.094,0
-9.398,-1.806,-0.112,0
-9.4,-1.812,-0.105,0
-9.405,-1.803,-0.096,0
-9.416,-1.79,-0.085,0
-9.418,-1.778,-0.071,0
-9.409,-1.772,-0.053,0
-9.406,-1.766,-0.063,0
-9.4,-1.78,-0.057,0
-9.384,-1.792,-0.051,0
-9.395,-1.81,-0.039,0
-9.402,-1.824,-0.024,0
-9.404,-1.821,-0.017,0
-9.417,-1.83,-0.026,0
-9.43,-1.797,-0.047,0
-9.418,-1.776,-0.069,0
-9.419,-1.758,-0.092,0
-9.415,-1.747,-0.094,0
-9.411,-1.755,-0.097,0
-9.406,-1.777,-0.092,0
-9.405,-1.779,-0.069,0
-9.407,-1.779,-0.06,0
-9.399,-1.786,-0.045,0
-9.396,-1.81,-0.042,0
-9.396,-1.806,-0.045,0
-9.391,-1.799,-0.065,0
-9.387,-1.781,-0.094,0
-9.394,-1.786,-0.115,0
-9.396,-1.792,-0.121,0
-9.391,-1.808,-0.119,0
-9.373,-1.811,-0.11,0
-9.377,-1.803,-0.112,0
-9.386,-1.81,-0.105,0
-9.373,-1.824,-0.09,0
-9.375,-1.822,-0.092,0
-9.382,-1.819,-0.098,0
-9.382,-1.804,-0.096,0
-9.403,-1.802,-0.11,0
-9.398,-1.792,-0.121,0
-9.403,-1.806,-0.108,0
-9.405,-1.796,-0.098,0
-9.414,-1.776,-0.074,0
-9.428,-1.778,-0.06,0
-9.429,-1.779,-0.043,0
-9.416,-1.783,-0.033,0
-9.423,-1.792,-0.004,0
-9.415,-1.807,0.029,0
-9.416,-1.817,0.03,0
-9.414,-1.822,0.003,0
-9.423,-1.819,-0.006,0
-9.41,-1.802,-0.025,0
-9.412,-1.772,-0.053,0
-9.406,-1.755,-0.093,0
-9.408,-1.756,-0.128,0
-9.401,-1.775,-0.126,0
-9.401,-1.767,-0.13,0
-9.401,-1.772,-0.103,0
-9.403,-1.792,-0.09,0
-9.398,-1.806,-0.107,0
-9.384,-1.826,-0.089,0
-9.384,-1.851,-0.079,0
-9.384,-1.854,-0.083,0
-9.365,-1.865,-0.092,0
-9.368,-1.845,-0.11,0
-9.376,-1.802,-0.119,0
-9.396,-1.787,-0.116,0
-9.401,-1.772,-0.126,0
-9.395,-1.736,-0.121,0
-9.406,-1.718,-0.117,0
-9.399,-1.734,-0.107,0
-9.396,-1.779,-0.089,0
-9.398,-1.81,-0.044,0
-9.393,-1.815,0.003,0
-9.412,-1.79,0.028,0
-9.414,-1.785,0.044,0
-9.43,-1.788,0.021,0
-9.427,-1.801,-0.015,0
-9.42,-1.821,-0.042,0
-9.402,-1.84,-0.07,0
-9.411,-1.842,-0.085,0
-9.399,-1.837,-0.101,0
-9.391,-1.856,-0.126,0
-9.392,-1.873,-0.126,0
-9.395,-1.869,-0.13,0
-9.391,-1.854,-0.149,0
-9.381,-1.844,-0.162,0
-9.385,-1.827,-0.183,0
-9.387,-1.82,-0.182,0
-9.391,-1.803,-0.198,0
-9.4,-1.813,-0.191,0
-9.402,-1.812,-0.182,0
-9.395,-1.812,-0.171,0
-9.394,-1.804,-0.13,0
-9.408,-1.786,-0.108,0
-9.403,-1.797,-0.076,0
-9.402,-1.806,-0.065,0
-9.412,-1.79,-0.042,0
-9.426,-1.783,-0.02,0
-9.422,-1.741,-0.002,0
-9.431,-1.743,-0.004,0
-9.419,-1.774,-0.017,0
-9.419,-1.804,-0.004,0
-9.419,-1.822,-0.021,0
-9.404,-1.824,-0.017,0
-9.402,-1.821,-0.024,0
-9.408,-1.844,-0.028,0
-9.425,-1.83,-0.033,0
-9.457,-1.826,-0.047,0
-9.568,-1.887,-0.067,0
-9.593,-1.879,-0.071,0
-9.527,-1.79,-0.074,0
-9.506,-1.74,-0.102,0
-9.515,-1.694,-0.124,0
-9.517,-1.685,-0.117,0
-9.564,-1.698,-0.11,0
-9.598,-1.715,-0.092,0
-9.476,-1.614,-0.109,0
-9.533,-1.641,-0.112,0
-9.479,-1.562,-0.156,0
-9.46,-1.463,-0.131,0
-9.536,-1.434,-0.025,0
-9.432,-1.385,-0.059,0
-9.59,-1.362,-0.063,0
-9.425,-1.266,-0.083,0
-9.422,-1.192,-0.168,0
-9.658,-1.215,-0.158,0
-9.282,-1.197,-0.148,0
-9.587,-1.041,-0.192,0
-9.527,-1.235,-0.104,0
-9.454,-1.012,-0.107,0
-9.505,-1.061,-0.026,0
-9.476,-0.928,-0.091,0
-9.64,-0.937,-0.068,0
-9.516,-0.966,-0.112,0
-9.667,-0.835,-0.055,0
-9.667,-0.929,-0.061,0
-12.288,-0.187,0.252,0
-12.683,-1.17,-0.041,0
-11.01,-1.134,-0.37,0
-10.205,-0.774,-2.1,0
-9.946,-0.657,-2.207,0
-10.083,-0.852,-0.791,0
-10.456,-0.845,0.162,0
-10.237,-0.773,0.297,0
-10.226,-1.377,0.037,0
-10.089,-1.379,0.278,0
-10.127,-1.09,0.224,0
-10.122,-1.061,-0.232,0
-9.891,-0.526,-0.957,0
-9.216,-0.46,-1.588,0
-8.732,-0.14,-1.784,0
-9.185,-0.688,-1.378,0
-9.86,-0.986,-0.901,0
-10.079,-0.956,-0.007,0
-9.934,-1.053,0.927,0
-9.916,-1.185,1.559,0
-10.039,-0.976,1.432,0
-10.028,-0.844,1.192,0
-9.75,-0.672,0.7,0
-9.553,-0.662,0.501,0
-9.602,-0.634,0.207,0
-9.65,-0.583,0.19,0
-9.694,-0.529,0.538,0
-9.5,-0.555,0.851,0
-9.317,-0.722,0.93,0
-9.422,-0.543,0.812,0
-9.275,-0.676,0.738,0
-9.227,-0.584,0.837,0
-9.371,-0.588,0.86,0
-9.533,-0.599,0.987,0
-9.472,-0.635,1.228,0
-9.384,-0.627,1.273,0
-9.482,-0.69,1.168,0
-9.714,-0.759,1.183,0
-9.75,-0.852,1.157,0
-9.755,-0.926,0.915,0
-9.855,-0.909,0.755,0
-9.95,-0.912,0.935,0
-9.923,-0.94,1.326,0
-10.056,-0.918,1.565,0
-10.231,-0.994,1.744,0
-10.299,-0.968,1.8,0
-10.114,-0.89,1.743,0
-10.023,-0.789,1.894,0
-9.997,-0.71,1.906,0
-9.806,-0.671,1.971,0
-9.643,-0.703,2.265,0
-9.438,-0.736,2.411,0
-9.156,-0.702,2.463,0
-9.027,-0.769,2.447,0
-9.031,-0.872,2.342,0
-9.074,-0.918,2.277,0
-9.222,-0.982,2.57,0
-9.456,-1.016,2.864,0
-9.529,-1.047,2.977,0
-9.411,-1.015,3.049,0
-9.276,-0.973,3.035,0
-9.327,-0.987,2.882,0
-9.677,-1.011,2.751,0
-10.056,-0.975,2.785,0
-10.263,-1.001,2.977,0
-10.353,-1.146,3.337,0
-10.313,-1.33,3.672,0
-10.115,-1.443,3.772,0
-10.043,-1.435,3.77,0
-9.986,-1.315,3.795,0
-9.817,-1.027,3.806,0
-9.546,-0.785,3.708,0
-9.206,-0.711,3.419,0
-8.992,-0.719,3.394,0
-8.941,-0.851,3.7,0
-8.902,-1.041,4.196,0
-8.878,-1.109,4.381,0
-8.981,-1.033,4.46,0
-8.576,-0.835,4.48,0
-7.929,-0.567,4.524,0
-7.553,-0.546,4.648,0
-7.756,-0.543,5.045,0
-8.376,-0.684,5.658,0
-8.803,-0.783,5.727,0
-8.886,-0.896,5.406,0
-8.567,-0.881,5.505,0
-8.001,-0.891,6.101,0
-7.691,-1.238,7.039,0
-7.858,-1.558,7.376,0
-7.875,-1.575,7.076,0
-7.703,-1.456,6.732,0
-7.653,-1.456,6.503,0
-7.66,-1.518,6.709,0
-7.672,-1.604,7.222,0
-7.58,-1.63,7.635,0
-7.421,-1.534,7.861,0
-7.089,-1.299,7.725,0
-6.752,-1.063,7.379,0
-6.532,-0.947,7.212,0
-6.495,-0.921,7.055,0
-6.529,-0.996,6.898,0
-6.531,-1.176,6.887,0
-6.566,-1.39,7.04,0
-6.588,-1.551,7.093,0
-6.507,-1.557,7.287,0
-6.396,-1.479,7.58,0
-6.372,-1.317,7.51,0
-6.332,-1.044,7.16,0
-6.342,-0.759,6.823,0
-6.524,-0.529,6.732,0
-6.729,-0.389,6.782,0
-6.859,-0.415,6.62,0
-6.846,-0.532,6.505,0
-6.717,-0.703,6.92,0
-6.641,-0.945,7.535,0
-6.687,-1.181,7.795,0
-6.642,-1.313,7.67,0
-6.552,-1.325,7.35,0
-6.539,-1.356,6.853,0
-6.513,-1.46,6.599,0
-6.488,-1.591,6.699,0
-6.509,-1.687,6.478,0
-6.45,-1.698,6.063,0
-6.32,-1.804,6.072,0
-6.291,-2.066,6.521,0
-6.454,-2.302,7.068,0
-6.683,-2.35,7.322,0
-6.827,-2.237,7.281,0
-6.866,-2.084,6.962,0
-6.768,-1.79,6.547,0
-6.508,-1.446,6.273,0
-6.23,-1.203,6.22,0
-6.091,-1.212,6.317,0
-6.088,-1.356,6.591,0
-6.25,-1.549,6.756,0
-6.436,-1.717,6.637,0
-6.494,-1.748,6.286,0
-6.46,-1.644,5.801,0
-6.441,-1.491,5.543,0
-6.51,-1.436,5.658,0
-6.681,-1.524,5.979,0
-6.919,-1.707,6.28,0
-7.136,-1.922,6.45,0
-7.162,-2.137,6.563,0
-7.137,-2.293,6.678,0
-7.105,-2.343,6.818,0
-7.133,-2.296,6.947,0
-7.21,-2.132,6.813,0
-7.214,-1.887,6.56,0
-7.163,-1.685,6.361,0
-7.109,-1.682,6.162,0
-6.964,-1.704,5.936,0
-6.848,-1.73,5.812,0
-6.868,-1.797,5.885,0
-6.958,-1.922,6.02,0
-6.989,-2.005,6.167,0
-7.016,-2.002,6.235,0
-7.089,-1.925,6.156,0
-7.18,-1.832,6.027,0
-7.238,-1.743,5.802,0
-7.236,-1.691,5.641,0
-7.185,-1.682,5.679,0
-7.193,-1.746,5.858,0
-7.29,-1.923,6.027,0
-7.342,-2.035,6.17,0
-7.33,-2.084,6.175,0
-7.307,-2.06,6.055,0
-7.307,-1.963,5.919,0
-7.33,-1.893,5.847,0
-7.375,-1.878,5.807,0
-7.456,-1.81,5.731,0
-7.558,-1.763,5.583,0
-7.659,-1.757,5.508,0
-7.681,-1.682,5.44,0
-7.683,-1.547,5.424,0
-7.747,-1.513,5.56,0
-7.878,-1.472,5.616,0
-7.957,-1.404,5.541,0
-7.871,-1.335,5.415,0
-7.723,-1.402,5.305,0
-7.599,-1.486,5.259,0
-7.575,-1.657,5.23,0
-7.657,-1.885,5.341,0
-7.732,-2.118,5.563,0
-7.798,-2.27,5.762,0
-7.814,-2.274,5.777,0
-7.768,-2.169,5.63,0
-7.663,-1.973,5.438,0
-7.54,-1.741,5.243,0
-7.495,-1.564,5.158,0
-7.509,-1.413,5.031,0
-7.5,-1.264,4.825,0
-7.525,-1.259,4.929,0
-7.589,-1.335,5.185,0
-7.673,-1.368,5.349,0
-7.756,-1.366,5.313,0
-7.808,-1.356,5.18,0
-7.885,-1.335,5.022,0
-7.955,-1.343,4.893,0
-8.018,-1.44,4.896,0
-8.079,-1.585,4.887,0
-8.097,-1.736,4.724,0
-8.014,-1.822,4.537,0
-7.992,-1.91,4.569,0
-8.036,-2.002,4.666,0
-8.047,-2.006,4.84,0
-8.091,-1.958,5.034,0
-8.261,-1.863,5.157,0
-8.47,-1.696,5.018,0
-8.55,-1.459,4.749,0
-8.438,-1.28,4.482,0
-8.224,-1.154,4.371,0
-8.051,-1.132,4.382,0
-7.919,-1.195,4.47,0
-7.861,-1.274,4.583,0
-7.877,-1.384,4.555,0
-7.833,-1.472,4.441,0
-7.761,-1.568,4.464,0
-7.766,-1.685,4.568,0
-7.904,-1.793,4.613,0
-8.106,-1.877,4.609,0
-8.304,-1.899,4.526,0
-8.398,-1.834,4.369,0
-8.39,-1.695,4.264,0
-8.352,-1.601,4.317,0
-8.413,-1.589,4.342,0
-8.493,-1.623,4.207,0
-8.541,-1.589,4.096,0
-8.563,-1.508,4.141,0
-8.591,-1.41,4.218,0
-8.635,-1.344,4.187,0
-8.557,-1.317,4.166,0
-8.441,-1.349,4.246,0
-8.453,-1.405,4.275,0
-8.514,-1.457,4.209,0
-8.546,-1.461,4.08,0
-8.503,-1.434,3.954,0
-8.395,-1.377,3.927,0
-8.294,-1.365,4.012,0
-8.26,-1.4,4.238,0
-8.251,-1.427,4.41,0
-8.201,-1.455,4.5,0
-8.154,-1.452,4.419,0
-8.237,-1.475,4.252,0
-8.369,-1.486,4.121,0
-8.46,-1.457,4.031,0
-8.512,-1.4,4.009,0
-8.525,-1.303,3.94,0
-8.413,-1.163,4.087,0
-8.345,-1.14,4.168,0
-8.267,-1.133,4.172,0
-8.086,-1.151,4.17,0
-7.905,-1.167,4.17,0
-7.765,-1.172,4.238,0
-7.756,-1.169,4.299,0
-7.768,-1.17,4.29,0
-7.761,-1.172,4.328,0
-7.705,-1.182,4.353,0
-7.626,-1.154,4.378,0
-7.608,-1.131,4.356,0
-7.624,-1.113,4.296,0
-7.672,-1.086,4.31,0
-7.803,-1.045,4.326,0
-7.896,-0.989,4.277,0
-8.046,-0.964,4.164,0
-8.222,-0.914,4.06,0
-8.367,-0.855,4.081,0
-8.485,-0.847,4.105,0
-8.593,-0.879,4.017,0
-8.689,-0.922,3.922,0
-8.796,-1.006,3.798,0
-8.956,-1.142,3.745,0
-9.171,-1.249,3.765,0
-9.363,-1.343,3.844,0
-9.502,-1.424,3.939,0
-9.566,-1.481,3.989,0
-9.496,-1.498,3.96,0
-9.363,-1.5,3.987,0
-9.202,-1.537,4.093,0
-9.058,-1.517,4.149,0
-8.962,-1.469,4.172,0
-8.82,-1.328,4.101,0
-8.569,-1.075,3.886,0
-8.35,-0.829,3.701,0
-8.236,-0.587,3.617,0
-8.255,-0.334,3.629,0
-8.382,-0.159,3.65,0
-8.524,-0.079,3.691,0
-8.6,-0.04,3.659,0
-8.634,0.017,3.576,0
-8.652,0.123,3.435,0
-8.743,0.181,3.352,0
-8.91,0.199,3.325,0
-9.124,0.171,3.375,0
-9.328,0.096,3.45,0
-9.494,-0.072,3.595,0
-9.588,-0.276,3.71,0
-9.699,-0.517,3.882,0
-9.825,-0.681,3.855,0
-9.798,-0.631,3.562,0
-9.528,-0.442,3.107,0
-9.309,-0.317,2.752,0
-9.179,-0.274,2.707,0
-8.989,-0.284,2.822,0
-8.896,-0.349,2.908,0
-8.897,-0.436,2.949,0
-8.882,-0.49,3.012,0
-8.779,-0.481,3.027,0
-8.708,-0.461,2.959,0
-8.741,-0.459,2.777,0
-8.764,-0.389,2.546,0
-8.734,-0.337,2.418,0
-8.713,-0.308,2.488,0
-8.709,-0.327,2.689,0
-8.767,-0.356,2.971,0
-8.878,-0.372,3.215,0
-9.015,-0.376,3.378,0
-9.149,-0.334,3.378,0
-9.23,-0.308,3.36,0
-9.276,-0.298,3.301,0
-9.335,-0.266,3.141,0
-9.323,-0.315,3.109,0
-9.313,-0.502,3.252,0
-9.421,-0.912,3.535,0
-9.664,-1.417,3.732,0
-9.805,-1.72,3.714,0
-9.676,-1.762,3.481,0
-9.436,-1.628,3.109,0
-9.257,-1.408,2.799,0
-9.274,-1.196,2.612,0
-9.456,-0.998,2.613,0
-9.687,-0.801,2.776,0
-9.776,-0.552,2.907,0
-9.657,-0.314,3.094,0
-9.524,-0.166,3.279,0
-9.506,-0.137,3.446,0
-9.436,-0.161,3.613,0
-9.303,-0.176,3.681,0
-9.291,-0.32,3.706,0
-9.317,-0.527,3.638,0
-9.316,-0.754,3.537,0
-9.345,-1.037,3.392,0
-9.37,-1.308,3.264,0
-9.249,-1.508,3.14,0
-9.078,-1.661,3.036,0
-8.958,-1.793,2.969,0
-8.925,-1.855,2.955,0
-8.98,-1.82,3.005,0
-9.119,-1.773,3.119,0
-9.333,-1.633,3.275,0
-9.431,-1.408,3.391,0
-9.352,-1.14,3.447,0
-9.157,-0.932,3.462,0
-8.912,-0.785,3.518,0
-8.575,-0.658,3.645,0
-8.288,-0.566,3.737,0
-8.215,-0.66,3.807,0
-8.354,-0.881,4.035,0
-8.415,-1.031,4.17,0
-8.293,-1.099,4.112,0
-8.1,-1.108,3.867,0
-7.891,-1.066,3.47,0
-7.66,-1.055,3.116,0
-7.588,-1.207,2.925,0
-7.761,-1.489,2.861,0
-8.003,-1.771,2.82,0
-8.326,-2.105,2.898,0
-8.7,-2.437,3.059,0
-9.071,-2.51,3.118,0
-9.41,-2.457,3.086,0
-9.703,-2.315,3.068,0
-9.984,-2.058,3.118,0
-10.266,-1.779,3.141,0
-10.427,-1.478,3.143,0
-10.57,-1.269,3.228,0
-10.715,-1.109,3.379,0
-10.706,-1.069,3.337,0
-10.405,-1.145,3.149,0
-9.982,-1.251,3.006,0
-9.632,-1.439,2.882,0
-9.418,-1.651,2.767,0
-9.309,-1.817,2.652,0
-9.218,-1.918,2.559,0
-9.118,-1.926,2.512,0
-8.981,-1.912,2.53,0
-8.864,-1.884,2.655,0
-8.807,-1.895,2.846,0
-8.795,-1.839,3.022,0
-8.778,-1.774,3.045,0
-8.791,-1.705,2.907,0
-8.808,-1.713,2.704,0
-8.745,-1.718,2.553,0
-8.529,-1.652,2.509,0
-8.355,-1.553,2.534,0
-8.325,-1.498,2.572,0
-8.368,-1.471,2.61,0
-8.363,-1.481,2.58,0
-8.398,-1.559,2.408,0
-8.552,-1.651,2.157,0
-8.817,-1.662,2.104,0
-9.095,-1.51,2.196,0
-9.272,-1.343,2.339,0
-9.3,-1.259,2.557,0
-9.243,-1.227,2.784,0
-9.198,-1.178,2.855,0
-9.107,-1.101,2.782,0
-9.158,-0.999,2.721,0
-9.332,-0.847,2.787,0
-9.381,-0.737,2.947,0
-9.249,-0.71,3.085,0
-9.068,-0.722,3.233,0
-9.058,-0.839,3.543,0
-9.494,-1.083,4.205,0
-10.416,-1.349,4.934,0
-11.118,-1.359,5.352,0
-11.063,-1.134,5.155,0
-10.484,-0.788,4.257,0
-9.744,-0.493,3.351,0
-9.256,-0.537,3.084,0
-9.29,-0.95,3.277,0
-9.503,-1.336,3.498,0
-9.585,-1.571,3.761,0
-9.443,-1.697,3.908,0
-9.122,-1.736,3.933,0
-8.781,-1.686,3.618,0
-8.504,-1.556,3.243,0
-8.309,-1.373,2.978,0
-8.081,-1.121,2.869,0
-7.801,-0.825,2.908,0
-7.565,-0.553,3.036,0
-7.374,-0.365,3.232,0
-7.297,-0.245,3.458,0
-7.343,-0.2,3.652,0
-7.486,-0.26,3.856,0
-7.76,-0.377,3.998,0
-8.012,-0.414,4.037,0
-8.092,-0.43,3.956,0
-8.118,-0.378,3.766,0
-8.249,-0.286,3.553,0
-8.418,-0.095,3.275,0
-8.618,0.079,3.137,0
-8.896,0.085,3.33,0
-9.246,-0.047,3.678,0
-9.689,-0.262,3.803,0
-10.039,-0.535,3.729,0
-10.222,-0.626,3.504,0
-10.302,-0.576,3.203,0
-10.379,-0.527,3.02,0
-10.469,-0.411,2.875,0
-10.466,-0.287,2.814,0
-10.291,-0.22,2.823,0
-10.06,-0.174,2.764,0
-9.823,-0.163,2.662,0
-9.542,-0.12,2.583,0
-9.185,-0.081,2.564,0
-8.884,-0.104,2.595,0
-8.667,-0.127,2.696,0
-8.507,-0.087,2.718,0
-8.363,0.032,2.747,0
-8.274,0.217,2.765,0
-8.235,0.374,2.812,0
-8.316,0.44,2.861,0
-8.469,0.465,2.9,0
-8.675,0.487,2.839,0
-8.788,0.498,2.706,0
-8.754,0.495,2.591,0
-8.578,0.487,2.509,0
-8.433,0.412,2.481,0
-8.365,0.27,2.532,0
-8.417,-0.109,2.907,0
-8.834,-0.765,3.377,0
-9.579,-1.501,3.589,0
-10.282,-2.079,3.726,0
-10.612,-2.293,3.641,0
-10.573,-2.224,3.641,0
-10.639,-2.187,3.629,0
-10.951,-2.085,3.352,0
-11.278,-1.588,2.883,0
-11.182,-0.882,2.293,0
-10.928,-0.402,2.108,0
-10.852,-0.28,2.523,0
-10.824,-0.374,3.18,0
-10.661,-0.523,3.54,0
-10.36,-0.652,3.65,0
-9.986,-0.755,3.695,0
-9.676,-0.818,3.686,0
-9.359,-0.889,3.855,0
-8.972,-0.997,4.142,0
-8.614,-1.129,4.415,0
-8.359,-1.176,4.498,0
-8.055,-1.131,4.208,0
-7.752,-1.076,3.78,0
-7.47,-1.112,3.407,0
-7.232,-1.282,3.272,0
-7.143,-1.527,3.389,0
-7.229,-1.766,3.663,0
-7.435,-2.029,3.879,0
-7.766,-2.16,3.894,0
-8.067,-2.213,3.628,0
-8.234,-2.23,3.267,0
-8.336,-2.191,3.04,0
-8.502,-2.093,2.98,0
-8.716,-1.948,2.98,0
-8.984,-1.829,3.127,0
-9.395,-1.717,3.314,0
-9.776,-1.545,3.468,0
-9.926,-1.36,3.411,0
-9.888,-1.217,3.185,0
-9.807,-1.164,3.043,0
-9.754,-1.223,2.951,0
-9.656,-1.367,2.898,0
-9.514,-1.505,2.879,0
-9.41,-1.617,2.88,0
-9.363,-1.715,2.871,0
-9.284,-1.725,2.851,0
-9.174,-1.696,2.812,0
-9.059,-1.661,2.713,0
-8.99,-1.644,2.657,0
-8.902,-1.623,2.532,0
-8.786,-1.574,2.516,0
-8.767,-1.541,2.485,0
-8.714,-1.536,2.516,0
-8.624,-1.542,2.65,0
-8.487,-1.608,2.875,0
-8.391,-1.715,2.993,0
-8.298,-1.903,2.909,0
-8.273,-2.135,2.661,0
-8.338,-2.284,2.397,0
-8.438,-2.237,2.203,0
-8.555,-2.157,2.219,0
-8.737,-2.034,2.312,0
-8.99,-1.841,2.473,0
-9.335,-1.605,2.605,0
-9.662,-1.435,2.531,0
-9.669,-1.32,2.501,0
-9.592,-1.214,2.482,0
-9.785,-1.155,2.57,0
-9.987,-1.023,2.88,0
-9.957,-0.904,3.138,0
-9.775,-0.92,3.34,0
-9.736,-1.107,3.759,0
-10.029,-1.39,4.36,0
-10.353,-1.586,4.894,0
-10.432,-1.673,5.058,0
-10.184,-1.624,4.756,0
-9.651,-1.394,4.263,0
-9.134,-1.096,3.761,0
-8.855,-0.9,3.254,0
-8.68,-0.718,2.909,0
-8.437,-0.551,2.834,0
-8.143,-0.467,2.93,0
-7.895,-0.469,3.147,0
-7.724,-0.485,3.434,0
-7.604,-0.444,3.656,0
-7.6,-0.318,3.687,0
-7.804,-0.147,3.644,0
-8.115,-0.007,3.551,0
-8.376,0.165,3.407,0
-8.556,0.381,3.307,0
-8.669,0.504,3.343,0
-8.729,0.449,3.443,0
-8.692,0.284,3.506,0
-8.615,0.082,3.562,0
-8.633,-0.181,3.594,0
-8.822,-0.468,3.642,0
-9.196,-0.772,3.627,0
-9.657,-0.95,3.442,0
-10.068,-0.836,3.134,0
-10.323,-0.514,2.9,0
-10.474,-0.197,2.898,0
-10.585,0.111,2.99,0
-10.597,0.389,3.089,0
-10.467,0.573,3.138,0
-10.173,0.67,3.082,0
-9.819,0.698,2.899,0
-9.507,0.628,2.659,0
-9.189,0.49,2.435,0
-8.832,0.278,2.322,0
-8.467,0.077,2.278,0
-8.154,-0.034,2.298,0
-7.901,-0.092,2.419,0
-7.738,-0.081,2.544,0
-7.609,-0.028,2.588,0
-7.536,0.095,2.575,0
-7.535,0.257,2.583,0
-7.656,0.391,2.588,0
-7.832,0.498,2.602,0
-7.95,0.579,2.534,0
-7.996,0.613,2.453,0
-7.984,0.579,2.5,0
-8.012,0.337,2.769,0
-8.149,-0.071,3.346,0
-8.589,-0.789,4.09,0
-9.531,-1.878,4.604,0
-10.579,-2.825,4.712,0
-11.168,-3.061,4.822,0
-11.398,-2.938,4.781,0
-11.714,-2.643,4.267,0
-12.21,-1.759,3.492,0
-12.329,-0.501,2.387,0
-11.909,0.332,1.537,0
-11.254,0.564,1.685,0
-10.629,0.318,2.803,0
-10.182,-0.228,3.853,0
-9.996,-0.849,4.33,0
-9.836,-1.227,4.435,0
-9.416,-1.2,3.985,0
-8.9,-1.073,3.39,0
-8.469,-1.093,2.972,0
-8.135,-1.22,2.997,0
-7.889,-1.393,3.298,0
-7.76,-1.598,3.532,0
-7.752,-1.8,3.438,0
-7.784,-2.021,3.145,0
-7.83,-2.273,2.911,0
-7.927,-2.489,2.957,0
-8.067,-2.622,3.089,0
-8.265,-2.655,3.195,0
-8.49,-2.584,3.247,0
-8.642,-2.388,3.152,0
-8.778,-2.179,3.023,0
-9.071,-2.03,2.917,0
-9.536,-1.882,2.942,0
-9.959,-1.649,3.039,0
-10.149,-1.475,3.034,0
-10.133,-1.381,2.968,0
-9.982,-1.329,2.892,0
-9.696,-1.347,2.754,0
-9.413,-1.412,2.582,0
-9.241,-1.509,2.497,0
-9.191,-1.585,2.451,0
-9.152,-1.65,2.471,0
-9.03,-1.668,2.602,0
-8.979,-1.684,2.766,0
-8.989,-1.675,2.933,0
-8.905,-1.615,3.027,0
-8.841,-1.51,2.991,0
-8.766,-1.421,2.952,0
-8.685,-1.398,2.984,0
-8.514,-1.333,3.022,0
-8.344,-1.259,3.16,0
-8.633,-1.237,3.08,0
-9.063,-0.998,2.882,0
-9.125,-0.824,3.049,0
-8.855,-1.033,3.255,0
-8.724,-1.325,3.352,0
-9.038,-1.466,2.986,0
-9.348,-1.38,2.442,0
-9.173,-1.308,2.031,0
-8.798,-1.444,1.771,1
-8.683,-1.633,1.676,1
-8.745,-1.83,1.699,1
-8.758,-2.0,1.873,1
-8.71,-2.115,2.007,1
-8.797,-2.231,2.104,1
-9.051,-2.247,2.179,1
-9.248,-2.062,2.235,1
-9.334,-1.789,2.271,1
-9.472,-1.508,2.379,1
-9.656,-1.161,2.381,1
-9.751,-0.865,2.243,1
-9.752,-0.658,2.218,1
-9.741,-0.561,2.447,1
-9.653,-0.622,2.783,1
-9.499,-0.836,3.194,1
-9.535,-1.14,3.666,1
-9.829,-1.416,4.134,1
-10.237,-1.547,4.457,1
-10.533,-1.482,4.46,1
-10.585,-1.228,4.13,1
-10.318,-0.935,3.709,1
-9.854,-0.822,3.406,1
-9.353,-0.903,3.276,1
-8.964,-1.006,3.244,1
-8.768,-1.097,3.171,1
-8.77,-1.178,3.067,1
-8.858,-1.175,2.965,1
-9.018,-1.102,2.738,1
-9.121,-1.055,2.518,1
-9.213,-1.019,2.474,1
-9.354,-0.997,2.514,1
-9.426,-0.978,2.67,1
-9.379,-0.957,2.905,1
-9.305,-0.967,3.221,1
-9.284,-0.995,3.528,1
-9.232,-0.958,3.686,1
-9.103,-0.827,3.652,1
-8.904,-0.689,3.439,1
-8.686,-0.652,3.265,1
-8.536,-0.719,3.229,1
-8.446,-0.851,3.299,1
-8.299,-0.961,3.392,1
-8.109,-1.03,3.539,1
-7.879,-1.022,3.563,1
-7.738,-1.004,3.477,1
-7.728,-0.884,3.239,1
-7.802,-0.723,2.972,1
-8.005,-0.63,2.883,1
-8.407,-0.606,3.094,1
-8.999,-0.653,3.455,1
-9.669,-0.631,3.695,1
-10.192,-0.382,3.65,1
-10.443,0.117,3.361,1
-10.508,0.62,2.931,1
-10.409,0.954,2.531,1
-10.036,1.043,2.454,1
-9.571,0.931,2.609,1
-9.38,0.734,2.806,1
-9.325,0.538,2.806,1
-9.067,0.485,2.569,1
-8.652,0.501,2.3,1
-8.252,0.488,2.11,1
-8.033,0.432,2.051,1
-7.933,0.403,2.125,1
-7.862,0.453,2.204,1
-7.739,0.474,2.407,1
-7.709,0.455,2.672,1
-7.88,0.255,2.834,1
-8.154,0.03,2.918,1
-8.451,-0.26,3.142,1
-8.856,-0.759,3.57,1
-9.418,-1.285,3.994,1
-9.878,-1.589,4.301,1
-9.928,-1.456,4.572,1
-9.819,-1.343,4.721,1
-9.9,-1.499,4.719,1
-9.943,-1.442,4.541,1
-9.77,-1.045,4.296,1
-9.819,-0.76,4.032,1
-10.137,-0.608,3.971,1
-10.246,-0.431,4.131,1
-9.79,-0.068,4.171,1
-9.005,0.228,4.064,1
-8.309,0.275,3.718,1
-7.917,0.019,3.377,1
-7.801,-0.523,3.204,1
-7.939,-1.207,3.193,1
-8.228,-1.904,3.151,1
-8.424,-2.592,3.274,1
-8.576,-3.233,3.48,1
-8.856,-3.626,3.562,1
-9.105,-3.714,3.558,1
-9.354,-3.64,3.49,1
-9.806,-3.352,3.451,1
-10.447,-2.86,3.461,1
-10.993,-2.267,3.277,1
-11.06,-1.64,2.83,1
-10.598,-1.188,2.581,1
-9.927,-0.988,2.695,1
-9.504,-1.028,2.905,1
-9.351,-1.223,2.957,1
-9.102,-1.4,2.871,1
-8.844,-1.597,2.683,1
-8.725,-1.801,2.433,1
-8.691,-1.965,2.251,1
-8.601,-2.055,2.144,1
-8.492,-2.103,2.025,1
-8.461,-2.205,1.93,1
-8.452,-2.356,1.894,1
-8.46,-2.535,1.844,1
-8.451,-2.832,2.107,1
-8.554,-3.148,2.728,1
-9.003,-3.146,3.454,1
-9.683,-2.859,3.844,1
-10.26,-2.195,3.304,1
-10.252,-1.502,2.608,1
-10.163,-1.276,2.467,1
-10.185,-1.072,3.005,1
-9.79,-0.833,3.305,1
-9.053,-0.803,3.182,1
-8.416,-0.796,3.133,1
-8.267,-0.858,3.266,1
-8.788,-1.057,3.688,1
-9.633,-1.226,4.303,1
-10.108,-1.057,4.701,1
-10.059,-0.576,4.857,1
-9.704,-0.001,4.746,1
-9.258,0.519,4.405,1
-8.846,0.885,4.008,1
-8.626,1.079,3.862,1
-8.719,1.075,4.126,1
-9.003,1.055,4.475,1
-9.137,1.223,4.458,1
-9.027,1.46,4.185,1
-8.719,1.517,3.595,1
-8.438,1.438,2.972,1
-8.205,1.269,2.536,1
-8.089,0.904,2.319,1
-8.224,0.399,2.349,1
-8.564,-0.077,2.601,1
-8.859,-0.426,2.924,1
-9.12,-0.707,3.282,1
-9.341,-0.868,3.435,1
-9.382,-0.86,3.212,1
-9.206,-0.775,2.905,1
-9.023,-0.715,2.651,1
-8.897,-0.659,2.606,1
-8.865,-0.668,2.841,1
-8.862,-0.763,3.153,1
-8.824,-0.931,3.593,1
-8.767,-1.082,4.023,1
-8.849,-1.176,4.4,1
-9.086,-1.19,4.646,1
-9.271,-1.055,4.786,1
-9.455,-0.818,4.84,1
-9.714,-0.557,4.723,1
-9.907,-0.19,4.433,1
-9.861,0.264,4.263,1
-9.603,0.647,4.132,1
-9.209,0.849,4.063,1
-8.753,0.844,3.955,1
-8.247,0.755,3.611,1
-7.654,0.542,3.187,1
-7.079,0.144,2.753,1
-6.624,-0.448,2.574,1
-6.411,-1.151,2.754,1
-6.585,-1.947,3.134,1
-7.099,-2.682,3.389,1
-7.777,-3.279,3.257,1
-8.378,-3.584,2.875,1
-8.802,-3.592,2.546,1
-9.124,-3.362,2.329,1
-9.51,-3.135,2.201,1
-9.968,-2.993,2.22,1
-10.431,-2.843,2.443,1
-10.73,-2.609,2.752,1
-10.836,-2.258,2.841,1
-10.693,-1.827,2.593,1
-10.421,-1.519,2.255,1
-10.16,-1.467,2.061,1
-9.984,-1.609,2.075,1
-9.795,-1.814,2.276,1
-9.496,-1.984,2.402,1
-9.164,-2.124,2.377,1
-9.001,-2.181,2.336,1
-8.993,-2.104,2.296,1
-8.883,-1.954,2.155,1
-8.636,-1.897,2.011,1
-8.401,-2.152,2.239,1
-8.443,-2.523,2.899,1
-8.727,-2.578,3.509,1
-9.289,-2.396,3.435,1
-9.933,-2.146,2.9,1
-10.213,-1.952,2.681,1
-10.077,-1.604,2.784,1
-9.686,-1.224,2.842,1
-9.288,-1.129,2.826,1
-8.91,-1.27,3.097,1
-8.799,-1.457,3.544,1
-9.084,-1.579,4.046,1
-9.513,-1.556,4.602,1
-9.854,-1.23,4.834,1
-9.96,-0.556,4.61,1
-9.77,0.141,4.23,1
-9.426,0.604,3.847,1
-8.923,0.884,3.686,1
-8.413,0.958,3.814,1
-8.097,0.847,4.009,1
-8.031,0.655,4.067,1
-8.196,0.438,3.998,1
-8.455,0.402,3.827,1
-8.649,0.519,3.614,1
-8.752,0.644,3.487,1
-8.834,0.727,3.364,1
-8.873,0.762,3.187,1
-8.865,0.715,2.912,1
-8.849,0.535,2.602,1
-8.772,0.276,2.413,1
-8.749,-0.019,2.377,1
-8.841,-0.324,2.495,1
-8.961,-0.608,2.703,1
-9.063,-0.849,2.954,1
-9.132,-1.049,3.124,1
-9.131,-1.168,3.209,1
-9.147,-1.251,3.312,1
-9.332,-1.238,3.448,1
-9.617,-1.171,3.744,1
-9.927,-1.052,4.213,1
-10.214,-1.004,4.886,1
-10.444,-1.052,5.236,1
-10.39,-0.916,4.899,1
-9.809,-0.377,4.084,1
-9.05,0.245,3.066,1
-8.638,0.604,2.361,1
-8.509,0.707,2.195,1
-8.515,0.653,2.383,1
-8.419,0.572,2.787,1
-8.272,0.374,3.156,1
-8.257,0.162,3.548,1
-8.364,0.055,3.889,1
-8.444,-0.052,3.998,1
-8.536,-0.05,4.025,1
-8.631,0.066,3.912,1
-8.665,0.384,3.903,1
-8.533,0.699,4.009,1
-8.284,0.885,4.198,1
-8.056,0.978,4.455,1
-7.881,0.964,4.697,1
-7.615,0.779,4.758,1
-7.24,0.456,4.552,1
-6.928,0.034,4.119,1
-6.839,-0.399,3.6,1
-6.978,-0.891,3.269,1
-7.377,-1.547,3.103,1
-7.974,-2.177,2.909,1
-8.609,-2.867,2.535,1
-9.413,-3.778,2.408,1
-10.221,-4.568,2.755,1
-10.756,-4.942,2.918,1
-11.119,-4.885,2.112,1
-11.373,-4.347,0.77,1
-11.743,-3.62,-0.312,1
-12.489,-2.913,-0.965,1
-13.672,-2.154,-0.349,1
-14.66,-1.602,1.346,1
-14.689,-0.916,3.388,1
-14.0,0.188,4.821,1
-12.343,1.236,7.317,1
-10.136,1.91,8.216,1
-8.61,2.422,6.803,1
-7.474,2.663,4.961,1
-6.553,2.65,3.504,1
-5.933,2.237,3.312,1
-6.113,1.562,3.444,1
-6.601,0.895,3.547,1
-6.984,0.294,3.556,1
-7.226,-0.149,3.302,1
-7.214,-0.502,3.126,1
-7.198,-0.873,3.143,1
-7.257,-1.169,3.089,1
-7.51,-1.42,3.107,1
-7.85,-1.679,3.124,1
-8.222,-1.839,3.124,1
-8.441,-1.703,3.191,1
-8.521,-1.493,3.239,1
-8.644,-1.257,3.443,1
-8.923,-1.053,3.889,1
-9.368,-0.788,4.37,1
-9.776,-0.406,4.587,1
-9.987,-0.063,4.597,1
-10.173,0.277,4.601,1
-10.255,0.769,4.624,1
-10.057,1.348,4.75,1
-9.423,1.717,4.676,1
-8.359,1.795,4.249,1
-7.3,1.569,3.831,1
-6.753,1.082,3.388,1
-6.586,0.441,2.664,1
-6.611,-0.34,2.086,1
-7.132,-1.467,1.95,1
-8.246,-2.864,2.178,1
-9.685,-4.351,2.593,1
-10.648,-5.611,3.287,1
-10.44,-6.4,3.983,1
-9.729,-6.389,3.689,1
-9.298,-5.758,1.925,1
-9.341,-5.054,-0.152,1
-9.555,-4.234,-1.9,1
-9.697,-3.678,-2.26,1
-10.133,-3.382,-1.144,1
-11.408,-3.065,1.083,1
-13.157,-2.485,3.451,1
-14.203,-1.821,7.694,1
-13.726,-1.241,8.17,1
-12.287,0.545,7.29,1
-10.913,2.617,5.528,1
-9.634,4.092,3.055,1
-8.103,3.96,2.805,1
-7.111,2.841,3.804,1
-6.774,1.712,4.846,1
-6.761,0.94,5.455,1
-7.236,0.471,5.334,1
-7.761,0.083,4.736,1
-7.831,-0.311,4.651,1
-7.686,-0.631,4.854,1
-7.629,-0.693,4.845,1
-7.573,-0.395,4.59,1
-7.321,0.214,3.916,1
-7.069,0.865,2.868,1
-7.11,1.225,1.749,1
-7.357,0.946,0.837,1
-7.586,0.026,0.682,1
-7.84,-1.28,1.436,1
-8.219,-2.77,2.422,1
-8.569,-3.995,3.727,1
-8.673,-4.696,4.57,1
-8.449,-4.569,4.545,1
-8.27,-3.69,4.002,1
-8.598,-2.753,3.308,1
-9.85,-1.881,3.034,1
-11.928,-0.849,2.978,1
-13.85,0.491,2.951,1
-14.006,1.749,2.753,1
-12.046,1.973,2.878,1
-9.794,1.165,3.623,1
-8.435,0.078,4.061,1
-7.914,-0.863,4.069,1
-7.786,-1.391,3.947,1
-7.866,-1.628,3.941,1
-8.138,-1.676,4.071,1
-8.618,-1.583,4.338,1
-9.074,-1.382,4.418,1
-9.232,-0.957,4.255,1
-9.119,-0.41,3.852,1
-8.737,0.098,3.176,1
-8.27,0.29,2.679,1
-7.995,0.013,2.36,1
-7.929,-0.621,2.34,1
-7.99,-1.382,2.721,1
-8.037,-1.984,3.099,1
-8.003,-2.3,3.361,1
-8.046,-2.331,3.426,1
-8.231,-2.127,3.436,1
-8.604,-1.854,3.548,1
-9.266,-1.466,3.761,1
-10.023,-0.883,3.871,1
-10.551,-0.12,3.727,1
-10.532,0.655,3.524,1
-9.707,1.114,3.376,1
-8.571,1.098,3.513,1
-7.794,0.623,3.961,1
-7.623,-0.054,4.454,1
-7.992,-0.68,4.9,1
-8.663,-1.043,5.183,1
-9.297,-1.184,5.185,1
-9.588,-1.12,4.887,1
-9.575,-0.828,4.494,1
-9.389,-0.443,4.187,1
-9.118,-0.192,3.749,1
-8.825,-0.146,3.147,1
-8.607,-0.371,2.365,1
-8.578,-0.951,1.75,1
-8.859,-1.881,1.505,1
-9.396,-2.879,1.526,1
-9.74,-3.713,1.634,1
-9.543,-4.198,1.747,1
-9.15,-4.361,1.831,1
-9.011,-4.294,1.735,1
-9.237,-3.895,1.859,1
-9.705,-3.231,2.168,1
-10.338,-2.538,3.085,1
-11.128,-1.793,4.108,1
-11.367,-0.617,4.829,1
-10.832,0.737,4.839,1
-9.73,1.861,4.552,1
-8.52,2.334,4.634,1
-7.545,2.176,4.995,1
-6.926,1.69,5.179,1
-6.756,1.228,4.985,1
-7.026,0.75,4.434,1
-7.495,0.225,3.789,1
-7.866,-0.358,3.401,1
-8.151,-0.984,3.303,1
-8.423,-1.623,3.374,1
-8.77,-2.185,3.512,1
-9.036,-2.557,3.498,1
-9.1,-2.699,3.267,1
-8.968,-2.59,2.822,1
-8.796,-2.439,2.348,1
-8.864,-2.403,1.946,1
-9.093,-2.473,1.61,1
-9.347,-2.602,1.398,1
-9.45,-2.702,1.424,1
-9.295,-2.781,1.714,1
-9.074,-2.837,2.038,1
-8.931,-2.752,2.44,1
-8.998,-2.53,2.971,1
-9.285,-2.264,3.642,1
-9.742,-1.922,4.522,1
-10.317,-1.385,5.349,1
-10.948,-0.588,5.724,1
-11.388,0.541,5.603,1
-11.371,1.813,5.154,1
-10.63,2.746,4.721,1
-9.148,2.887,4.449,1
-7.776,2.369,4.459,1
-7.176,1.514,4.51,1
-7.227,0.661,4.204,1
-7.395,-0.101,3.714,1
-7.491,-0.802,3.377,1
-7.558,-1.376,3.174,1
-7.631,-1.874,3.035,1
-7.703,-2.19,2.845,1
-7.692,-2.282,2.574,1
-7.663,-2.28,2.256,1
-7.757,-2.39,2.078,1
-8.01,-2.653,1.914,1
-8.387,-3.018,1.874,1
-8.775,-3.3,1.912,1
-9.03,-3.421,1.791,1
-9.1,-3.443,1.599,1
-9.008,-3.429,1.517,1
-9.035,-3.381,1.775,1
-9.433,-3.216,2.335,1
-10.178,-2.939,3.151,1
-11.211,-2.564,4.345,1
-12.282,-2.021,5.288,1
-12.94,-0.945,5.641,1
-13.042,0.636,5.421,1
-12.437,2.22,4.899,1
-10.855,3.128,4.364,1
-8.773,3.117,4.177,1
-7.309,2.358,4.433,1
-6.855,1.214,4.514,1
-7.069,0.128,4.184,1
-7.462,-0.803,3.761,1
-7.748,-1.621,3.541,1
-7.826,-2.231,3.479,1
-7.8,-2.71,3.402,1
-7.894,-3.08,3.441,1
-8.08,-3.284,3.364,1
-8.257,-3.192,3.161,1
-8.326,-2.816,2.883,1
-8.311,-2.371,2.76,1
-8.348,-1.989,2.596,1
-8.394,-1.793,2.408,1
-8.504,-1.841,2.661,1
-8.759,-1.871,2.83,1
-9.023,-1.945,2.77,1
-9.1,-1.976,2.776,1
-9.189,-1.887,2.923,1
-9.414,-1.67,3.117,1
-9.744,-1.352,3.401,1
-10.182,-1.019,3.743,1
-10.626,-0.684,4.036,1
-10.921,-0.229,4.233,1
-10.942,0.306,4.177,1
-10.582,0.705,3.974,1
-9.738,0.775,3.673,1
-8.84,0.516,3.578,1
-8.323,0.051,3.65,1
-8.125,-0.479,3.553,1
-8.055,-0.932,3.391,1
-8.056,-1.276,3.249,1
-7.997,-1.546,3.155,1
-7.879,-1.774,3.168,1
-7.797,-1.951,3.229,1
-7.866,-2.026,3.326,1
-8.044,-1.973,3.427,1
-8.223,-1.788,3.429,1
-8.345,-1.546,3.338,1
-8.435,-1.366,3.098,1
-8.575,-1.338,2.819,1
-8.825,-1.497,2.631,1
-9.118,-1.79,2.553,1
-9.393,-2.092,2.635,1
-9.59,-2.3,2.861,1
-9.779,-2.349,3.275,1
-10.029,-2.208,3.55,1
-10.292,-1.858,3.737,1
-10.58,-1.368,3.859,1
-10.896,-0.825,3.885,1
-11.035,-0.27,3.897,1
-10.696,0.155,3.874,1
-9.801,0.353,3.836,1
-8.777,0.332,3.887,1
-8.07,0.116,3.903,1
-7.762,-0.221,3.705,1
-7.663,-0.578,3.542,1
-7.692,-0.906,3.452,1
-7.685,-1.176,3.414,1
-7.576,-1.406,3.429,1
-7.506,-1.635,3.492,1
-7.587,-1.798,3.553,1
-7.848,-1.83,3.663,1
-8.166,-1.743,3.67,1
-8.485,-1.557,3.638,1
-8.755,-1.381,3.571,1
-8.939,-1.226,3.514,1
-9.001,-1.126,3.471,1
-9.084,-1.136,3.39,1
-9.264,-1.153,3.297,1
-9.433,-1.182,3.221,1
-9.579,-1.194,3.133,1
-9.705,-1.206,3.129,1
-9.841,-1.188,3.149,1
-10.001,-1.14,3.316,1
-10.143,-1.065,3.589,1
-10.218,-0.882,3.772,1
-10.213,-0.691,3.778,1
-10.011,-0.46,3.645,1
-9.609,-0.262,3.531,1
-9.17,-0.184,3.556,1
-8.719,-0.204,3.732,1
-8.3,-0.285,3.885,1
-7.946,-0.415,3.901,1
-7.681,-0.548,3.873,1
-7.5,-0.69,3.797,1
-7.405,-0.794,3.708,1
-7.336,-0.905,3.653,1
-7.368,-1.033,3.653,1
-7.512,-1.202,3.637,1
-7.701,-1.37,3.647,1
-7.899,-1.522,3.656,1
-8.058,-1.688,3.528,1
-8.224,-1.907,3.223,1
-8.436,-2.144,2.869,1
-8.781,-2.412,2.517,1
-9.143,-2.777,2.346,1
-9.452,-3.138,2.351,1
-9.749,-3.446,2.121,1
-10.091,-3.665,2.144,1
-10.401,-3.813,2.082,1
-10.63,-3.879,1.765,1
-10.794,-3.798,1.695,1
-10.929,-3.525,1.831,1
-11.1,-3.074,2.049,1
-11.287,-2.621,2.419,1
-11.495,-2.188,3.007,1
-11.224,-1.71,3.473,1
-10.458,-1.191,3.572,1
-9.7,-0.834,3.6,1
-9.235,-0.735,3.76,1
-9.033,-0.849,4.133,1
-8.959,-1.085,4.512,1
-8.839,-1.262,4.587,1
-8.635,-1.33,4.402,1
-8.358,-1.388,4.301,1
-8.107,-1.396,4.459,1
-7.899,-1.269,4.72,1
-7.856,-1.024,4.606,1
-7.854,-0.694,4.167,1
-7.569,-0.466,3.683,1
-7.175,-0.406,3.198,1
-6.928,-0.468,2.814,1
-7.002,-0.742,2.482,1
-7.371,-1.191,2.228,1
-7.865,-1.759,2.143,1
-8.291,-2.411,2.302,1
-8.597,-3.024,2.653,1
-8.813,-3.395,3.25,1
-8.944,-3.494,3.171,1
-9.069,-3.136,3.015,1
-9.397,-2.526,2.996,1
-9.834,-1.874,3.201,1
-10.341,-1.241,3.642,1
-10.812,-0.577,4.183,1
-10.943,0.245,4.548,1
-10.601,0.956,4.651,1
-9.782,1.357,4.483,1
-8.723,1.4,4.36,1
-7.787,1.131,4.349,1
-7.124,0.73,4.326,1
-6.761,0.433,4.174,1
-6.867,0.096,3.803,1
-7.327,-0.384,3.453,1
-7.778,-0.804,3.424,1
-8.29,-1.198,3.667,1
-8.883,-1.436,3.772,1
-9.399,-1.358,3.763,1
-9.741,-1.12,3.634,1
-9.794,-0.888,3.216,1
-9.649,-0.763,2.728,1
-9.584,-0.955,2.478,1
-9.692,-1.421,2.488,1
-9.752,-1.993,2.242,1
-9.598,-2.461,2.387,1
-9.296,-2.889,2.48,1
-9.099,-3.221,2.62,1
-9.108,-3.392,2.911,1
-9.334,-3.231,2.966,1
-9.612,-2.777,2.945,1
-9.851,-2.175,3.103,1
-9.955,-1.504,3.348,1
-9.772,-0.738,3.498,1
-9.363,-0.084,3.951,1
-8.991,0.301,4.689,1
-8.8,0.45,5.469,1
-8.679,0.488,5.764,1
-8.557,0.578,5.438,1
-8.365,0.618,4.797,1
-8.299,0.443,4.28,1
-8.384,0.056,3.998,1
-8.477,-0.384,3.926,1
-8.534,-0.77,3.954,1
-8.584,-1.106,3.891,1
-8.659,-1.336,3.512,1
-8.691,-1.548,2.902,1
-8.719,-1.791,2.301,1
-8.697,-2.028,1.8,1
-8.594,-2.208,1.706,1
-8.504,-2.378,1.981,1
-8.486,-2.54,2.357,1
-8.477,-2.523,3.03,1
-8.47,-2.29,3.605,1
-8.414,-1.85,4.03,1
-8.424,-1.337,4.209,1
-8.679,-0.721,4.27,1
-9.097,-0.09,4.446,1
-9.591,0.477,4.769,1
-10.027,1.178,4.781,1
-10.092,1.875,4.212,1
-9.658,2.251,3.362,1
-8.834,1.928,2.851,1
-8.022,1.073,2.777,1
-7.631,0.067,2.965,1
-7.788,-0.839,3.002,1
-8.297,-1.559,2.999,1
-8.863,-2.106,3.068,1
-9.372,-2.54,3.001,1
-9.882,-2.817,2.896,1
-10.514,-2.938,2.984,1
-11.01,-2.745,3.011,1
-11.208,-2.165,2.79,1
-11.212,-1.451,2.757,1
-11.205,-0.771,3.131,1
-10.991,-0.241,3.471,1
-10.331,0.128,3.787,1
-9.516,0.294,4.064,1
-8.906,0.199,4.057,1
-8.491,-0.044,3.939,1
-8.157,-0.317,3.738,1
-7.831,-0.545,3.546,1
-7.546,-0.752,3.375,1
-7.439,-0.981,3.368,1
-7.495,-1.183,3.636,1
-7.626,-1.272,4.107,1
-7.783,-1.226,4.484,1
-7.998,-1.015,4.59,1
-8.181,-0.738,4.407,1
-8.243,-0.366,3.973,1
-8.256,-0.086,3.512,1
-8.401,-0.161,3.165,1
-8.55,-0.518,3.028,1
-8.726,-1.034,3.206,1
-8.945,-1.511,3.455,1
-9.19,-1.843,3.641,1
-9.458,-2.034,3.768,1
-9.693,-2.019,4.041,1
-9.957,-1.703,4.256,1
-10.381,-1.174,4.233,1
-10.837,-0.609,4.111,1
-10.982,-0.105,4.07,1
-10.489,0.247,4.094,1
-9.539,0.474,3.994,1
-8.658,0.469,4.004,1
-8.037,0.169,3.991,1
-7.603,-0.297,4.036,1
-7.347,-0.828,4.113,1
-7.237,-1.299,4.048,1
-7.189,-1.658,3.874,1
-7.165,-1.867,3.755,1
-7.228,-1.98,3.719,1
-7.367,-2.07,3.762,1
-7.503,-2.023,3.825,1
-7.622,-1.87,3.862,1
-7.66,-1.627,3.794,1
-7.693,-1.467,3.655,1
-7.849,-1.536,3.337,1
-8.175,-1.868,3.021,1
-8.644,-2.505,2.713,1
-9.156,-3.225,2.5,1
-9.492,-3.788,2.593,1
-9.683,-4.116,2.569,1
-9.907,-4.092,2.582,1
-10.32,-3.894,2.926,1
-10.971,-3.549,3.233,1
-11.84,-2.779,3.456,1
-12.879,-1.856,3.8,1
-13.6,-0.946,4.212,1
-13.43,0.078,4.536,1
-12.078,0.947,4.713,1
-10.182,1.399,5.047,1
-8.571,1.334,5.116,1
-7.524,1.02,4.75,1
-6.926,0.577,4.256,1
-6.713,0.021,3.891,1
-6.805,-0.582,3.731,1
-7.009,-1.197,3.737,1
-7.086,-1.625,3.646,1
-7.031,-1.943,3.479,1
-6.976,-2.227,3.412,1
-7.021,-2.427,3.484,1
-7.314,-2.559,3.688,1
-7.759,-2.658,4.021,1
-8.207,-2.583,4.213,1
-8.524,-2.232,4.126,1
-8.713,-1.671,3.846,1
-8.813,-1.08,3.522,1
-8.794,-0.693,3.222,1
-8.646,-0.635,3.061,1
-8.607,-0.838,3.143,1
-8.828,-1.121,3.355,1
-9.125,-1.432,3.548,1
-9.315,-1.667,3.677,1
-9.5,-1.79,3.702,1
-9.802,-1.799,3.655,1
-10.14,-1.649,3.606,1
-10.403,-1.333,3.596,1
-10.457,-0.873,3.612,1
-10.28,-0.514,3.738,1
-9.873,-0.343,3.961,1
-9.368,-0.343,4.204,1
-8.923,-0.381,4.295,1
-8.591,-0.43,4.15,1
-8.337,-0.525,3.931,1
-8.169,-0.676,3.733,1
-8.095,-0.86,3.623,1
-8.087,-1.019,3.547,1
-8.082,-1.17,3.435,1
-8.083,-1.298,3.274,1
-8.087,-1.435,3.077,1
-8.126,-1.625,2.959,1
-8.253,-1.847,2.93,1
-8.439,-2.06,3.009,1
-8.597,-2.24,3.118,1
-8.803,-2.343,3.368,1
-9.148,-2.317,3.708,1
-9.483,-2.139,3.947,1
-9.69,-1.749,4.021,1
-9.87,-1.256,4.003,1
-9.989,-0.694,3.812,1
-9.968,-0.134,3.618,1
-9.674,0.333,3.649,1
-9.222,0.521,3.847,1
-8.752,0.428,4.002,1
-8.337,0.169,4.034,1
-8.031,-0.15,3.901,1
-7.882,-0.484,3.713,1
-7.899,-0.802,3.54,1
-7.987,-1.102,3.47,1
-8.122,-1.376,3.516,1
-8.236,-1.572,3.623,1
-8.345,-1.69,3.742,1
-8.482,-1.717,3.823,1
-8.627,-1.687,3.815,1
-8.797,-1.61,3.804,1
-8.973,-1.5,3.792,1
-9.139,-1.369,3.801,1
-9.24,-1.241,3.754,1
-9.252,-1.109,3.57,1
-9.199,-0.997,3.358,1
-9.188,-0.961,3.223,1
-9.247,-0.944,3.123,1
-9.335,-0.981,3.067,1
-9.368,-0.994,3.116,1
-9.353,-0.947,3.223,1
-9.419,-0.921,3.37,1
-9.539,-0.928,3.595,1
-9.667,-0.938,3.903,1
-9.658,-0.855,4.221,1
-9.496,-0.68,4.27,1
-9.208,-0.501,4.059,1
-8.894,-0.398,3.863,1
-8.695,-0.446,3.865,1
-8.565,-0.673,3.872,1
-8.423,-0.92,3.892,1
-8.27,-1.17,3.974,1
-8.132,-1.348,4.021,1
-8.062,-1.47,4.049,1
-8.125,-1.514,4.073,1
-8.3,-1.415,4.166,1
-8.577,-1.218,4.254,1
-8.825,-1.017,4.291,1
-8.934,-0.824,4.314,1
-8.776,-0.588,4.392,1
-8.453,-0.374,4.38,1
-8.068,-0.281,4.312,1
-7.671,-0.314,4.255,1
-7.322,-0.4,3.986,1
-7.182,-0.697,3.582,1
-7.282,-1.217,3.072,1
-7.687,-1.904,2.601,1
-8.307,-2.831,2.368,1
-8.869,-3.773,2.297,1
-9.153,-4.593,2.283,1
-9.216,-4.974,2.646,1
-9.336,-5.059,2.795,1
-9.692,-4.914,2.701,1
-10.294,-4.383,3.005,1
-11.055,-3.476,3.371,1
-11.823,-2.438,3.594,1
-12.195,-1.398,3.882,1
-11.722,-0.257,4.181,1
-10.448,0.633,4.505,1
-8.919,1.134,4.781,1
-7.795,1.185,5.051,1
-7.32,0.799,5.2,1
-7.385,0.258,5.318,1
-7.705,-0.182,5.307,1
-8.057,-0.475,5.107,1
-8.27,-0.692,4.757,1
-8.352,-0.87,4.471,1
-8.376,-1.038,4.238,1
-8.378,-1.207,4.039,1
-8.394,-1.312,3.846,1
-8.403,-1.444,3.577,1
-8.451,-1.709,3.276,1
-8.503,-2.051,2.99,1
-8.452,-2.459,2.832,1
-8.35,-2.842,2.861,1
-8.348,-3.135,2.987,1
-8.646,-3.254,3.172,1
-9.06,-3.185,3.457,1
-9.385,-2.754,3.684,1
-9.682,-2.127,3.89,1
-9.898,-1.478,3.996,1
-9.919,-0.839,3.984,1
-9.602,-0.226,3.832,1
-8.825,0.195,3.72,1
-8.003,0.315,3.787,1
-7.5,0.138,3.92,1
-7.31,-0.276,3.994,1
-7.309,-0.786,4.061,1
-7.418,-1.278,4.087,1
-7.661,-1.639,4.094,1
-8.021,-1.898,4.088,1
-8.435,-2.102,4.03,1
-8.855,-2.178,3.901,1
-9.257,-2.168,3.732,1
-9.621,-2.119,3.547,1
-9.851,-2.067,3.482,1
-9.832,-1.993,3.423,1
-9.639,-1.947,3.283,1
-9.446,-1.894,2.941,1
-9.372,-1.863,2.7,1
-9.393,-1.962,2.654,1
-9.376,-2.077,2.781,1
-9.286,-2.173,3.095,1
-9.23,-2.19,3.407,1
-9.19,-2.004,3.626,1
-9.148,-1.643,3.767,1
-9.158,-1.212,3.861,1
-9.225,-0.707,4.042,1
-9.29,-0.191,4.224,1
-9.278,0.348,4.335,1
-9.171,0.83,4.422,1
-9.044,1.098,4.488,1
-8.889,1.205,4.473,1
-8.646,1.163,4.193,1
-8.307,0.949,3.796,1
-8.019,0.603,3.606,1
-7.849,0.288,3.347,1
-7.748,0.027,3.037,1
-7.734,-0.29,2.782,1
-7.854,-0.631,2.647,1
-8.054,-0.986,2.7,1
-8.353,-1.325,2.883,1
-8.764,-1.568,3.001,1
-9.252,-1.668,3.178,1
-9.774,-1.552,3.501,1
-10.233,-1.241,3.921,1
-10.566,-0.771,4.212,1
-10.732,-0.141,4.27,1
-10.673,0.443,4.143,1
-10.345,0.843,4.189,1
-9.605,1.001,4.476,1
-8.738,0.937,4.589,1
-8.139,0.705,4.606,1
-7.805,0.382,4.613,1
-7.574,0.059,4.686,1
-7.454,-0.228,4.765,1
-7.349,-0.443,4.718,1
-7.16,-0.534,4.445,1
-6.975,-0.518,4.127,1
-6.853,-0.509,3.67,1
-6.84,-0.747,3.149,1
-7.036,-1.326,2.823,1
-7.45,-2.16,2.687,1
-7.947,-3.123,2.799,1
-8.359,-4.144,2.834,1
-8.692,-5.108,2.596,1
-8.94,-5.697,2.692,1
-9.265,-5.754,2.542,1
-9.664,-5.375,2.064,1
-10.095,-4.885,1.389,1
-10.635,-4.281,1.286,1
-11.352,-3.591,1.931,1
-12.127,-2.919,2.74,1
-12.627,-2.223,3.504,1
-12.304,-1.316,4.191,1
-11.353,-0.312,4.577,1
-10.389,0.537,4.536,1
-9.669,0.914,4.65,1
-9.221,0.729,5.044,1
-8.946,0.382,5.482,1
-8.857,0.098,5.478,1
-8.838,-0.127,5.058,1
-8.692,-0.327,4.423,1
-8.424,-0.542,3.906,1
-8.119,-0.838,3.715,1
-7.911,-1.193,3.692,1
-7.778,-1.497,3.595,1
-7.596,-1.684,3.382,1
-7.509,-1.786,3.116,1
-7.57,-1.893,2.929,1
-7.8,-2.031,2.954,1
-8.188,-2.171,3.277,1
-8.671,-2.198,3.752,1
-9.011,-1.9,4.014,1
-9.198,-1.297,3.929,1
-9.369,-0.56,3.715,1
-9.614,0.078,3.542,1
-9.862,0.647,3.461,1
-9.813,1.235,3.392,1
-9.466,1.579,3.252,1
-9.016,1.595,3.136,1
-8.515,1.329,3.08,1
-8.134,0.88,3.123,1
-8.003,0.322,3.11,1
-8.053,-0.306,3.007,1
-8.148,-0.842,3.068,1
-8.28,-1.18,3.094,1
-8.51,-1.365,2.971,1
-8.724,-1.325,2.731,1
-8.829,-1.132,2.552,1
-8.892,-0.967,2.717,1
-9.062,-0.816,3.205,1
-9.447,-0.759,3.812,1
-9.804,-0.697,4.222,1
-9.998,-0.44,4.522,1
-9.949,-0.147,4.627,1
-9.706,0.042,4.676,1
-9.296,0.175,4.646,1
-8.795,0.304,4.456,1
-8.264,0.406,4.221,1
-7.786,0.387,3.981,1
-7.493,0.274,3.854,1
-7.375,0.075,3.769,1
-7.292,-0.272,3.614,1
-7.187,-0.654,3.406,1
-7.132,-1.077,3.165,1
-7.248,-1.593,3.0,1
-7.534,-2.209,3.044,1
-7.956,-2.836,3.212,1
-8.506,-3.439,3.319,1
-9.077,-4.033,3.292,1
-9.636,-4.492,3.199,1
-10.037,-4.549,3.561,1
-10.353,-4.384,3.575,1
-10.61,-4.063,3.435,1
-10.787,-3.711,3.191,1
-10.886,-3.314,3.086,1
-10.935,-2.924,3.005,1
-10.731,-2.574,2.947,1
-10.306,-2.299,3.014,1
-9.819,-2.108,3.014,1
-9.267,-1.937,2.846,1
-8.923,-1.864,2.798,1
-9.189,-1.919,3.067,1
-9.819,-2.111,3.473,1
-10.143,-2.203,3.8,1
-10.151,-2.17,4.093,1
-9.973,-2.141,4.335,1
-9.77,-1.897,4.366,1
-9.584,-1.41,4.221,1
-9.383,-0.858,3.958,1
-9.011,-0.528,3.891,1
-8.41,-0.308,3.727,1
-7.878,-0.15,3.35,1
-7.524,-0.142,2.821,1
-7.28,-0.198,2.484,1
-7.37,-0.532,2.678,1
-7.652,-1.011,3.393,1
-7.932,-1.427,4.263,1
-8.256,-1.634,4.842,1
-8.548,-1.577,4.786,1
-8.743,-1.122,4.268,1
-8.819,-0.279,3.687,1
-8.788,0.605,3.216,1
-8.552,1.34,3.113,1
-8.078,1.717,3.314,1
-7.684,1.737,3.672,1
-7.586,1.535,3.781,1
-7.715,1.137,3.513,1
-7.913,0.595,3.051,1
-8.048,0.099,2.715,1
-8.168,-0.284,2.496,1
-8.346,-0.587,2.377,1
-8.724,-0.931,2.328,1
-9.238,-1.085,2.301,1
-9.747,-1.092,2.437,1
-10.291,-1.199,3.253,1
-10.958,-1.558,4.243,1
-11.623,-2.168,4.738,1
-12.049,-2.492,4.714,1
-12.154,-2.062,4.016,1
-12.022,-1.036,2.992,1
-11.588,-0.217,2.475,1
-10.833,0.035,2.723,1
-9.912,0.081,3.326,1
-8.96,0.06,3.917,1
-8.092,0.036,4.135,1
-7.408,-0.091,3.955,1
-6.906,-0.335,3.663,1
-6.552,-0.608,3.414,1
-6.3,-0.91,3.28,1
-6.257,-1.217,3.273,1
-6.472,-1.543,3.374,1
-6.845,-1.884,3.505,1
-7.305,-2.237,3.564,1
-7.692,-2.588,3.488,1
-8.025,-2.918,3.395,1
-8.48,-3.221,3.373,1
-9.021,-3.372,3.457,1
-9.488,-3.383,3.475,1
-9.894,-3.205,3.528,1
-10.138,-2.895,3.363,1
-10.307,-2.492,2.938,1
-10.484,-2.125,2.709,1
-10.527,-1.854,2.842,1
-10.368,-1.746,3.046,1
-10.126,-1.66,3.206,1
-9.93,-1.536,3.32,1
-9.897,-1.399,3.291,1
-10.017,-1.217,3.094,1
-10.055,-1.059,2.979,1
-9.955,-1.039,3.087,1
-9.816,-1.234,3.482,1
-9.797,-1.442,4.077,1
-9.875,-1.52,4.68,1
-10.023,-1.368,4.964,1
-10.109,-1.045,4.801,1
-9.983,-0.567,4.272,1
-9.571,-0.19,3.59,1
-8.879,-0.037,3.11,1
-8.314,-0.132,3.038,1
-7.966,-0.396,3.219,1
-7.709,-0.722,3.517,1
-7.572,-0.99,3.802,1
-7.615,-1.133,3.962,1
-7.886,-1.077,3.876,1
-8.255,-0.867,3.571,1
-8.423,-0.535,3.289,1
-8.438,-0.176,3.354,1
-8.493,0.163,3.602,1
-8.586,0.472,3.814,1
-8.601,0.676,3.856,1
-8.601,0.727,3.703,1
-8.53,0.656,3.417,1
-8.523,0.548,3.091,1
-8.606,0.35,2.71,1
-8.767,0.049,2.304,1
-8.939,-0.296,2.151,1
-9.09,-0.614,2.257,1
-9.286,-0.882,2.429,1
-9.585,-1.109,2.586,1
-9.964,-1.251,2.545,1
-10.253,-1.217,2.306,1
-10.354,-0.952,1.929,1
-10.364,-0.546,1.527,1
-10.281,-0.237,1.474,1
-10.047,-0.12,1.732,1
-9.724,-0.052,2.185,1
-9.447,-0.019,2.718,1
-9.205,-0.086,3.145,1
-8.972,-0.135,3.404,1
-8.709,-0.275,3.799,1
-8.579,-0.635,4.378,1
-8.887,-1.1,4.731,1
-9.279,-1.276,4.392,1
-9.169,-0.969,3.592,1
-8.507,-0.569,3.007,1
-7.628,-0.564,3.083,1
-6.941,-0.697,3.611,1
-6.751,-0.739,4.126,1
-7.068,-0.716,4.363,1
-7.568,-0.728,4.264,1
-7.972,-0.795,3.788,1
-8.213,-0.79,3.296,1
-8.52,-0.655,3.115,1
-8.924,-0.457,3.31,1
-9.229,-0.298,3.528,1
-9.383,-0.238,3.568,1
-9.329,-0.349,3.5,1
-9.15,-0.595,3.448,1
-8.985,-0.996,3.337,1
-9.026,-1.535,3.306,1
-9.269,-2.106,3.366,1
-9.577,-2.624,3.427,1
-9.71,-3.017,3.389,1
-9.701,-3.234,3.262,1
-9.726,-3.306,3.062,1
-9.839,-3.268,2.75,1
-9.901,-3.147,2.407,1
-9.86,-3.07,2.22,1
-9.799,-3.07,2.31,1
-9.68,-3.05,2.495,1
-9.494,-2.997,2.77,1
-9.251,-2.853,3.095,1
-8.954,-2.512,3.361,1
-8.681,-2.098,3.386,1
-8.524,-1.761,3.162,1
-8.46,-1.553,2.969,1
-8.448,-1.42,2.87,1
-8.456,-1.321,2.875,1
-8.478,-1.256,2.98,1
-8.485,-1.235,2.863,1
-8.525,-1.261,2.766,1
-8.731,-1.416,2.788,1
-9.087,-1.684,2.909,1
-9.519,-2.01,3.122,1
-9.895,-2.328,3.339,1
-10.096,-2.465,3.511,1
-10.19,-2.368,3.6,1
-10.331,-2.148,3.71,1
-10.595,-1.849,3.906,1
-10.886,-1.499,4.086,1
-10.998,-1.138,4.113,1
-10.776,-0.747,3.837,1
-10.251,-0.379,3.514,1
-9.77,-0.149,3.38,1
-9.445,-0.03,3.443,1
-9.189,0.005,3.492,1
-8.911,-0.035,3.433,1
-8.666,-0.133,3.427,1
-8.493,-0.229,3.453,1
-8.357,-0.278,3.523,1
-8.326,-0.263,3.539,1
-8.399,-0.194,3.437,1
-8.465,-0.098,3.345,1
-8.425,0.054,3.318,1
-8.359,0.165,3.349,1
-8.311,0.122,3.354,1
-8.24,0.037,3.277,1
-8.205,-0.021,3.117,1
-8.304,-0.074,2.931,1
-8.464,-0.138,2.717,1
-8.587,-0.24,2.57,1
-8.759,-0.356,2.421,1
-8.976,-0.456,2.286,1
-9.207,-0.503,2.251,1
-9.425,-0.538,2.205,1
-9.641,-0.562,2.235,1
-9.83,-0.603,2.244,1
-9.893,-0.57,2.387,1
-9.876,-0.494,2.502,1
-9.806,-0.413,2.533,1
-9.693,-0.323,2.564,1
-9.542,-0.15,2.596,1
-9.35,0.012,2.655,1
-9.054,0.097,2.803,1
-8.623,0.049,3.156,1
-8.195,-0.114,3.767,1
-7.995,-0.383,4.3,1
-8.022,-0.671,4.603,1
-8.117,-0.764,4.601,1
-8.121,-0.587,4.307,1
-8.046,-0.366,3.955,1
-7.962,-0.177,3.735,1
-7.902,-0.094,3.785,1
-7.9,-0.108,3.975,1
-7.841,-0.152,4.203,1
-7.683,-0.249,4.16,1
-7.568,-0.408,3.758,1
-7.606,-0.69,3.32,1
-7.773,-1.049,3.036,1
-8.017,-1.422,2.999,1
-8.411,-1.806,3.049,1
-8.93,-2.181,3.149,1
-9.414,-2.482,3.271,1
-9.778,-2.588,3.285,1
-10.082,-2.608,3.209,1
-10.378,-2.544,3.119,1
-10.666,-2.441,3.074,1
-10.923,-2.352,2.983,1
-11.102,-2.254,2.927,1
-11.046,-2.12,2.926,1
-10.738,-2.017,2.949,1
-10.433,-1.959,2.967,1
-10.204,-1.886,2.905,1
-9.944,-1.782,2.808,1
-9.675,-1.645,2.722,1
-9.549,-1.525,2.801,1
-9.649,-1.489,3.105,1
-9.858,-1.461,3.516,1
-10.045,-1.456,3.921,1
-10.222,-1.416,4.142,1
-10.272,-1.338,4.222,1
-10.131,-1.192,4.216,1
-9.82,-0.98,4.21,1
-9.461,-0.737,4.178,1
-9.104,-0.547,4.15,1
-8.775,-0.409,4.145,1
-8.512,-0.323,4.041,1
-8.217,-0.324,3.74,1
-7.886,-0.346,3.356,1
-7.712,-0.407,3.123,1
-7.801,-0.556,3.061,1
-7.993,-0.747,3.205,1
-8.175,-0.897,3.529,1
-8.54,-0.936,3.987,1
-9.04,-0.836,4.281,1
-9.33,-0.483,4.033,1
-9.299,0.127,3.549,1
-9.125,0.689,3.097,1
-8.842,1.049,2.886,1
-8.405,1.17,2.958,1
-8.078,1.018,3.125,1
-7.957,0.69,3.149,1
-7.942,0.353,2.925,1
-8.025,0.04,2.595,1
-8.184,-0.196,2.206,1
-8.307,-0.358,1.841,1
-8.402,-0.409,1.559,1
-8.591,-0.343,1.564,1
-9.0,-0.302,2.049,1
-9.482,-0.369,2.804,1
-9.717,-0.521,3.644,1
-9.692,-0.823,4.356,1
-9.714,-1.152,4.472,1
-9.842,-1.293,4.068,1
-9.902,-1.057,3.336,1
-9.74,-0.606,2.845,1
-9.418,-0.336,2.919,1
-9.04,-0.277,3.362,1
-8.751,-0.301,3.824,1
-8.621,-0.261,4.131,1
-8.745,-0.162,4.12,1
-8.868,-0.063,3.758,1
-8.766,0.064,3.456,1
-8.533,0.148,3.331,1
-8.198,0.132,3.438,1
-7.813,-0.003,3.667,1
-7.652,-0.236,3.873,1
-7.777,-0.483,3.787,1
-7.974,-0.787,3.551,1
-8.202,-1.196,3.316,1
-8.367,-1.586,3.22,1
-8.514,-1.975,3.299,1
-8.748,-2.268,3.397,1
-8.998,-2.437,3.47,1
-9.229,-2.499,3.436,1
-9.352,-2.438,3.344,1
-9.533,-2.356,3.247,1
-9.825,-2.313,3.186,1
-10.186,-2.309,3.265,1
-10.518,-2.304,3.355,1
-10.618,-2.252,3.386,1
-10.489,-2.141,3.235,1
-10.199,-2.066,2.93,1
-9.848,-1.993,2.675,1
-9.618,-1.992,2.675,1
-9.476,-2.033,2.846,1
-9.221,-2.001,2.941,1
-8.914,-1.921,2.936,1
-8.747,-1.867,2.918,1
-8.738,-1.773,2.961,1
-8.84,-1.616,2.976,1
-8.992,-1.526,2.943,1
-9.14,-1.459,2.981,1
-9.299,-1.371,3.153,1
-9.493,-1.269,3.379,1
-9.673,-1.147,3.57,1
-9.781,-1.024,3.647,1
-9.802,-0.859,3.557,1
-9.703,-0.724,3.477,1
-9.654,-0.673,3.534,1
-9.676,-0.72,3.653,1
-9.719,-0.793,3.726,1
-9.723,-0.852,3.707,1
-9.717,-0.914,3.622,1
-9.65,-0.93,3.507,1
-9.425,-0.879,3.396,1
-9.134,-0.883,3.317,1
-8.836,-0.872,3.195,1
-8.567,-0.892,3.012,1
-8.341,-0.913,2.849,1
-8.204,-0.941,2.788,1
-8.205,-0.984,2.936,1
-8.412,-1.053,3.393,1
-8.919,-1.084,3.987,1
-9.34,-0.966,4.327,1
-9.52,-0.716,4.216,1
-9.49,-0.339,3.8,1
-9.204,0.137,3.296,1
-8.698,0.473,2.9,1
-8.29,0.457,2.802,1
-8.194,0.136,2.938,1
-8.235,-0.234,3.066,1
-8.299,-0.625,3.201,1
-8.497,-0.916,3.177,1
-8.736,-1.049,3.032,1
-8.859,-1.069,2.825,1
-8.983,-0.979,2.66,1
-9.199,-0.85,2.626,1
-9.498,-0.64,2.708,1
-9.79,-0.445,2.911,1
-9.886,-0.289,3.108,1
-9.625,-0.196,3.258,1
-9.191,-0.141,3.347,1
-8.854,-0.177,3.298,1
-8.694,-0.299,3.14,1
-8.579,-0.415,2.958,1
-8.463,-0.504,2.849,1
-8.374,-0.591,2.806,1
-8.298,-0.656,2.822,1
-8.214,-0.693,2.846,1
-8.169,-0.714,2.788,1
-8.189,-0.713,2.704,1
-8.3,-0.676,2.543,1
-8.455,-0.712,2.446,1
-8.669,-0.845,2.567,1
-9.042,-1.08,2.836,1
-9.468,-1.23,2.873,1
-9.743,-1.242,2.895,1
-9.921,-1.106,2.97,1
-10.137,-1.001,2.988,1
-10.275,-0.999,2.981,1
-10.253,-0.975,3.056,1
-10.209,-0.895,3.193,1
-10.138,-0.845,3.265,1
-9.93,-0.848,3.184,1
-9.594,-0.844,3.075,1
-9.171,-0.802,3.034,1
-8.741,-0.723,3.05,1
-8.328,-0.662,3.034,1
-7.96,-0.66,3.126,1
-7.711,-0.744,3.3,1
-7.585,-0.886,3.668,1
-7.65,-1.045,4.177,1
-8.028,-1.109,4.602,1
-8.48,-1.037,4.767,1
-8.774,-0.904,4.62,1
-9.024,-0.778,4.43,1
-9.218,-0.703,4.329,1
-9.254,-0.704,4.29,1
-9.239,-0.828,4.27,1
-9.247,-1.042,4.193,1
-9.223,-1.251,4.02,1
-9.179,-1.422,3.801,1
-9.211,-1.589,3.561,1
-9.233,-1.707,3.331,1
-9.272,-1.827,3.205,1
-9.299,-1.926,3.147,1
-9.298,-2.009,3.072,1
-9.267,-2.131,3.0,1
-9.252,-2.249,3.006,1
-9.272,-2.347,3.097,1
-9.369,-2.407,3.257,1
-9.427,-2.412,3.309,1
-9.289,-2.347,3.248,1
-9.05,-2.261,3.205,1
-8.844,-2.192,3.232,1
-8.756,-2.104,3.288,1
-8.737,-1.992,3.318,1
-8.703,-1.88,3.335,1
-8.655,-1.784,3.286,1
-8.588,-1.69,3.211,1
-8.56,-1.611,3.126,1
-8.545,-1.579,3.037,1
-8.575,-1.613,3.027,1
-8.632,-1.642,2.983,1
-8.685,-1.657,2.968,1
-8.769,-1.662,2.959,1
-8.878,-1.647,2.922,1
-8.988,-1.62,2.882,1
-9.09,-1.619,2.889,1
-9.087,-1.654,2.882,1
-8.904,-1.835,2.995,1
-8.93,-2.141,3.366,1
-9.358,-2.181,3.832,1
-9.82,-1.931,3.994,1
-10.136,-1.528,3.61,1
-10.219,-1.243,3.427,1
-10.23,-1.133,3.503,1
-10.077,-0.972,3.711,1
-9.839,-0.798,3.595,1
-9.568,-0.74,3.16,1
-9.216,-0.791,2.895,1
-9.079,-0.984,2.92,1
-9.192,-1.179,3.119,1
-9.33,-1.257,3.214,1
-9.403,-1.247,3.194,1
-9.541,-1.207,3.277,1
-9.676,-1.068,3.415,1
-9.635,-0.834,3.523,1
-9.477,-0.581,3.525,1
-9.251,-0.319,3.538,1
-8.916,-0.111,3.716,1
-8.613,-0.074,3.878,1
-8.398,-0.089,3.812,1
-8.217,-0.107,3.528,1
-8.138,-0.083,3.133,1
-8.105,-0.173,2.792,1
-8.196,-0.385,2.718,1
-8.277,-0.685,2.951,1
-8.304,-0.986,3.353,1
-8.45,-1.223,3.642,1
-8.7,-1.336,3.647,1
-8.901,-1.285,3.433,1
-9.02,-1.065,3.161,1
-9.074,-0.796,2.897,1
-9.053,-0.537,2.782,1
-8.992,-0.289,2.775,1
-8.891,-0.145,2.956,1
-8.875,-0.111,3.314,1
-8.945,-0.14,3.659,1
-9.031,-0.164,3.761,1
-9.077,-0.1,3.628,1
-9.056,0.053,3.38,1
-8.988,0.274,3.116,1
-8.867,0.494,2.986,1
-8.745,0.617,2.949,1
-8.617,0.651,2.987,1
-8.505,0.573,3.085,1
-8.506,0.364,3.185,1
-8.669,0.102,3.187,1
-8.858,-0.099,3.015,1
-9.014,-0.203,2.722,1
-9.119,-0.245,2.512,1
-9.209,-0.25,2.514,1
-9.317,-0.39,2.896,1
-9.465,-0.77,3.547,1
-9.656,-1.221,4.127,1
-9.991,-1.551,4.358,1
-10.255,-1.569,4.021,1
-10.239,-1.308,3.284,1
-9.98,-0.97,2.692,1
-9.652,-0.755,2.554,1
-9.455,-0.764,2.785,1
-9.319,-0.819,3.164,1
-9.144,-0.761,3.527,1
-8.993,-0.645,3.583,1
-8.849,-0.533,3.395,1
-8.743,-0.372,3.233,1
-8.693,-0.222,3.205,1
-8.623,-0.132,3.413,1
-8.574,-0.129,3.835,1
-8.564,-0.133,4.242,1
-8.59,-0.117,4.371,1
-8.514,-0.085,4.187,1
-8.353,-0.1,3.889,1
-8.209,-0.218,3.652,1
-8.097,-0.487,3.484,1
-8.034,-0.839,3.404,1
-8.016,-1.257,3.398,1
-8.081,-1.683,3.401,1
-8.19,-2.068,3.349,1
-8.397,-2.379,3.196,1
-8.634,-2.664,2.931,1
-8.896,-2.85,2.736,1
-9.253,-2.97,2.675,1
-9.591,-2.964,2.65,1
-9.914,-2.939,2.61,1
-10.132,-2.838,2.662,1
-10.235,-2.646,2.761,1
-10.173,-2.418,2.804,1
-9.956,-2.179,2.83,1
-9.653,-1.942,2.851,1
-9.372,-1.751,2.889,1
-9.207,-1.658,3.039,1
-9.083,-1.622,3.18,1
-8.975,-1.612,3.318,1
-8.94,-1.584,3.398,1
-8.946,-1.474,3.355,1
-8.947,-1.312,3.258,1
-8.964,-1.208,3.17,1
-8.972,-1.14,3.121,1
-8.976,-1.119,3.209,1
-9.057,-1.155,3.376,1
-9.137,-1.246,3.497,1
-9.225,-1.432,3.581,1
-9.307,-1.618,3.722,1
-9.453,-1.773,3.894,1
-9.69,-1.818,4.013,1
-9.844,-1.658,3.907,1
-9.771,-1.4,3.575,1
-9.524,-1.213,3.224,1
-9.236,-1.147,3.066,1
-9.102,-1.192,3.088,1
-9.159,-1.268,3.181,1
-9.252,-1.381,3.17,1
-9.234,-1.486,3.105,1
-9.148,-1.514,3.043,1
-9.101,-1.473,3.037,1
-9.063,-1.362,3.007,1
-8.974,-1.163,2.951,1
-8.918,-0.981,2.953,1
-8.892,-0.889,2.949,1
-8.9,-0.861,3.024,1
-9.009,-0.928,3.201,1
-9.096,-0.99,3.475,1
-9.144,-0.981,3.705,1
-9.186,-0.911,3.81,1
-9.217,-0.786,3.752,1
-9.112,-0.581,3.569,1
-8.956,-0.306,3.406,1
-8.854,-0.09,3.306,1
-8.761,0.052,3.229,1
-8.695,0.141,3.238,1
-8.689,0.164,3.25,1
-8.713,0.153,3.275,1
-8.73,0.198,3.25,1
-8.769,0.219,3.215,1
-8.844,0.24,3.238,1
-8.909,0.262,3.288,1
-8.967,0.265,3.289,1
-9.046,0.251,3.221,1
-9.112,0.256,3.132,1
-9.132,0.259,3.039,1
-9.132,0.255,2.97,1
-9.11,0.254,2.947,1
-9.082,0.22,2.942,1
-9.076,0.184,2.946,1
-9.093,0.088,2.934,1
-9.185,-0.055,2.916,1
-9.257,-0.213,2.815,1
-9.249,-0.301,2.663,1
-9.18,-0.33,2.536,1
-9.106,-0.362,2.505,1
-9.123,-0.404,2.562,1
-9.248,-0.556,2.633,1
-9.333,-0.695,2.684,1
-9.228,-0.636,2.811,1
-9.033,-0.676,3.172,1
-9.084,-1.021,3.787,1
-9.466,-1.567,4.233,1
-9.992,-1.943,4.175,1
-10.335,-1.761,3.762,1
-10.139,-1.161,3.205,1
-9.496,-0.506,2.98,1
-8.74,-0.123,3.142,1
-8.145,0.007,3.415,1
-7.883,-0.016,3.591,1
-7.82,-0.113,3.632,1
-7.822,-0.186,3.57,1
-7.96,-0.292,3.414,1
-8.256,-0.497,3.368,1
-8.576,-0.677,3.538,1
-8.866,-0.754,3.896,1
-8.977,-0.691,4.041,1
-8.911,-0.491,3.932,1
-8.654,-0.44,3.691,1
-8.206,-0.562,3.42,1
-7.95,-0.723,3.162,1
-8.021,-1.051,2.847,1
-8.22,-1.449,2.662,1
-8.532,-1.959,2.858,1
-8.973,-2.581,3.006,1
-9.661,-3.098,3.229,1
-10.238,-3.294,3.564,1
-10.453,-3.122,3.428,1
-10.595,-2.68,3.16,1
-10.919,-2.181,2.962,1
-11.392,-1.642,2.974,1
-11.823,-1.051,3.156,1
-11.688,-0.407,3.539,1
-10.798,0.049,4.04,1
-9.84,0.197,4.226,1
-9.119,0.235,3.894,1
-8.565,0.18,3.367,1
-8.136,0.043,2.945,1
-7.877,-0.187,2.72,1
-7.725,-0.503,2.736,1
-7.651,-0.812,2.928,1
-7.681,-1.037,3.194,1
-7.752,-1.281,3.477,1
-7.933,-1.511,3.603,1
-8.176,-1.67,3.69,1
-8.475,-1.72,3.708,1
-8.718,-1.632,3.695,1
-8.854,-1.453,3.681,1
-9.002,-1.209,3.719,1
-9.087,-1.006,3.73,1
-9.105,-0.885,3.716,1
-9.098,-0.779,3.671,1
-9.188,-0.722,3.577,1
-9.29,-0.737,3.391,1
-9.284,-0.791,3.285,1
-9.207,-0.845,3.212,1
-9.144,-0.926,3.181,1
-9.132,-1.005,3.154,1
-9.158,-1.036,3.136,1
-9.241,-1.061,3.179,1
-9.388,-1.072,3.191,1
-9.518,-1.017,3.131,1
-9.499,-0.907,3.016,1
-9.351,-0.796,2.893,1
-9.203,-0.733,2.811,1
-9.091,-0.733,2.815,1
-8.981,-0.791,2.917,1
-8.837,-0.814,3.027,1
-8.691,-0.837,3.128,1
-8.585,-0.832,3.203,1
-8.56,-0.795,3.265,1
-8.6,-0.721,3.377,1
-8.753,-0.602,3.492,1
-8.934,-0.538,3.59,1
-9.055,-0.457,3.649,1
-9.1,-0.376,3.628,1
-9.069,-0.284,3.51,1
-9.017,-0.246,3.292,1
-8.973,-0.376,3.185,1
-8.943,-0.572,3.26,1
-8.888,-0.769,3.339,1
-8.811,-0.921,3.296,1
-8.781,-1.099,3.149,1
-8.819,-1.262,2.939,1
-8.909,-1.404,2.757,1
-9.053,-1.561,2.791,1
-9.312,-1.676,2.988,1
-9.652,-1.75,3.308,1
-9.871,-1.704,3.596,1
-9.829,-1.556,3.776,1
-9.685,-1.284,3.703,1
-9.511,-0.994,3.443,1
-9.282,-0.771,3.276,1
-9.076,-0.705,3.301,1
-8.901,-0.841,3.436,1
-8.665,-1.031,3.551,1
-8.398,-1.197,3.585,1
-8.216,-1.324,3.544,1
-8.208,-1.432,3.454,1
-8.345,-1.546,3.389,1
-8.496,-1.589,3.353,1
-8.548,-1.568,3.351,1
-8.577,-1.562,3.374,1
-8.603,-1.545,3.382,1
-8.594,-1.518,3.35,1
-8.641,-1.544,3.29,1
-8.694,-1.606,3.15,1
-8.694,-1.7,2.958,1
-8.734,-1.877,2.825,1
-8.841,-2.124,2.651,1
-8.927,-2.341,2.523,1
-8.981,-2.502,2.482,1
-9.12,-2.645,2.44,1
-9.322,-2.751,2.465,1
-9.54,-2.806,2.489,1
-9.699,-2.823,2.551,1
-9.742,-2.724,2.573,1
-9.749,-2.548,2.646,1
-9.763,-2.363,2.779,1
-9.764,-2.172,2.871,1
-9.658,-1.952,2.739,1
-9.5,-1.749,2.55,1
-9.424,-1.716,2.561,1
-9.494,-1.857,2.797,1
-9.726,-2.036,3.188,1
-9.932,-2.132,3.571,1
-10.073,-2.103,3.933,1
-10.367,-1.914,4.134,1
-10.717,-1.47,3.953,1
-10.678,-0.899,3.49,1
-10.165,-0.419,2.992,1
-9.36,-0.211,2.906,1
-8.685,-0.367,3.279,1
-8.354,-0.735,3.664,1
-8.19,-1.11,3.676,1
-8.02,-1.263,3.179,1
-7.933,-1.313,2.422,1
-7.997,-1.42,1.936,1
-8.13,-1.551,2.049,1
-8.318,-1.683,2.728,1
-8.676,-1.812,3.618,1
-9.198,-1.821,4.21,1
-9.544,-1.57,4.269,1
-9.643,-1.081,3.863,1
-9.665,-0.499,3.346,1
-9.554,-0.024,2.93,1
-9.161,0.271,2.692,1
-8.713,0.268,2.85,1
-8.564,-0.009,3.241,1
-8.531,-0.271,3.503,1
-8.609,-0.447,3.555,1
-8.805,-0.599,3.395,1
-8.978,-0.614,3.201,1
-9.02,-0.491,2.953,1
-8.976,-0.321,2.792,1
-8.89,-0.17,2.787,1
-8.763,-0.093,2.921,1
-8.637,-0.118,3.085,1
-8.53,-0.18,3.13,1
-8.422,-0.245,3.104,1
-8.344,-0.334,2.995,1
-8.316,-0.422,2.776,1
-8.411,-0.496,2.496,1
-8.593,-0.549,2.198,1
-8.793,-0.566,2.036,1
-8.999,-0.538,2.223,1
-9.231,-0.505,2.583,1
-9.417,-0.498,2.788,1
-9.395,-0.512,2.946,1
-9.276,-0.492,3.022,1
-9.209,-0.567,3.029,1
-9.222,-0.729,3.059,1
-9.246,-0.897,3.156,1
-9.285,-0.977,3.229,1
-9.279,-0.959,3.259,1
-9.185,-0.827,3.231,1
-8.989,-0.636,3.192,1
-8.678,-0.452,3.126,1
-8.312,-0.283,3.151,1
-8.012,-0.106,3.211,1
-7.839,-0.068,3.263,1
-7.744,-0.22,3.297,1
-7.786,-0.536,3.228,1
-7.859,-1.027,3.147,1
-8.04,-1.603,3.28,1
-8.43,-2.147,3.49,1
-9.021,-2.594,3.567,1
-9.64,-2.865,3.39,1
-10.128,-2.994,3.204,1
-10.496,-2.943,3.029,1
-10.76,-2.763,2.796,1
-10.952,-2.515,2.811,1
-11.166,-2.224,3.035,1
-11.552,-1.815,3.405,1
-12.028,-1.287,3.861,1
-12.296,-0.7,4.026,1
-12.062,-0.132,3.806,1
-11.25,0.291,3.525,1
-10.012,0.421,3.442,1
-8.952,0.221,3.599,1
-8.314,-0.123,3.779,1
-8.008,-0.446,3.855,1
-7.784,-0.658,3.691,1
-7.657,-0.824,3.441,1
-7.626,-0.975,3.201,1
-7.65,-1.116,3.002,1
-7.795,-1.26,2.996,1
-8.029,-1.427,3.204,1
-8.275,-1.55,3.563,1
-8.575,-1.552,3.841,1
-8.925,-1.418,3.986,1
-9.116,-1.195,3.882,1
-9.046,-0.896,3.627,1
-8.906,-0.642,3.348,1
-8.82,-0.509,3.212,1
-8.714,-0.492,3.298,1
-8.647,-0.591,3.503,1
-8.629,-0.777,3.63,1
-8.639,-0.95,3.577,1
-8.605,-1.117,3.5,1
-8.567,-1.233,3.436,1
-8.488,-1.343,3.455,1
-8.41,-1.442,3.511,1
-8.361,-1.557,3.663,1
-8.423,-1.631,3.764,1
-8.508,-1.643,3.713,1
-8.546,-1.57,3.577,1
-8.563,-1.486,3.434,1
-8.69,-1.499,3.363,1
-8.921,-1.629,3.392,1
-9.177,-1.786,3.458,1
-9.345,-1.883,3.379,1
-9.355,-1.83,3.043,1
-9.267,-1.642,2.519,1
-9.305,-1.542,2.11,1
-9.534,-1.705,2.013,1
-9.871,-2.095,2.244,1
-10.208,-2.598,2.676,1
-10.392,-2.963,3.101,1
-10.453,-3.068,3.532,1
-10.421,-2.858,3.809,1
-10.19,-2.385,3.865,1
-9.911,-1.798,3.824,1
-9.77,-1.328,4.158,1
-9.877,-1.01,4.437,1
-9.685,-0.576,4.234,1
-9.032,-0.091,3.727,1
-8.209,0.179,3.252,1
-7.545,0.006,3.141,1
-7.226,-0.481,3.357,1
-7.159,-1.027,3.688,1
-7.266,-1.483,3.94,1
-7.475,-1.733,4.027,1
-7.723,-1.842,3.925,1
-7.966,-1.841,3.647,1
-8.133,-1.714,3.303,1
-8.32,-1.551,3.077,1
-8.62,-1.402,2.929,1
-8.907,-1.24,2.874,1
-9.061,-1.05,2.841,1
-9.034,-0.918,2.788,1
-9.034,-1.047,2.86,1
-9.185,-1.345,3.033,1
-9.45,-1.667,3.126,1
-9.713,-1.888,3.126,1
-9.796,-1.922,3.025,1
-9.712,-1.798,2.954,1
-9.585,-1.564,2.875,1
-9.552,-1.357,2.85,1
-9.546,-1.214,2.935,1
-9.459,-1.116,3.137,1
-9.275,-1.065,3.268,1
-8.979,-0.983,3.204,1
-8.706,-0.87,3.029,1
-8.673,-0.803,2.937,1
-8.76,-0.853,2.985,1
-8.764,-0.99,3.17,1
-8.773,-1.145,3.38,1
-8.85,-1.302,3.487,1
-8.955,-1.362,3.49,1
-9.023,-1.333,3.385,1
-9.053,-1.278,3.254,1
-9.094,-1.225,3.185,1
-9.13,-1.14,3.179,1
-9.149,-1.018,3.213,1
-9.17,-0.867,3.217,1
-9.223,-0.771,3.276,1
-9.297,-0.712,3.321,1
-9.306,-0.697,3.364,1
-9.243,-0.713,3.38,1
-9.14,-0.762,3.283,1
-8.986,-0.83,3.122,1
-8.883,-0.91,3.034,1
-8.936,-1.052,3.029,1
-9.015,-1.202,3.096,1
-9.048,-1.296,3.188,1
-9.083,-1.365,3.259,1
-9.129,-1.358,3.299,1
-9.164,-1.268,3.285,1
-9.163,-1.157,3.215,1
-9.152,-1.114,3.153,1
-9.071,-1.1,3.164,1
-9.042,-1.095,3.218,1
-9.052,-1.065,3.226,1
-8.992,-1.029,3.156,1
-8.904,-0.985,3.073,1
-8.828,-0.971,3.032,1
-8.83,-0.969,3.03,1
-8.877,-0.977,3.094,1
-8.956,-0.955,3.159,1
-9.025,-0.889,3.243,1
-9.034,-0.779,3.362,1
-9.037,-0.584,3.448,1
-9.083,-0.41,3.49,1
-9.014,-0.344,3.562,1
-8.834,-0.351,3.612,1
-8.636,-0.43,3.624,1
-8.451,-0.576,3.686,1
-8.369,-0.829,3.729,1
-8.361,-1.087,3.638,1
-8.372,-1.255,3.439,1
-8.424,-1.387,3.082,1
-8.486,-1.577,2.782,1
-8.555,-1.856,2.609,1
-8.728,-2.227,2.602,1
-8.992,-2.614,2.668,1
-9.232,-2.885,2.788,1
-9.474,-2.932,2.925,1
-9.705,-2.754,2.939,1
-9.85,-2.434,2.937,1
-10.018,-2.067,3.007,1
-10.257,-1.688,3.144,1
-10.476,-1.255,3.427,1
-10.67,-0.758,3.814,1
-10.814,-0.287,4.061,1
-10.586,0.192,3.997,1
-9.846,0.583,3.745,1
-8.814,0.672,3.518,1
-8.009,0.423,3.466,1
-7.675,-0.038,3.51,1
-7.624,-0.576,3.557,1
-7.646,-1.038,3.544,1
-7.728,-1.367,3.418,1
-7.895,-1.63,3.288,1
-8.112,-1.905,3.227,1
-8.4,-2.119,3.33,1
-8.695,-2.195,3.53,1
-8.99,-2.091,3.607,1
-9.222,-1.817,3.531,1
-9.303,-1.42,3.426,1
-9.282,-1.059,3.423,1
-9.342,-0.828,3.493,1
-9.475,-0.666,3.631,1
-9.637,-0.574,3.597,1
-9.693,-0.593,3.394,1
-9.526,-0.733,3.141,1
-9.213,-0.88,3.005,1
-8.953,-1.032,2.972,1
-8.769,-1.143,3.016,1
-8.634,-1.258,3.177,1
-8.548,-1.417,3.349,1
-8.482,-1.564,3.536,1
-8.463,-1.666,3.683,1
-8.495,-1.682,3.707,1
-8.61,-1.684,3.626,1
-8.788,-1.65,3.552,1
-9.006,-1.588,3.497,1
-9.18,-1.517,3.496,1
-9.303,-1.491,3.518,1
-9.362,-1.411,3.466,1
-9.367,-1.253,3.378,1
-9.412,-1.097,3.249,1
-9.421,-0.967,3.179,1
-9.316,-0.857,3.094,1
-9.156,-0.844,2.94,1
-9.015,-0.973,2.856,1
-8.879,-1.186,2.86,1
-8.764,-1.447,2.88,1
-8.78,-1.705,3.019,1
-8.847,-1.866,3.231,1
-8.876,-1.902,3.439,1
-8.876,-1.792,3.529,1
-8.923,-1.625,3.534,1
-8.972,-1.419,3.611,1
-8.967,-1.177,3.755,1
-8.945,-0.952,3.907,1
-8.956,-0.788,3.924,1
-8.885,-0.67,3.793,1
-8.719,-0.726,3.595,1
-8.564,-0.878,3.506,1
-8.527,-1.046,3.459,1
-8.594,-1.219,3.463,1
-8.732,-1.379,3.484,1
-8.901,-1.495,3.56,1
-9.132,-1.565,3.683,1
-9.368,-1.492,3.701,1
-9.458,-1.294,3.58,1
-9.334,-1.026,3.507,1
-9.061,-0.84,3.513,1
-8.732,-0.762,3.603,1
-8.475,-0.793,3.707,1
-8.318,-0.882,3.621,1
-8.202,-0.957,3.343,1
-8.15,-1.068,3.085,1
-8.154,-1.191,2.919,1
-8.244,-1.382,2.903,1
-8.446,-1.596,3.025,1
-8.677,-1.783,3.2,1
-8.914,-1.922,3.367,1
-9.153,-1.927,3.476,1
-9.355,-1.854,3.523,1
-9.471,-1.683,3.548,1
-9.442,-1.504,3.501,1
-9.32,-1.409,3.412,1
-9.191,-1.4,3.274,1
-9.059,-1.469,3.098,1
-9.009,-1.641,3.019,1
-9.048,-1.869,2.968,1
-9.101,-2.071,2.934,1
-9.193,-2.238,2.882,1
-9.276,-2.39,2.934,1
-9.291,-2.441,3.185,1
-9.272,-2.34,3.506,1
-9.292,-2.111,3.711,1
-9.319,-1.832,3.776,1
-9.321,-1.493,3.767,1
-9.198,-1.103,3.574,1
-8.915,-0.746,3.321,1
-8.677,-0.581,3.309,1
-8.628,-0.699,3.589,1
-8.693,-0.965,3.906,1
-8.838,-1.233,4.196,1
-9.085,-1.427,4.406,1
-9.341,-1.538,4.492,1
-9.517,-1.494,4.334,1
-9.541,-1.276,4.042,1
-9.438,-1.059,3.735,1
-9.194,-0.975,3.576,1
-8.859,-0.998,3.574,1
-8.647,-1.212,3.594,1
-8.505,-1.429,3.49,1
-8.335,-1.5,3.201,1
-8.181,-1.483,2.759,1
-8.235,-1.541,2.438,1
-8.492,-1.633,2.341,1
-8.72,-1.753,2.579,1
-8.814,-1.821,2.954,1
-8.863,-1.756,3.313,1
-8.923,-1.558,3.663,1
-9.268,-1.388,4.04,1
-9.924,-1.254,4.253,1
-10.274,-0.912,4.174,1
-10.132,-0.373,3.755,1
-9.739,0.134,3.361,1
-9.074,0.395,3.223,1
-8.396,0.303,3.238,1
-8.015,-0.013,3.302,1
-7.889,-0.421,3.337,1
-7.93,-0.79,3.276,1
-8.007,-1.021,3.081,1
-8.075,-1.254,2.821,1
-8.234,-1.588,2.677,1
-8.528,-1.934,2.687,1
-8.863,-2.127,2.825,1
-9.204,-2.107,2.948,1
-9.483,-1.888,3.089,1
-9.712,-1.592,3.292,1
-9.866,-1.234,3.552,1
-9.962,-0.783,3.732,1
-10.01,-0.294,3.667,1
-9.885,0.125,3.447,1
-9.589,0.34,3.288,1
-9.15,0.344,3.15,1
-8.698,0.175,3.126,1
-8.424,-0.132,3.207,1
-8.339,-0.537,3.218,1
-8.337,-0.933,3.185,1
-8.403,-1.199,3.181,1
-8.561,-1.338,3.211,1
-8.794,-1.397,3.276,1
-9.021,-1.324,3.396,1
-9.259,-1.217,3.518,1
-9.482,-1.108,3.606,1
-9.575,-0.973,3.663,1
-9.488,-0.869,3.644,1
-9.308,-0.868,3.61,1
-9.045,-0.932,3.452,1
-8.814,-0.967,3.227,1
-8.804,-1.073,3.061,1
-8.866,-1.244,3.044,1
-8.927,-1.404,3.139,1
-9.018,-1.503,3.241,1
-9.128,-1.554,3.331,1
-9.205,-1.503,3.345,1
-9.381,-1.352,3.283,1
-9.6,-1.231,3.29,1
-9.661,-1.061,3.392,1
-9.586,-0.829,3.477,1
-9.481,-0.61,3.416,1
-9.336,-0.512,3.368,1
-9.111,-0.472,3.341,1
-8.902,-0.465,3.3,1
-8.76,-0.538,3.255,1
-8.601,-0.743,3.222,1
-8.449,-0.957,3.193,1
-8.375,-1.215,3.206,1
-8.387,-1.448,3.247,1
-8.463,-1.609,3.268,1
-8.564,-1.669,3.304,1
-8.688,-1.626,3.352,1
-8.899,-1.579,3.406,1
-8.986,-1.495,3.437,1
-8.958,-1.318,3.489,1
-8.913,-1.102,3.512,1
-8.742,-0.872,3.37,1
-8.554,-0.783,3.164,1
-8.581,-1.029,3.075,1
-8.799,-1.432,3.069,1
-8.991,-1.774,3.132,1
-9.246,-2.006,3.255,1
-9.633,-2.065,3.259,1
-9.958,-1.922,3.282,1
-10.157,-1.629,3.343,1
-10.281,-1.197,3.418,1
-10.369,-0.684,3.43,1
-10.324,-0.235,3.436,1
-10.018,0.048,3.557,1
-9.405,0.144,3.601,1
-8.767,0.106,3.559,1
-8.334,-0.054,3.602,1
-8.048,-0.292,3.596,1
-7.82,-0.545,3.519,1
-7.699,-0.792,3.411,1
-7.694,-1.013,3.302,1
-7.742,-1.191,3.176,1
-7.841,-1.352,3.088,1
-7.976,-1.484,3.048,1
-8.229,-1.643,3.095,1
-8.625,-1.809,3.243,1
-9.056,-1.953,3.424,1
-9.499,-2.022,3.492,1
-9.852,-1.91,3.434,1
-10.071,-1.658,3.334,1
-10.182,-1.325,3.266,1
-10.234,-1.061,3.273,1
-10.169,-0.885,3.358,1
-9.928,-0.818,3.345,1
-9.513,-0.873,3.237,1
-9.103,-0.956,3.168,1
-8.86,-1.063,3.064,1
-8.795,-1.265,3.031,1
-8.767,-1.539,3.107,1
-8.729,-1.762,3.218,1
-8.718,-1.892,3.309,1
-8.751,-1.946,3.374,1
-8.813,-1.898,3.424,1
-8.894,-1.788,3.486,1
-8.986,-1.646,3.519,1
-9.053,-1.465,3.552,1
-9.078,-1.244,3.634,1
-9.008,-1.048,3.725,1
-8.847,-0.909,3.716,1
-8.578,-0.848,3.608,1
-8.307,-0.876,3.507,1
-8.227,-1.052,3.399,1
-8.259,-1.303,3.305,1
-8.267,-1.532,3.24,1
-8.334,-1.674,3.197,1
-8.514,-1.71,3.179,1
-8.826,-1.678,3.222,1
-9.172,-1.578,3.319,1
-9.502,-1.418,3.502,1
-9.752,-1.166,3.641,1
-9.849,-0.861,3.703,1
-9.777,-0.565,3.665,1
-9.594,-0.339,3.47,1
-9.269,-0.241,3.284,1
-8.992,-0.365,3.279,1
-8.885,-0.683,3.361,1
-8.876,-1.088,3.446,1
-8.911,-1.413,3.518,1
-8.936,-1.568,3.477,1
-8.949,-1.572,3.401,1
-8.996,-1.443,3.331,1
-9.159,-1.292,3.32,1
-9.385,-1.207,3.372,1
-9.459,-1.155,3.518,1
-9.305,-1.065,3.656,1
-9.013,-0.994,3.694,1
-8.666,-0.991,3.63,1
-8.418,-1.075,3.576,1
-8.337,-1.209,3.416,1
-8.371,-1.38,3.239,1
-8.375,-1.633,3.174,1
-8.39,-1.883,3.193,1
-8.429,-2.087,3.272,1
-8.486,-2.21,3.419,1
-8.669,-2.187,3.53,1
-8.929,-2.007,3.609,1
-9.215,-1.739,3.568,1
-9.468,-1.395,3.523,1
-9.531,-1.048,3.493,1
-9.378,-0.74,3.411,1
-9.171,-0.539,3.382,1
-9.017,-0.495,3.246,1
-8.842,-0.546,3.007,1
-8.704,-0.722,2.851,1
-8.729,-1.065,2.82,1
-8.883,-1.492,2.912,1
-9.088,-1.878,3.069,1
-9.39,-2.183,3.262,1
-9.653,-2.331,3.306,1
-9.729,-2.251,3.31,1
-9.652,-1.99,3.298,1
-9.568,-1.666,3.359,1
-9.472,-1.294,3.523,1
-9.251,-0.918,3.665,1
-8.988,-0.709,3.75,1
-8.737,-0.623,3.698,1
-8.512,-0.563,3.567,1
-8.362,-0.635,3.474,1
-8.204,-0.808,3.398,1
-8.03,-0.987,3.388,1
-8.051,-1.2,3.416,1
-8.239,-1.399,3.387,1
-8.466,-1.488,3.323,1
-8.703,-1.442,3.167,1
-8.917,-1.321,3.054,1
-9.173,-1.22,3.132,1
-9.319,-1.107,3.268,1
-9.326,-1.009,3.357,1
-9.235,-0.9,3.348,1
-9.143,-0.849,3.155,1
-9.032,-0.869,2.949,1
-8.998,-1.051,2.883,1
-9.079,-1.35,2.949,1
-9.131,-1.585,3.096,1
-9.183,-1.739,3.239,1
-9.245,-1.801,3.327,1
-9.318,-1.759,3.364,1
-9.393,-1.592,3.338,1
-9.469,-1.35,3.358,1
-9.467,-1.078,3.446,1
-9.346,-0.812,3.548,1
-9.147,-0.62,3.601,1
-8.937,-0.525,3.515,1
-8.772,-0.534,3.425,1
-8.733,-0.712,3.323,1
-8.74,-0.944,3.136,1
-8.735,-1.217,3.085,1
-8.847,-1.463,3.101,1
-9.133,-1.618,3.087,1
-9.402,-1.724,3.101,1
-9.508,-1.718,3.176,1
-9.519,-1.597,3.209,1
-9.518,-1.376,3.225,1
-9.518,-1.125,3.272,1
-9.436,-0.874,3.328,1
-9.239,-0.655,3.38,1
-8.957,-0.533,3.393,1
-8.589,-0.509,3.312,1
-8.285,-0.54,3.196,1
-8.145,-0.642,3.039,1
-8.131,-0.836,2.948,1
-8.196,-1.116,3.048,1
-8.334,-1.371,3.283,1
-8.622,-1.577,3.449,1
-9.008,-1.654,3.474,1
-9.332,-1.57,3.346,1
-9.462,-1.35,3.173,1
-9.472,-1.056,3.064,1
-9.507,-0.769,3.024,1
-9.552,-0.546,3.003,1
-9.522,-0.414,3.021,1
-9.418,-0.44,2.998,1
-9.224,-0.578,2.933,1
-9.045,-0.778,2.924,1
-8.951,-0.978,2.915,1
-8.935,-1.185,2.885,1
-8.945,-1.357,2.862,1
-8.934,-1.52,2.843,1
-8.864,-1.638,2.879,1
-8.829,-1.697,3.046,1
-8.834,-1.693,3.239,1
-8.842,-1.617,3.378,1
-8.889,-1.474,3.46,1
-8.969,-1.282,3.448,1
-9.031,-1.087,3.442,1
-9.061,-0.95,3.432,1
-9.03,-0.885,3.43,1
-8.967,-0.893,3.432,1
-8.901,-0.912,3.438,1
-8.853,-0.985,3.418,1
-8.835,-1.095,3.28,1
-8.806,-1.192,3.116,1
-8.85,-1.288,3.064,1
-9.012,-1.427,3.128,1
-9.261,-1.556,3.227,1
-9.451,-1.607,3.316,1
-9.522,-1.613,3.329,1
-9.555,-1.621,3.266,1
-9.558,-1.574,3.245,1
-9.51,-1.514,3.29,1
-9.362,-1.419,3.376,1
-9.184,-1.27,3.475,1
-9.015,-1.142,3.565,1
-8.916,-1.064,3.609,1
-8.89,-1.02,3.642,1
-8.932,-0.988,3.685,1
-9.027,-0.982,3.714,1
-9.07,-0.914,3.694,1
-9.02,-0.859,3.633,1
-8.884,-0.845,3.495,1
-8.771,-0.867,3.339,1
-8.714,-0.911,3.269,1
-8.801,-1.002,3.235,1
-8.941,-1.107,3.24,1
-8.998,-1.202,3.204,1
-8.951,-1.259,3.151,1
-8.94,-1.271,3.186,1
-8.963,-1.282,3.281,1
-8.985,-1.302,3.39,1
-8.987,-1.292,3.46,1
-8.973,-1.21,3.454,1
-8.91,-1.085,3.434,1
-8.817,-0.958,3.364,1
-8.761,-0.82,3.371,1
-8.789,-0.732,3.49,1
-8.916,-0.721,3.642,1
-9.042,-0.758,3.72,1
-9.104,-0.792,3.741,1
-9.119,-0.837,3.664,1
-9.064,-0.88,3.518,1
-8.972,-0.955,3.493,1
-8.953,-1.069,3.515,1
-8.972,-1.264,3.48,1
-8.987,-1.453,3.45,1
-9.008,-1.643,3.408,1
-9.104,-1.772,3.334,1
-9.292,-1.8,3.248,1
-9.399,-1.646,3.227,1
-9.432,-1.38,3.306,1
-9.518,-1.107,3.36,1
-9.581,-0.865,3.414,1
-9.529,-0.605,3.468,1
-9.4,-0.358,3.438,1
-9.208,-0.222,3.406,1
-8.976,-0.141,3.343,1
-8.722,-0.135,3.223,1
-8.531,-0.266,3.227,1
-8.413,-0.43,3.372,1
-8.305,-0.524,3.463,1
-8.266,-0.642,3.465,1
-8.218,-0.779,3.377,1
-8.179,-0.967,3.338,1
-8.163,-1.207,3.364,1
-8.207,-1.411,3.423,1
-8.43,-1.58,3.566,1
-8.848,-1.689,3.771,1
-9.212,-1.732,3.815,1
-9.301,-1.668,3.77,1
-9.327,-1.515,3.722,1
-9.377,-1.295,3.693,1
-9.413,-1.034,3.675,1
-9.421,-0.852,3.615,1
-9.36,-0.798,3.548,1
-9.198,-0.84,3.441,1
-9.001,-0.993,3.335,1
-8.819,-1.216,3.257,1
-8.723,-1.45,3.243,1
-8.725,-1.602,3.193,1
-8.785,-1.649,3.153,1
-8.909,-1.635,3.137,1
-8.98,-1.553,3.214,1
-9.011,-1.389,3.324,1
-9.074,-1.229,3.473,1
-9.153,-1.113,3.678,1
-9.231,-1.042,3.906,1
-9.197,-0.894,4.011,1
-9.019,-0.728,3.942,1
-8.798,-0.622,3.786,1
-8.556,-0.646,3.682,1
-8.408,-0.868,3.667,1
-8.353,-1.168,3.697,1
-8.369,-1.49,3.774,1
-8.398,-1.813,3.794,1
-8.452,-2.046,3.736,1
-8.579,-2.133,3.582,1
-8.794,-2.108,3.41,1
-9.038,-2.043,3.275,1
-9.242,-1.979,3.232,1
-9.361,-1.889,3.329,1
-9.394,-1.817,3.44,1
-9.348,-1.723,3.42,1
-9.277,-1.666,3.265,1
-9.274,-1.676,3.133,1
-9.326,-1.679,3.049,1
-9.346,-1.728,3.155,1
-9.351,-1.815,3.512,1
-9.337,-1.838,3.962,1
-9.364,-1.714,4.265,1
-9.368,-1.486,4.309,1
-9.311,-1.113,4.148,1
-9.212,-0.69,3.969,1
-9.1,-0.386,3.916,1
-8.958,-0.201,3.969,1
-8.681,-0.051,3.78,1
-8.351,0.048,3.388,1
-8.135,0.016,3.009,1
-8.075,-0.209,2.828,1
-8.128,-0.602,2.921,1
-8.266,-1.092,3.148,1
-8.513,-1.517,3.387,1
-8.898,-1.78,3.507,1
-9.333,-1.93,3.544,1
-9.617,-1.9,3.533,1
-9.707,-1.656,3.409,1
-9.664,-1.238,3.246,1
-9.573,-0.878,3.168,1
-9.421,-0.698,3.2,1
-9.169,-0.644,3.301,1
-8.912,-0.808,3.312,1
-8.68,-1.025,3.261,1
-8.492,-1.134,3.213,1
-8.341,-1.197,3.172,1
-8.19,-1.193,3.109,1
-8.116,-1.217,3.023,1
-8.147,-1.236,3.039,1
-8.267,-1.219,3.174,1
-8.497,-1.197,3.364,1
-8.767,-1.153,3.545,1
-9.02,-1.074,3.638,1
-9.209,-0.965,3.543,1
-9.292,-0.82,3.433,1
-9.265,-0.701,3.353,1
-9.217,-0.596,3.319,1
-9.138,-0.552,3.29,1
-8.892,-0.599,3.136,1
-8.639,-0.771,3.098,1
-8.655,-1.082,3.163,1
-8.846,-1.483,3.184,1
-9.053,-1.824,3.234,1
-9.304,-2.064,3.345,1
-9.629,-2.189,3.481,1
-9.803,-2.122,3.554,1
-9.778,-1.866,3.561,1
-9.765,-1.573,3.523,1
-9.794,-1.322,3.641,1
-9.731,-1.072,3.855,1
-9.508,-0.875,4.0,1
-9.221,-0.831,4.107,1
-8.941,-0.829,4.12,1
-8.68,-0.817,3.992,1
-8.441,-0.798,3.714,1
-8.245,-0.79,3.442,1
-8.127,-0.95,3.343,1
-8.078,-1.227,3.352,1
-8.097,-1.546,3.432,1
-8.169,-1.83,3.564,1
-8.385,-1.915,3.683,1
-8.715,-1.862,3.765,1
-9.004,-1.772,3.797,1
-9.165,-1.575,3.745,1
-9.278,-1.313,3.647,1
-9.368,-1.075,3.613,1
-9.327,-0.919,3.608,1
-9.143,-0.861,3.628,1
-8.878,-0.93,3.635,1
-8.678,-1.064,3.624,1
-8.577,-1.194,3.592,1
-8.512,-1.289,3.574,1
-8.501,-1.366,3.509,1
-8.569,-1.401,3.518,1
-8.646,-1.355,3.558,1
-8.741,-1.228,3.642,1
-8.863,-1.061,3.671,1
-9.006,-0.873,3.725,1
-9.101,-0.801,3.755,1
-9.12,-0.756,3.739,1
-9.121,-0.711,3.671,1
-9.136,-0.73,3.536,1
-9.122,-0.794,3.477,1
-9.032,-0.883,3.482,1
-8.986,-0.957,3.432,1
-8.963,-1.024,3.33,1
-8.939,-1.091,3.272,1
-8.958,-1.174,3.26,1
-9.017,-1.274,3.27,1
-9.085,-1.379,3.324,1
-9.093,-1.46,3.41,1
-9.095,-1.496,3.504,1
-9.087,-1.433,3.582,1
-9.115,-1.363,3.66,1
-9.159,-1.313,3.721,1
-9.178,-1.25,3.662,1
-9.087,-1.137,3.547,1
-8.95,-1.016,3.458,1
-8.84,-0.963,3.438,1
-8.738,-0.964,3.455,1
-8.641,-0.994,3.465,1
-8.551,-1.082,3.457,1
-8.489,-1.209,3.404,1
-8.486,-1.389,3.319,1
-8.583,-1.598,3.258,1
-8.75,-1.742,3.189,1
-8.919,-1.775,3.191,1
-9.033,-1.719,3.245,1
-9.116,-1.595,3.308,1
-9.184,-1.425,3.405,1
-9.189,-1.231,3.505,1
-9.136,-1.036,3.613,1
-9.11,-0.868,3.701,1
-9.107,-0.75,3.761,1
-9.106,-0.666,3.771,1
-9.059,-0.676,3.788,1
-8.911,-0.73,3.836,1
-8.769,-0.748,3.802,1
-8.627,-0.701,3.653,1
-8.506,-0.662,3.511,1
-8.394,-0.658,3.435,1
-8.291,-0.712,3.429,1
-8.239,-0.842,3.522,1
-8.23,-1.022,3.633,1
-8.312,-1.239,3.755,1
-8.481,-1.476,3.961,1
-8.754,-1.637,4.085,1
-9.069,-1.621,4.101,1
-9.267,-1.482,3.995,1
-9.322,-1.266,3.863,1
-9.261,-1.109,3.805,1
-9.109,-1.058,3.768,1
-8.946,-1.051,3.744,1
-8.798,-1.133,3.618,1
-8.69,-1.291,3.414,1
-8.653,-1.496,3.294,1
-8.659,-1.674,3.272,1
-8.689,-1.878,3.272,1
-8.793,-2.059,3.301,1
-8.939,-2.175,3.379,1
-9.079,-2.168,3.427,1
-9.192,-2.036,3.393,1
-9.255,-1.882,3.397,1
-9.262,-1.736,3.481,1
-9.246,-1.59,3.578,1
-9.204,-1.44,3.498,1
-9.058,-1.237,3.184,1
-8.882,-1.076,2.872,1
-8.85,-1.126,2.788,1
-9.001,-1.384,2.972,1
-9.171,-1.778,3.356,1
-9.375,-2.177,3.926,1
-9.59,-2.399,4.367,1
-9.723,-2.292,4.525,1
-9.91,-1.888,4.316,1
-10.114,-1.47,4.171,1
-10.334,-1.006,4.215,1
-10.354,-0.498,4.04,1
-9.957,-0.045,3.519,1
-9.252,0.131,3.009,1
-8.652,-0.127,2.861,1
-8.365,-0.704,3.05,1
-8.33,-1.328,3.376,1
-8.464,-1.758,3.751,1
-8.721,-1.898,3.945,1
-8.979,-1.707,3.873,1
-9.088,-1.307,3.684,1
-9.081,-0.783,3.45,1
-9.026,-0.278,3.244,1
-8.971,0.056,3.196,1
-8.851,0.192,3.268,1
-8.708,0.215,3.321,1
-8.547,0.195,3.247,1
-8.391,0.031,3.101,1
-8.317,-0.219,2.929,1
-8.325,-0.399,2.658,1
-8.438,-0.53,2.36,1
-8.586,-0.586,2.076,1
-8.688,-0.619,1.932,1
-8.684,-0.599,1.885,1
-8.726,-0.558,1.801,1
-8.841,-0.518,1.676,1
-8.964,-0.448,1.631,1
-9.107,-0.376,1.86,1
-9.306,-0.424,2.32,1
-9.498,-0.57,2.925,1
-9.595,-0.79,3.374,1
-9.688,-1.061,3.645,1
-9.69,-1.223,3.645,1
-9.613,-1.245,3.505,1
-9.459,-1.21,3.32,1
-9.316,-1.166,3.186,1
-9.173,-1.183,3.225,1
-9.01,-1.175,3.346,1
-8.795,-1.069,3.457,1
-8.557,-0.891,3.434,1
-8.375,-0.684,3.393,1
-8.158,-0.544,3.393,1
-7.951,-0.529,3.427,1
-7.851,-0.56,3.479,1
-7.932,-0.739,3.687,1
-8.345,-1.0,3.969,1
-8.828,-1.287,4.182,1
-9.147,-1.502,4.214,1
-9.292,-1.596,4.111,1
-9.277,-1.561,3.988,1
-9.18,-1.513,3.898,1
-9.108,-1.552,3.891,1
-9.119,-1.669,3.954,1
-9.215,-1.847,3.975,1
-9.31,-2.001,3.903,1
-9.379,-2.143,3.791,1
-9.409,-2.248,3.671,1
-9.466,-2.337,3.615,1
-9.555,-2.336,3.598,1
-9.644,-2.236,3.615,1
-9.65,-2.015,3.624,1
-9.577,-1.751,3.504,1
-9.432,-1.589,3.293,1
-9.224,-1.549,3.183,1
-9.072,-1.658,3.195,1
-8.912,-1.807,3.139,1
-8.731,-1.944,2.965,1
-8.582,-2.086,2.852,1
-8.501,-2.19,2.774,1
-8.527,-2.259,2.752,1
-8.592,-2.153,2.629,1
-8.697,-1.944,2.491,1
-8.944,-1.871,2.581,1
-9.289,-1.841,2.832,1
-9.523,-1.883,3.084,1
-9.615,-1.962,3.305,1
-9.626,-1.97,3.454,1
-9.576,-1.829,3.429,1
-9.484,-1.562,3.34,1
-9.425,-1.299,3.322,1
-9.381,-1.088,3.363,1
-9.268,-0.949,3.475,1
-9.085,-0.807,3.545,1
-8.921,-0.692,3.587,1
-8.819,-0.581,3.684,1
-8.918,-0.571,4.141,1
-9.387,-0.618,4.71,1
-9.86,-0.477,4.857,1
-9.859,0.041,4.182,1
-9.402,0.636,3.238,1
-8.696,0.902,2.802,1
-8.11,0.77,3.088,1
-7.894,0.385,3.629,1
-8.011,-0.025,3.867,1
-8.355,-0.287,3.647,1
-8.594,-0.386,3.192,1
-8.661,-0.375,2.756,1
-8.72,-0.381,2.456,1
-8.825,-0.395,2.395,1
-8.998,-0.455,2.505,1
-9.203,-0.515,2.677,1
-9.412,-0.542,2.824,1
-9.481,-0.454,2.802,1
-9.447,-0.322,2.729,1
-9.289,-0.192,2.564,1
-9.098,-0.116,2.408,1
-8.978,-0.149,2.372,1
-8.918,-0.259,2.491,1
-8.844,-0.382,2.693,1
-8.749,-0.41,2.839,1
-8.709,-0.381,2.815,1
-8.7,-0.298,2.641,1
-8.714,-0.179,2.52,1
-8.832,-0.109,2.422,1
-8.98,-0.024,2.335,1
-9.041,0.012,2.616,1
-9.115,-0.202,3.321,1
-9.447,-0.814,4.006,1
-9.934,-1.467,4.179,1
-10.34,-1.64,3.894,1
-10.331,-1.302,3.257,1
-9.898,-0.719,2.845,1
-9.334,-0.344,2.964,1
-8.802,-0.304,3.352,1
-8.377,-0.428,3.928,1
-8.097,-0.647,4.526,1
-8.099,-0.8,4.68,1
-8.257,-0.807,4.352,1
-8.349,-0.784,3.897,1
-8.353,-0.82,3.562,1
-8.331,-0.881,3.513,1
-8.373,-0.955,3.576,1
-8.467,-1.11,3.631,1
-8.642,-1.314,3.635,1
-8.817,-1.509,3.498,1
-8.969,-1.722,3.306,1
-9.129,-1.927,3.132,1
-9.312,-2.153,3.024,1
-9.484,-2.339,2.935,1
-9.622,-2.462,2.854,1
-9.8,-2.601,2.806,1
-10.06,-2.732,2.827,1
-10.316,-2.748,2.864,1
-10.356,-2.538,2.719,1
-10.092,-2.23,2.479,1
-9.82,-2.027,2.366,1
-9.626,-1.92,2.421,1
-9.428,-1.791,2.672,1
-9.24,-1.7,2.94,1
-9.116,-1.695,3.087,1
-9.033,-1.711,3.168,1
-8.997,-1.641,3.13,1
-8.948,-1.525,3.105,1
-8.897,-1.432,3.165,1
-8.831,-1.329,3.2,1
-8.79,-1.208,3.196,1
-8.749,-1.124,3.138,1
-8.715,-1.131,3.071,1
-8.679,-1.248,2.982,1
-8.632,-1.372,2.818,1
-8.611,-1.486,2.665,1
-8.632,-1.594,2.534,1
-8.75,-1.687,2.455,1
-8.995,-1.764,2.448,1
-9.316,-1.842,2.57,1
-9.698,-1.917,2.817,1
-10.08,-1.918,3.099,1
-10.45,-1.754,3.396,1
-10.742,-1.386,3.556,1
-10.919,-0.931,3.666,1
-11.127,-0.492,3.896,1
-11.134,-0.087,4.006,1
-10.675,0.302,3.78,1
-9.787,0.591,3.336,1
-8.926,0.659,2.999,1
-8.489,0.411,2.967,1
-8.315,-0.058,3.284,1
-8.153,-0.479,3.648,1
-8.08,-0.834,3.743,1
-8.126,-0.997,3.542,1
-8.21,-0.943,3.262,1
-8.396,-0.787,3.145,1
-8.736,-0.548,3.172,1
-8.969,-0.308,3.176,1
-8.99,-0.082,3.141,1
-8.945,0.003,3.068,1
-8.962,-0.022,2.957,1
-9.006,-0.138,2.86,1
-9.053,-0.295,2.772,1
-9.118,-0.431,2.72,1
-9.168,-0.533,2.693,1
-9.242,-0.559,2.676,1
-9.317,-0.547,2.641,1
-9.375,-0.486,2.63,1
-9.439,-0.401,2.639,1
-9.438,-0.284,2.632,1
-9.346,-0.153,2.727,1
-9.228,-0.06,2.892,1
-9.112,-0.034,3.006,1
-8.921,0.006,3.035,1
-8.74,0.021,3.013,1
-8.724,-0.012,2.93,1
-8.742,-0.026,2.821,1
-8.692,-0.019,2.767,1
-8.676,-0.056,2.823,1
-8.733,-0.134,2.929,1
-8.851,-0.242,3.048,1
-9.019,-0.348,3.058,1
-9.183,-0.381,2.998,1
-9.267,-0.314,2.908,1
-9.28,-0.178,2.759,1
-9.233,-0.049,2.605,1
-9.24,0.026,2.492,1
-9.212,0.045,2.448,1
-9.141,0.042,2.501,1
-9.075,-0.009,2.587,1
-9.03,-0.016,2.628,1
-8.965,-0.013,2.627,1
-8.908,-0.016,2.717,1
-9.022,-0.102,2.917,1
-9.186,-0.215,3.024,1
-9.258,-0.306,3.194,1
-9.258,-0.342,3.422,1
-9.25,-0.399,3.637,1
-9.311,-0.549,3.903,1
-9.462,-0.841,4.304,1
-9.68,-1.202,4.643,1
-9.918,-1.495,4.709,1
-10.065,-1.49,4.416,1
-10.013,-1.193,3.846,1
-9.756,-0.779,3.265,1
-9.398,-0.404,2.931,1
-9.047,-0.122,2.898,1
-8.844,0.062,3.183,1
-8.742,0.124,3.555,1
-8.575,0.158,3.648,1
-8.345,0.239,3.448,1
-8.186,0.35,3.139,1
-8.123,0.353,2.965,1
-8.131,0.283,3.064,1
-8.176,0.135,3.329,1
-8.263,-0.07,3.622,1
-8.245,-0.269,3.683,1
-8.174,-0.454,3.596,1
-8.185,-0.732,3.418,1
-8.193,-1.058,3.335,1
-8.227,-1.353,3.305,1
-8.391,-1.617,3.258,1
-8.601,-1.913,3.268,1
-8.8,-2.139,3.209,1
-9.006,-2.23,3.063,1
-9.221,-2.307,2.805,1
-9.403,-2.351,2.591,1
-9.626,-2.356,2.436,1
-9.84,-2.35,2.346,1
-9.924,-2.315,2.291,1
-9.909,-2.259,2.253,1
-9.866,-2.249,2.304,1
-9.868,-2.246,2.358,1
-9.844,-2.199,2.278,1
-9.759,-2.117,2.283,1
-9.71,-1.997,2.397,1
-9.822,-1.942,2.668,1
-9.979,-1.872,3.013,1
-10.03,-1.766,3.178,1
-10.022,-1.588,3.124,1
-9.981,-1.353,3.026,1
-9.878,-1.155,3.032,1
-9.72,-1.066,3.242,1
-9.555,-1.071,3.583,1
-9.401,-1.132,3.918,1
-9.209,-1.183,4.078,1
-8.995,-1.137,4.041,1
-8.85,-1.008,3.877,1
-8.736,-0.832,3.635,1
-8.655,-0.69,3.465,1
-8.601,-0.669,3.359,1
-8.546,-0.695,3.307,1
-8.501,-0.719,3.245,1
-8.471,-0.739,3.106,1
-8.534,-0.77,3.012,1
-8.717,-0.847,3.098,1
-9.12,-0.991,3.367,1
-9.694,-1.122,3.593,1
-10.111,-1.113,3.6,1
-10.204,-0.941,3.408,1
-10.022,-0.718,3.067,1
-9.634,-0.529,2.767,1
-9.243,-0.505,2.729,1
-9.096,-0.656,2.883,1
-9.087,-0.85,3.064,1
-9.054,-0.938,3.143,1
-8.997,-0.93,3.134,1
-8.904,-0.828,3.055,1
-8.816,-0.692,2.997,1
-8.792,-0.567,2.93,1
-8.797,-0.466,2.937,1
-8.81,-0.38,3.117,1
-8.869,-0.251,3.352,1
-8.86,-0.13,3.483,1
-8.783,-0.019,3.467,1
-8.716,0.074,3.297,1
-8.654,0.111,3.229,1
-8.597,0.082,3.277,1
-8.636,-0.033,3.415,1
-8.795,-0.145,3.541,1
-8.897,-0.195,3.564,1
-8.964,-0.196,3.416,1
-8.934,-0.172,3.171,1
-8.862,-0.126,3.011,1
-8.797,-0.106,2.93,1
-8.821,-0.112,2.923,1
-8.89,-0.094,2.974,1
-8.965,-0.075,3.006,1
-9.053,-0.055,2.956,1
-9.135,0.005,2.882,1
-9.161,0.145,2.889,1
-9.235,0.248,2.968,1
-9.323,0.249,3.072,1
-9.324,0.253,3.162,1
-9.205,0.275,3.204,1
-9.048,0.233,3.178,1
-8.916,0.166,3.16,1
-8.854,0.067,3.213,1
-8.927,-0.096,3.308,1
-9.079,-0.28,3.381,1
-9.19,-0.519,3.56,1
-9.365,-0.844,3.786,1
-9.653,-1.125,3.857,1
-9.821,-1.201,3.577,1
-9.815,-1.021,3.086,1
-9.715,-0.733,2.667,1
-9.514,-0.494,2.479,1
-9.307,-0.348,2.665,1
-9.18,-0.214,3.005,1
-9.151,-0.101,3.25,1
-9.204,-0.041,3.255,1
-9.216,0.031,3.015,1
-9.099,0.173,2.807,1
-8.91,0.316,2.773,1
-8.733,0.378,2.965,1
-8.591,0.376,3.29,1
-8.595,0.369,3.622,1
-8.781,0.27,3.837,1
-8.984,0.121,3.95,1
-9.047,-0.004,3.96,1
-8.994,-0.109,3.946,1
-8.934,-0.156,3.901,1
-8.804,-0.125,3.824,1
-8.61,-0.112,3.758,1
-8.456,-0.18,3.7,1
-8.282,-0.333,3.605,1
-8.112,-0.505,3.451,1
-7.974,-0.751,3.28,1
-7.983,-1.071,3.138,1
-8.126,-1.416,2.99,1
-8.278,-1.733,2.843,1
-8.428,-1.953,2.712,1
-8.627,-2.156,2.598,1
-8.874,-2.379,2.564,1
-9.166,-2.595,2.653,1
-9.37,-2.689,2.77,1
-9.468,-2.638,2.834,1
-9.566,-2.448,2.887,1
-9.73,-2.184,2.919,1
-9.982,-1.919,2.831,1
-10.191,-1.727,2.842,1
-10.236,-1.594,2.868,1
-10.16,-1.516,2.927,1
-10.078,-1.468,2.966,1
-10.03,-1.45,2.903,1
-9.943,-1.45,2.719,1
-9.715,-1.422,2.509,1
-9.383,-1.427,2.324,1
-9.134,-1.466,2.2,1
-8.994,-1.512,2.161,1
-8.874,-1.538,2.238,1
-8.787,-1.63,2.31,1
-8.837,-1.737,2.51,1
-9.083,-1.829,2.714,1
-9.458,-1.84,2.84,1
-9.708,-1.741,2.887,1
-9.756,-1.531,2.86,1
-9.664,-1.243,2.726,1
-9.689,-0.977,2.57,1
-9.772,-0.834,2.624,1
-9.733,-0.862,3.004,1
-9.754,-0.99,3.494,1
-9.849,-1.057,3.837,1
-9.868,-0.962,3.947,1
-9.782,-0.7,3.759,1
-9.643,-0.449,3.428,1
-9.445,-0.357,3.122,1
-9.248,-0.375,2.966,1
-9.054,-0.475,2.951,1
-8.914,-0.664,2.964,1
-8.84,-0.865,2.976,1
-8.829,-1.018,2.956,1
-8.894,-1.092,3.028,1
-9.119,-1.088,3.197,1
-9.314,-1.02,3.218,1
-9.362,-0.933,3.124,1
-9.262,-0.856,2.972,1
-9.058,-0.778,2.766,1
-8.923,-0.76,2.639,1
-8.934,-0.81,2.567,1
-8.987,-0.866,2.617,1
-8.996,-0.952,2.733,1
-8.991,-1.065,2.815,1
-9.041,-1.122,2.825,1
-9.133,-1.125,2.69,1
-9.227,-1.056,2.567,1
-9.27,-0.91,2.554,1
-9.234,-0.791,2.653,1
-9.149,-0.716,2.831,1
-9.068,-0.602,2.981,1
-9.036,-0.5,3.023,1
-9.044,-0.451,3.029,1
-9.076,-0.419,3.011,1
-9.042,-0.399,3.014,1
-8.957,-0.362,3.003,1
-8.904,-0.304,2.984,1
-8.873,-0.266,2.941,1
-8.891,-0.241,2.908,1
-8.925,-0.25,2.944,1
-9.035,-0.293,3.041,1
-9.19,-0.354,3.081,1
-9.256,-0.381,3.026,1
-9.279,-0.419,2.937,1
-9.302,-0.484,2.847,1
-9.3,-0.5,2.777,1
-9.25,-0.516,2.782,1
-9.213,-0.517,2.838,1
-9.205,-0.481,2.897,1
-9.208,-0.416,2.953,1
-9.231,-0.308,2.991,1
-9.264,-0.204,2.988,1
-9.225,-0.117,2.957,1
-9.109,-0.015,2.884,1
-8.965,0.016,2.84,1
-8.928,-0.043,2.862,1
-8.969,-0.148,2.982,1
-9.066,-0.256,3.107,1
-9.158,-0.327,3.265,1
-9.19,-0.343,3.375,1
-9.155,-0.285,3.35,1
-9.123,-0.18,3.208,1
-9.083,-0.11,3.018,1
-9.044,-0.113,2.873,1
-9.025,-0.204,2.803,1
-9.034,-0.345,2.824,1
-9.063,-0.477,2.885,1
-9.13,-0.564,2.905,1
-9.198,-0.65,2.845,1
-9.286,-0.673,2.743,1
-9.351,-0.638,2.689,1
-9.454,-0.582,2.714,1
-9.48,-0.488,2.756,1
-9.435,-0.381,2.79,1
-9.335,-0.256,2.815,1
-9.242,-0.177,2.774,1
-9.17,-0.149,2.611,1
-9.103,-0.123,2.462,1
-9.039,-0.135,2.474,1
-9.041,-0.175,2.594,1
-9.076,-0.22,2.763,1
-9.114,-0.238,2.874,1
-9.117,-0.226,2.921,1
-9.116,-0.156,2.851,1
-9.081,-0.076,2.716,1
-9.023,-0.059,2.675,1
-9.003,-0.17,2.731,1
-9.025,-0.35,2.851,1
-9.134,-0.554,2.881,1
-9.258,-0.732,2.818,1
-9.312,-0.851,2.669,1
-9.317,-0.897,2.441,1
-9.378,-0.905,2.231,1
-9.485,-0.849,2.102,1
-9.605,-0.789,2.096,1
-9.711,-0.734,2.228,1
-9.761,-0.665,2.398,1
-9.785,-0.598,2.459,1
-9.799,-0.532,2.48,1
-9.798,-0.494,2.578,1
-9.736,-0.469,2.691,1
-9.645,-0.451,2.809,1
-9.603,-0.466,2.935,1
-9.615,-0.533,3.048,1
-9.607,-0.598,3.064,1
-9.523,-0.602,2.942,1
-9.408,-0.638,2.87,1
-9.277,-0.706,2.878,1
-9.143,-0.714,2.915,1
-9.048,-0.734,2.908,1
-8.979,-0.694,2.869,1
-8.991,-0.642,2.82,1
-9.08,-0.638,2.698,1
-9.086,-0.629,2.592,1
-9.04,-0.631,2.488,1
-9.089,-0.719,2.465,1
-9.148,-0.884,2.568,1
-9.196,-1.034,2.585,1
-9.259,-1.157,2.595,1
-9.297,-1.229,2.59,1
-9.344,-1.241,2.613,1
-9.414,-1.238,2.66,1
-9.473,-1.205,2.755,1
-9.537,-1.132,2.83,1
-9.492,-1.017,2.881,1
-9.418,-0.901,2.91,1
-9.326,-0.819,2.904,1
-9.205,-0.746,2.942,1
-9.067,-0.68,2.989,1
-8.923,-0.707,3.009,1
-8.828,-0.784,3.068,1
-8.744,-0.861,3.124,1
-8.729,-0.925,3.127,1
-8.794,-0.952,3.03,1
-8.868,-0.954,2.877,1
-8.928,-0.902,2.748,1
-9.041,-0.861,2.617,1
-9.222,-0.866,2.488,1
-9.338,-0.902,2.544,1
-9.35,-0.987,2.692,1
-9.38,-1.101,2.691,1
-9.464,-1.206,2.665,1
-9.508,-1.293,2.59,1
-9.474,-1.3,2.516,1
-9.429,-1.271,2.518,1
-9.408,-1.275,2.589,1
-9.382,-1.281,2.701,1
-9.337,-1.259,2.812,1
-9.274,-1.209,2.92,1
-9.172,-1.136,3.033,1
-9.024,-1.055,3.144,1
-8.873,-0.975,3.236,1
-8.768,-0.901,3.278,1
-8.677,-0.844,3.321,1
-8.639,-0.824,3.339,1
-8.668,-0.828,3.35,1
-8.68,-0.89,3.376,1
-8.716,-0.974,3.357,1
-8.798,-1.005,3.22,1
-8.892,-1.001,3.071,1
-9.064,-1.001,2.983,1
-9.262,-1.013,2.965,1
-9.395,-1.004,2.925,1
-9.37,-1.023,2.867,1
-9.232,-1.083,2.859,1
-9.146,-1.238,2.814,1
-9.159,-1.462,2.72,1
-9.182,-1.629,2.581,1
-9.17,-1.687,2.48,1
-9.154,-1.705,2.475,1
-9.151,-1.693,2.503,1
-9.178,-1.682,2.589,1
-9.309,-1.691,2.702,1
-9.464,-1.635,2.914,1
-9.575,-1.501,3.159,1
-9.582,-1.309,3.327,1
-9.554,-1.106,3.372,1
-9.503,-0.881,3.295,1
-9.382,-0.728,3.17,1
-9.186,-0.673,3.114,1
-9.034,-0.763,3.096,1
-8.967,-0.957,3.029,1
-8.892,-1.138,2.838,1
-8.855,-1.336,2.593,1
-8.926,-1.51,2.376,1
-8.953,-1.672,2.322,1
-8.944,-1.789,2.424,1
-8.966,-1.845,2.6,1
-9.061,-1.832,2.74,1
-9.153,-1.729,2.774,1
-9.237,-1.56,2.772,1
-9.334,-1.441,2.763,1
-9.398,-1.357,2.767,1
-9.418,-1.251,2.832,1
-9.389,-1.102,2.924,1
-9.31,-0.988,3.083,1
-9.218,-0.949,3.259,1
-9.153,-0.916,3.396,1
-9.138,-0.899,3.509,1
-9.151,-0.825,3.52,1
-9.177,-0.727,3.466,1
-9.145,-0.625,3.368,1
-9.024,-0.565,3.26,1
-8.86,-0.622,3.186,1
-8.712,-0.746,3.12,1
-8.63,-0.884,3.028,1
-8.58,-1.09,2.965,1
-8.58,-1.346,2.899,1
-8.635,-1.561,2.845,1
-8.719,-1.644,2.747,1
-8.778,-1.641,2.641,1
-8.892,-1.572,2.57,1
-9.036,-1.45,2.579,1
-9.18,-1.368,2.637,1
-9.265,-1.327,2.731,1
-9.313,-1.323,2.837,1
-9.354,-1.309,2.846,1
-9.385,-1.307,2.817,1
-9.465,-1.282,2.787,1
-9.548,-1.193,2.757,1
-9.625,-1.104,2.756,1
-9.675,-1.014,2.795,1
-9.71,-0.936,2.875,1
-9.73,-0.886,2.948,1
-9.725,-0.839,2.988,1
-9.615,-0.805,2.987,1
-9.419,-0.806,2.969,1
-9.265,-0.932,2.993,1
-9.193,-1.093,3.01,1
-8.969,-1.123,2.988,1
-8.735,-1.116,2.97,1
-8.615,-1.17,2.895,1
-8.582,-1.231,2.852,1
-8.592,-1.321,2.933,1
-8.627,-1.361,2.997,1
-8.652,-1.356,2.997,1
-8.637,-1.304,2.972,1
-8.681,-1.221,2.997,1
-8.817,-1.081,3.031,1
-8.938,-0.963,3.007,1
-9.062,-0.926,2.951,1
-9.18,-0.906,2.841,1
-9.277,-0.919,2.768,1
-9.334,-0.994,2.748,1
-9.371,-1.076,2.769,1
-9.402,-1.171,2.779,1
-9.45,-1.26,2.812,1
-9.487,-1.304,2.839,1
-9.523,-1.317,2.853,1
-9.544,-1.292,2.895,1
-9.549,-1.218,2.932,1
-9.48,-1.172,2.979,1
-9.409,-1.171,3.033,1
-9.347,-1.176,3.074,1
-9.19,-1.156,3.072,1
-9.042,-1.1,2.963,1
-8.918,-1.086,2.882,1
-8.839,-1.113,2.852,1
-8.839,-1.206,2.911,1
-8.874,-1.294,2.956,1
-8.872,-1.305,2.936,1
-8.84,-1.294,2.875,1
-8.81,-1.232,2.784,1
-8.804,-1.164,2.726,1
-8.807,-1.11,2.712,1
-8.839,-1.075,2.731,1
-8.94,-1.108,2.733,1
-9.047,-1.169,2.705,1
-9.155,-1.254,2.637,1
-9.221,-1.312,2.554,1
-9.224,-1.38,2.534,1
-9.203,-1.45,2.629,1
-9.189,-1.454,2.79,1
-9.265,-1.397,2.954,1
-9.395,-1.295,3.082,1
-9.534,-1.138,3.109,1
-9.623,-0.992,3.139,1
-9.656,-0.911,3.166,1
-9.557,-0.906,3.13,1
-9.388,-0.924,3.13,1
-9.238,-0.946,3.107,1
-9.103,-1.063,3.062,1
-8.955,-1.165,3.044,1
-8.821,-1.264,3.028,1
-8.723,-1.379,2.968,1
-8.687,-1.443,2.895,1
-8.715,-1.485,2.805,1
-8.764,-1.52,2.726,1
-8.793,-1.526,2.688,1
-8.807,-1.502,2.717,1
-8.898,-1.502,2.744,1
-9.071,-1.516,2.716,1
-9.233,-1.551,2.634,1
-9.318,-1.595,2.601,1
-9.314,-1.586,2.651,1
-9.314,-1.534,2.746,1
-9.395,-1.468,2.839,1
-9.489,-1.372,2.929,1
-9.584,-1.224,2.951,1
-9.581,-1.103,2.956,1
-9.468,-1.022,2.973,1
-9.299,-0.979,2.951,1
-9.107,-1.01,2.967,1
-8.988,-1.072,2.996,1
-8.909,-1.13,3.012,1
-8.888,-1.185,3.011,1
-8.918,-1.222,3.008,1
-8.947,-1.275,2.978,1
-8.974,-1.291,2.934,1
-8.982,-1.299,2.938,1
-9.041,-1.321,2.967,1
-9.092,-1.32,2.981,1
-9.123,-1.254,2.947,1
-9.195,-1.156,2.877,1
-9.291,-1.065,2.822,1
-9.328,-1.022,2.793,1
-9.334,-1.01,2.793,1
-9.305,-1.028,2.743,1
-9.273,-1.07,2.67,1
-9.231,-1.126,2.628,1
-9.167,-1.173,2.673,1
-9.141,-1.22,2.748,1
-9.218,-1.252,2.834,1
-9.252,-1.236,2.897,1
-9.266,-1.196,2.96,1
-9.245,-1.115,2.985,1
-9.172,-0.999,2.963,1
-9.068,-0.886,2.924,1
-8.961,-0.805,2.903,1
-8.904,-0.824,2.865,1
-8.861,-0.881,2.83,1
-8.828,-0.953,2.759,1
-8.856,-1.023,2.686,1
-8.921,-1.084,2.682,1
-9.046,-1.13,2.72,1
-9.246,-1.142,2.712,1
-9.385,-1.107,2.652,1
-9.398,-1.014,2.646,1
-9.369,-0.942,2.676,1
-9.335,-0.94,2.692,1
-9.283,-0.975,2.713,1
-9.231,-1.032,2.745,1
-9.155,-1.046,2.8,1
-9.061,-1.007,2.866,1
-8.999,-0.955,2.879,1
-8.991,-0.917,2.872,1
-9.028,-0.876,2.892,1
-9.074,-0.844,2.932,1
-9.101,-0.823,2.967,1
-9.159,-0.843,2.993,1
-9.229,-0.877,2.953,1
-9.278,-0.885,2.888,1
-9.319,-0.848,2.806,1
-9.331,-0.817,2.689,1
-9.33,-0.837,2.587,1
-9.316,-0.898,2.545,1
-9.262,-0.977,2.622,1
-9.212,-1.061,2.675,1
-9.206,-1.131,2.682,1
-9.259,-1.186,2.6,1
-9.297,-1.219,2.484,1
-9.342,-1.253,2.445,1
-9.352,-1.277,2.425,1
-9.348,-1.274,2.464,1
-9.327,-1.266,2.539,1
-9.267,-1.235,2.602,1
-9.209,-1.189,2.645,1
-9.186,-1.157,2.732,1
-9.202,-1.088,2.818,1
-9.192,-1.015,2.868,1
-9.157,-0.932,2.879,1
-9.158,-0.864,2.85,1
-9.168,-0.849,2.794,1
-9.204,-0.87,2.721,1
-9.193,-0.904,2.66,1
-9.188,-0.956,2.615,1
-9.219,-0.989,2.531,1
-9.249,-0.991,2.418,1
-9.237,-0.972,2.342,1
-9.181,-0.965,2.242,1
-9.166,-0.949,2.174,1
-9.248,-0.93,2.144,1
-9.391,-0.941,2.113,1
-9.505,-1.018,2.154,1
-9.524,-1.114,2.272,1
-9.487,-1.156,2.328,1
-9.454,-1.152,2.375,1
-9.445,-1.136,2.405,1
-9.365,-1.066,2.477,1
-9.258,-0.975,2.578,1
-9.173,-0.916,2.714,1
-9.143,-0.872,2.862,1
-9.133,-0.759,2.973,1
-9.153,-0.651,2.993,1
-9.167,-0.626,2.971,1
-9.141,-0.618,2.905,1
-9.113,-0.645,2.817,1
-9.1,-0.676,2.728,1
-9.113,-0.71,2.666,1
-9.152,-0.748,2.659,1
-9.2,-0.789,2.603,1
-9.267,-0.822,2.526,1
-9.31,-0.855,2.429,1
-9.329,-0.899,2.29,1
-9.391,-0.977,2.163,1
-9.482,-1.054,2.109,1
-9.571,-1.095,2.094,1
-9.594,-1.097,2.15,1
-9.52,-1.099,2.24,1
-9.466,-1.066,2.342,1
-9.426,-1.037,2.389,1
-9.352,-0.993,2.441,1
-9.292,-0.94,2.513,1
-9.259,-0.912,2.554,1
-9.224,-0.858,2.599,1
-9.186,-0.805,2.624,1
-9.225,-0.755,2.635,1
-9.283,-0.693,2.592,1
-9.319,-0.669,2.57,1
-9.292,-0.652,2.59,1
-9.241,-0.601,2.588,1
-9.199,-0.577,2.554,1
-9.179,-0.535,2.47,1
-9.171,-0.479,2.463,1
-9.17,-0.519,2.445,1
-9.23,-0.567,2.455,1
-9.358,-0.622,2.534,1
-9.444,-0.637,2.599,1
-9.469,-0.618,2.61,1
-9.427,-0.588,2.578,1
-9.316,-0.569,2.517,1
-9.19,-0.546,2.47,1
-9.152,-0.554,2.474,1
-9.174,-0.583,2.526,1
-9.188,-0.599,2.663,1
-9.208,-0.567,2.811,1
-9.276,-0.572,2.836,1
-9.324,-0.54,2.761,1
-9.312,-0.475,2.655,1
-9.258,-0.436,2.571,1
-9.242,-0.431,2.564,1
-9.239,-0.485,2.596,1
-9.22,-0.555,2.677,1
-9.183,-0.635,2.759,1
-9.214,-0.684,2.828,1
-9.276,-0.698,2.854,1
-9.322,-0.639,2.849,1
-9.315,-0.557,2.851,1
-9.258,-0.454,2.844,1
-9.199,-0.328,2.756,1
-9.109,-0.191,2.625,1
-9.045,-0.086,2.543,1
-9.038,-0.065,2.553,1
-9.09,-0.128,2.661,1
-9.168,-0.185,2.763,1
-9.254,-0.233,2.788,1
-9.302,-0.246,2.731,1
-9.308,-0.135,2.619,1
-9.292,-0.001,2.485,1
-9.326,0.164,2.313,1
-9.378,0.307,2.187,1
-9.408,0.391,2.106,1
-9.402,0.42,2.091,1
-9.426,0.389,2.078,1
-9.573,0.293,2.07,1
-9.748,0.203,2.124,1
-9.873,0.14,2.26,1
-9.777,0.17,2.3,1
-9.656,0.338,2.306,1
-9.749,0.416,2.302,1
-9.98,0.173,2.447,1
-10.158,-0.288,2.888,1
-10.347,-0.841,3.368,1
-10.646,-1.301,3.592,1
-10.861,-1.427,3.655,1
-10.618,-1.147,3.467,1
-9.848,-0.624,3.006,1
-8.923,-0.346,2.621,1
-8.206,-0.362,2.535,1
-7.77,-0.528,2.7,1
-7.584,-0.696,2.976,1
-7.555,-0.9,3.19,1
-7.602,-1.164,3.29,1
-7.779,-1.361,3.177,1
-8.089,-1.435,2.87,1
-8.513,-1.425,2.531,1
-8.921,-1.428,2.276,1
-9.293,-1.543,2.042,1
-9.617,-1.756,1.958,1
-9.905,-1.949,2.187,1
-10.112,-1.982,2.553,1
-10.201,-1.879,2.786,1
-10.203,-1.684,2.912,1
-10.186,-1.462,3.056,1
-10.194,-1.25,3.165,1
-10.238,-1.059,3.089,1
-10.08,-0.825,2.937,1
-9.746,-0.666,2.949,1
-9.389,-0.528,3.046,1
-8.988,-0.407,3.323,1
-8.493,-0.314,3.707,1
-8.051,-0.215,3.876,1
-7.731,-0.127,3.893,1
-7.591,-0.097,3.848,1
-7.671,-0.257,3.723,1
-7.962,-0.43,3.487,1
-8.261,-0.445,3.16,1
-8.491,-0.297,2.726,1
-8.832,-0.091,2.356,1
-9.338,0.091,2.14,1
-9.829,0.333,2.052,1
-10.227,0.521,2.137,1
-10.423,0.621,2.248,1
-10.336,0.714,2.277,1
-10.049,0.788,2.263,1
-9.775,0.777,2.272,1
-9.673,0.545,2.405,1
-9.689,0.309,2.704,1
-9.698,0.127,3.0,1
-9.715,-0.13,3.458,1
-9.837,-0.472,3.938,1
-10.313,-0.934,4.074,1
-10.947,-1.16,3.872,1
-11.185,-1.048,3.337,1
-10.721,-0.699,2.729,1
-9.885,-0.409,2.563,1
-9.077,-0.326,2.745,1
-8.474,-0.374,3.057,1
-8.058,-0.57,3.255,1
-7.841,-0.773,3.188,1
-7.758,-0.981,3.043,1
-7.829,-1.086,2.915,1
-8.057,-1.083,2.86,1
-8.305,-1.072,2.79,1
-8.348,-1.051,2.648,1
-8.233,-1.184,2.554,1
-8.179,-1.415,2.418,1
-8.261,-1.489,2.261,1
-8.541,-1.51,2.109,1
-8.663,-1.487,1.915,1
-8.664,-1.55,1.852,1
-8.745,-1.675,1.863,1
-8.852,-1.768,2.046,1
-8.895,-1.763,2.177,1
-8.93,-1.713,2.189,1
-9.013,-1.562,2.216,1
-9.099,-1.285,2.391,1
-9.098,-0.986,2.592,1
-9.102,-0.699,2.944,1
-9.114,-0.448,3.391,1
-9.293,-0.277,3.942,1
-9.844,-0.129,4.663,1
-10.343,0.095,5.18,1
-10.289,0.359,5.153,1
-9.505,0.512,4.641,1
-8.298,0.386,3.997,1
-7.396,-0.001,3.417,1
-7.387,-0.536,2.983,1
-8.147,-0.941,2.53,1
-8.983,-1.102,2.175,1
-9.429,-1.093,2.127,1
-9.543,-0.943,2.445,1
-9.671,-0.571,2.725,1
-9.983,-0.246,2.763,1
-10.3,-0.119,2.657,1
-10.528,-0.047,2.564,1
-10.805,0.047,2.389,1
-11.093,0.131,2.283,1
-11.109,0.238,2.353,1
-10.775,0.352,2.551,1
-10.309,0.422,2.772,1
-9.943,0.498,2.833,1
-9.675,0.542,2.724,1
-9.452,0.587,2.598,1
-9.326,0.658,2.45,1
-9.256,0.694,2.276,1
-9.209,0.738,2.227,1
-9.167,0.807,2.324,1
-9.087,0.85,2.504,1
-9.001,0.831,2.66,1
-8.951,0.764,2.755,1
-9.003,0.644,2.725,1
-9.119,0.512,2.555,1
-9.199,0.357,2.471,1
-9.242,0.206,2.581,1
-9.306,0.019,2.81,1
-9.398,-0.141,2.937,1
-9.433,-0.208,2.973,1
-9.427,-0.286,2.931,1
-9.443,-0.43,2.896,1
-9.557,-0.647,2.944,1
-9.779,-0.814,2.897,1
-10.11,-0.869,2.807,1
-10.406,-0.81,2.622,1
-10.516,-0.714,2.471,1
-10.343,-0.573,2.411,1
-9.891,-0.477,2.419,1
-9.429,-0.471,2.42,1
-9.288,-0.637,2.452,1
-9.364,-0.89,2.427,1
-9.431,-1.139,2.418,1
-9.371,-1.364,2.444,1
-9.221,-1.566,2.462,1
-8.965,-1.773,2.516,1
-8.638,-1.938,2.614,1
-8.388,-2.019,2.668,1
-8.297,-1.982,2.575,0
-8.342,-1.874,2.355,0
-8.434,-1.717,2.066,0
-8.426,-1.523,1.939,0
-8.395,-1.321,1.923,0
-8.369,-1.124,2.002,0
-8.339,-1.037,2.133,0
-8.276,-1.056,2.201,0
-8.322,-1.111,2.103,0
-8.515,-1.121,1.931,0
-8.788,-1.157,1.743,0
-9.022,-1.182,1.608,0
-9.199,-1.206,1.601,0
-9.338,-1.285,1.712,0
-9.428,-1.437,1.868,0
-9.529,-1.658,2.05,0
-9.671,-1.906,2.218,0
-9.763,-1.965,2.225,0
-9.674,-1.86,2.033,0
-9.503,-1.699,1.811,0
-9.496,-1.456,1.883,0
-9.571,-1.17,2.206,0
-9.62,-1.005,2.773,0
-10.001,-0.974,3.577,0
-10.53,-0.916,4.352,0
-10.737,-0.8,4.562,0
-10.417,-0.634,4.101,0
-9.537,-0.52,3.436,0
-8.353,-0.509,2.731,0
-7.363,-0.745,2.319,0
-7.072,-1.202,2.362,0
-7.275,-1.581,2.632,0
-7.657,-1.829,2.949,0
-8.087,-1.878,3.261,0
-8.452,-1.785,3.416,0
-8.738,-1.648,3.396,0
-8.982,-1.358,3.232,0
-9.283,-0.991,2.836,0
-9.571,-0.635,2.476,0
-9.715,-0.329,2.246,0
-9.696,-0.107,2.298,0
-9.69,0.064,2.53,0
-9.723,0.138,2.914,0
-9.78,0.15,3.138,0
-9.871,0.185,3.11,0
-9.95,0.2,2.952,0
-10.022,0.229,2.799,0
-10.081,0.232,2.71,0
-10.175,0.216,2.779,0
-10.23,0.261,2.873,0
-10.113,0.385,2.941,0
-9.858,0.561,2.943,0
-9.59,0.69,2.832,0
-9.43,0.698,2.744,0
-9.433,0.64,2.735,0
-9.547,0.57,2.751,0
-9.65,0.52,2.715,0
-9.633,0.484,2.55,0
-9.528,0.491,2.365,0
-9.395,0.5,2.322,0
-9.221,0.518,2.369,0
-9.016,0.516,2.615,0
-8.847,0.502,3.01,0
-8.848,0.409,3.421,0
-9.013,0.261,3.58,0
-9.179,0.118,3.384,0
-9.194,0.006,3.069,0
-9.072,-0.104,2.943,0
-8.86,-0.263,3.117,0
-8.819,-0.46,3.322,0
-9.135,-0.681,3.341,0
-9.612,-0.835,3.019,0
-10.05,-0.875,2.564,0
-10.258,-0.788,2.226,0
-10.259,-0.695,2.093,0
-10.123,-0.635,2.129,0
-9.936,-0.634,2.225,0
-9.678,-0.681,2.347,0
-9.477,-0.8,2.376,0
-9.412,-0.993,2.223,0
-9.413,-1.219,2.101,0
-9.31,-1.482,2.182,0
-9.138,-1.705,2.378,0
-8.901,-1.835,2.572,0
-8.65,-1.907,2.604,0
-8.464,-1.987,2.497,0
-8.413,-2.014,2.306,0
-8.503,-1.945,2.118,0
-8.632,-1.781,2.093,0
-8.659,-1.609,2.206,0
-8.576,-1.435,2.347,0
-8.526,-1.335,2.475,0
-8.514,-1.255,2.461,0
-8.52,-1.158,2.336,0
-8.532,-1.117,2.178,0
-8.621,-1.169,2.138,0
-8.714,-1.253,2.172,0
-8.812,-1.35,2.197,0
-8.964,-1.514,2.204,0
-9.165,-1.687,2.161,0
-9.321,-1.812,2.062,0
-9.423,-1.9,1.986,0
-9.526,-1.95,1.92,0
-9.612,-1.915,1.809,0
-9.683,-1.851,1.697,0
-9.701,-1.801,1.663,0
-9.704,-1.749,1.749,0
-9.682,-1.603,1.905,0
-9.648,-1.487,2.144,0
-9.598,-1.387,2.399,0
-9.473,-1.272,2.51,0
-9.265,-1.231,2.565,0
-9.149,-1.296,2.595,0
-9.354,-1.439,2.819,0
-9.689,-1.531,3.137,0
-9.791,-1.363,3.27,0
-9.709,-1.161,3.175,0
-9.569,-1.018,3.016,0
-9.488,-0.983,2.874,0
-9.318,-1.058,2.96,0
-9.139,-1.126,3.265,0
-9.066,-1.177,3.694,0
-9.175,-1.138,4.053,0
-9.702,-1.08,4.313,0
-10.276,-1.01,4.198,0
-10.422,-0.669,3.666,0
-10.112,-0.341,3.041,0
-9.447,-0.177,2.64,0
-8.745,-0.311,2.607,0
-8.423,-0.59,2.619,0
-8.435,-0.838,2.601,0
-8.541,-0.976,2.616,0
-8.557,-0.951,2.729,0
-8.454,-0.887,2.942,0
-8.42,-0.816,3.068,0
-8.532,-0.713,2.982,0
-8.69,-0.535,2.828,0
-8.841,-0.397,2.804,0
-8.972,-0.306,2.869,0
-9.025,-0.212,2.935,0
-9.0,-0.089,2.98,0
-8.966,0.038,2.986,0
-9.004,0.156,2.941,0
-9.15,0.246,2.905,0
-9.34,0.306,2.885,0
-9.55,0.375,2.781,0
-9.767,0.463,2.679,0
-9.94,0.579,2.607,0
-10.04,0.658,2.676,0
-10.061,0.699,2.805,0
-9.997,0.716,2.908,0
-9.829,0.773,2.901,0
-9.67,0.781,2.828,0
-9.628,0.78,2.703,0
-9.64,0.743,2.586,0
-9.632,0.684,2.532,0
-9.606,0.6,2.615,0
-9.546,0.514,2.726,0
-9.441,0.447,2.787,0
-9.296,0.408,2.832,0
-9.197,0.393,2.798,0
-9.147,0.376,2.746,0
-9.025,0.361,2.717,0
-8.895,0.381,2.793,0
-8.813,0.364,2.915,0
-8.833,0.274,3.066,0
-8.813,0.191,3.169,0
-8.82,0.09,3.214,0
-8.856,-0.058,3.162,0
-8.897,-0.192,3.038,0
-8.885,-0.316,2.944,0
-8.983,-0.442,2.856,0
-9.309,-0.507,2.763,0
-9.723,-0.522,2.698,0
-10.06,-0.487,2.572,0
-10.193,-0.474,2.466,0
-10.172,-0.537,2.366,0
-10.075,-0.649,2.309,0
-9.963,-0.768,2.361,0
-9.832,-0.93,2.423,0
-9.688,-1.118,2.466,0
-9.501,-1.306,2.557,0
-9.313,-1.484,2.613,0
-9.123,-1.634,2.604,0
-8.909,-1.749,2.554,0
-8.719,-1.823,2.484,0
-8.556,-1.843,2.43,0
-8.377,-1.797,2.495,0
-8.308,-1.726,2.619,0
-8.313,-1.667,2.732,0
-8.414,-1.585,2.788,0
-8.564,-1.508,2.707,0
-8.66,-1.432,2.531,0
-8.674,-1.389,2.344,0
-8.681,-1.358,2.21,0
-8.704,-1.332,2.161,0
-8.796,-1.372,2.221,0
-9.009,-1.467,2.366,0
-9.18,-1.579,2.45,0
-9.233,-1.716,2.427,0
-9.245,-1.807,2.256,0
-9.279,-1.86,2.124,0
-9.351,-1.884,2.089,0
-9.429,-1.842,2.093,0
-9.407,-1.784,2.123,0
-9.233,-1.681,2.139,0
-8.99,-1.622,2.096,0
-8.794,-1.63,2.038,0
-8.723,-1.687,2.093,0
-8.805,-1.756,2.299,0
-9.014,-1.806,2.475,0
-9.272,-1.787,2.563,0
-9.58,-1.721,2.405,0
-9.74,-1.702,2.186,0
-9.718,-1.789,2.013,0
-9.869,-2.062,2.58,0
-11.125,-2.264,4.413,0
-12.949,-1.66,6.042,0
-13.615,-0.532,5.822,0
-12.7,0.163,3.998,0
-10.183,0.565,2.247,0
-7.596,0.609,1.327,0
-6.831,-0.013,1.58,0
-7.275,-0.787,2.683,0
-7.598,-1.448,3.49,0
-7.629,-1.893,3.843,0
-7.473,-1.954,3.699,0
-7.287,-1.874,3.278,0
-7.199,-1.814,2.879,0
-7.463,-1.683,2.762,0
-8.043,-1.395,2.886,0
-8.633,-0.793,3.21,0
-9.054,-0.075,3.398,0
-9.375,0.481,3.327,0
-9.483,0.769,3.126,0
-9.358,0.881,2.936,0
-9.194,0.865,2.895,0
-9.239,0.763,2.785,0
-9.394,0.736,2.527,0
-9.505,0.772,2.242,0
-9.518,0.75,2.084,0
-9.517,0.673,2.066,0
-9.542,0.672,2.159,0
-9.702,0.733,2.316,0
-9.931,0.795,2.429,0
-10.027,0.814,2.491,0
-10.051,0.731,2.565,0
-10.095,0.541,2.665,0
-10.115,0.291,2.815,0
-10.081,-0.013,2.983,0
-10.049,-0.29,3.071,0
-10.05,-0.514,3.092,0
-10.046,-0.632,3.015,0
-10.028,-0.621,2.931,0
-9.945,-0.577,2.958,0
-9.864,-0.563,3.083,0
-9.865,-0.575,3.202,0
-9.906,-0.538,3.261,0
-9.943,-0.488,3.193,0
-9.821,-0.377,2.96,0
-9.561,-0.24,2.756,0
-9.269,-0.177,2.788,0
-9.052,-0.239,2.982,0
-8.9,-0.378,3.172,0
-8.829,-0.486,3.239,0
-8.88,-0.541,3.14,0
-8.971,-0.627,2.824,0
-9.003,-0.741,2.492,0
-8.981,-0.918,2.348,0
-8.939,-1.157,2.425,0
-8.859,-1.402,2.572,0
-8.745,-1.633,2.662,0
-8.672,-1.801,2.694,0
-8.645,-1.891,2.586,0
-8.691,-1.895,2.414,0
-8.78,-1.808,2.274,0
-8.823,-1.654,2.163,0
-8.781,-1.475,2.111,0
-8.675,-1.342,2.126,0
-8.602,-1.256,2.157,0
-8.639,-1.203,2.095,0
-8.724,-1.188,2.016,0
-8.797,-1.244,1.942,0
-8.865,-1.262,1.928,0
-8.944,-1.285,1.982,0
-9.105,-1.348,2.084,0
-9.255,-1.397,2.195,0
-9.393,-1.445,2.229,0
-9.475,-1.524,2.177,0
-9.496,-1.566,2.071,0
-9.495,-1.614,1.954,0
-9.504,-1.691,1.899,0
-9.482,-1.757,1.925,0
-9.418,-1.79,2.038,0
-9.333,-1.772,2.137,0
-9.277,-1.707,2.225,0
-9.247,-1.652,2.272,0
-9.295,-1.597,2.31,0
-9.304,-1.581,2.319,0
-9.192,-1.545,2.281,0
-9.085,-1.494,2.297,0
-9.115,-1.469,2.482,0
-9.621,-1.57,3.374,0
-10.833,-1.556,4.757,0
-11.74,-1.014,5.528,0
-11.479,-0.398,4.883,0
-10.265,0.059,3.287,0
-8.599,0.339,2.143,0
-7.358,0.065,1.962,0
-7.199,-0.602,2.574,0
-7.482,-1.259,3.306,0
-7.742,-1.752,3.621,0
-7.875,-2.008,3.606,0
-7.856,-2.078,3.315,0
-7.93,-2.126,2.922,0
-8.15,-2.124,2.667,0
-8.518,-1.986,2.854,0
-9.037,-1.688,3.247,0
-9.59,-1.169,3.59,0
-9.893,-0.507,3.633,0
-9.831,0.104,3.355,0
-9.603,0.505,3.176,0
-9.356,0.657,3.222,0
-9.219,0.652,3.284,0
-9.171,0.57,3.341,0
-9.189,0.561,3.369,0
-9.262,0.61,3.243,0
-9.35,0.663,2.988,0
-9.452,0.728,2.724,0
-9.544,0.827,2.551,0
-9.602,0.915,2.514,0
-9.623,0.951,2.615,0
-9.669,0.986,2.769,0
-9.727,0.918,2.84,0
-9.777,0.821,2.715,0
-9.814,0.757,2.514,0
-9.758,0.67,2.408,0
-9.65,0.561,2.419,0
-9.564,0.491,2.459,0
-9.425,0.454,2.487,0
-9.326,0.436,2.522,0
-9.271,0.406,2.573,0
-9.169,0.375,2.693,0
-9.043,0.348,3.02,0
-8.955,0.214,3.368,0
-8.948,0.029,3.599,0
-9.139,-0.2,3.729,0
-9.552,-0.557,3.606,0
-9.888,-0.941,3.485,0
-10.032,-1.251,3.454,0
-10.124,-1.368,3.301,0
-10.249,-1.184,2.959,0
-10.233,-0.894,2.613,0
-10.019,-0.639,2.429,0
-9.868,-0.454,2.47,0
-9.876,-0.416,2.59,0
-9.895,-0.475,2.736,0
-9.794,-0.597,2.843,0
-9.521,-0.698,2.805,0
-9.241,-0.782,2.676,0
-9.044,-0.933,2.549,0
-8.919,-1.135,2.542,0
-8.841,-1.363,2.713,0
-8.737,-1.567,2.951,0
-8.624,-1.716,3.047,0
-8.533,-1.772,2.938,0
-8.454,-1.778,2.771,0
-8.4,-1.749,2.638,0
-8.432,-1.694,2.572,0
-8.513,-1.598,2.62,0
-8.592,-1.445,2.671,0
-8.64,-1.284,2.705,0
-8.657,-1.196,2.667,0
-8.65,-1.162,2.586,0
-8.63,-1.16,2.49,0
-8.644,-1.154,2.347,0
-8.748,-1.149,2.249,0
-8.904,-1.225,2.215,0
-9.0,-1.317,2.253,0
-9.07,-1.425,2.303,0
-9.142,-1.538,2.342,0
-9.199,-1.659,2.292,0
-9.23,-1.744,2.2,0
-9.256,-1.784,2.087,0
-9.289,-1.826,1.994,0
-9.343,-1.844,2.037,0
-9.422,-1.844,2.105,0
-9.458,-1.832,2.157,0
-9.474,-1.825,2.157,0
-9.449,-1.812,2.157,0
-9.403,-1.784,2.152,0
-9.389,-1.771,2.245,0
-9.372,-1.778,2.385,0
-9.31,-1.768,2.582,0
-9.197,-1.719,2.714,0
-9.08,-1.672,2.729,0
-8.986,-1.625,2.71,0
-8.923,-1.601,2.649,0
-8.887,-1.606,2.59,0
-8.859,-1.617,2.552,0
-8.832,-1.622,2.527,0
-8.812,-1.634,2.505,0
-8.831,-1.669,2.586,0
-9.033,-1.656,2.694,0
-9.284,-1.604,2.765,0
-9.463,-1.572,2.753,0
-9.623,-1.497,2.709,0
-9.783,-1.402,2.713,0
-9.855,-1.33,2.706,0
-9.846,-1.301,2.904,0
-9.926,-1.27,3.264,0
-10.157,-1.239,3.814,0
-10.754,-1.101,4.403,0
-11.324,-0.736,4.572,0
-11.122,-0.383,3.991,0
-10.143,-0.109,3.021,0
-8.771,-0.009,2.306,0
-7.775,-0.232,2.043,0
-7.553,-0.69,2.139,0
-7.753,-1.174,2.303,0
-7.992,-1.587,2.491,0
-8.087,-1.965,2.588,0
-8.058,-2.252,2.565,0
-8.228,-2.476,2.505,0
-8.525,-2.529,2.406,0
-8.761,-2.39,2.481,0
-9.041,-2.098,2.636,0
-9.314,-1.689,2.783,0
-9.411,-1.135,2.954,0
-9.259,-0.523,2.969,0
-8.969,-0.004,2.975,0
-8.66,0.325,2.99,0
-8.469,0.44,3.042,0
-8.435,0.417,3.058,0
-8.493,0.364,2.995,0
-8.594,0.332,2.945,0
-8.771,0.283,2.891,0
-8.988,0.27,2.803,0
-9.181,0.265,2.765,0
-9.343,0.246,2.711,0
-9.461,0.256,2.67,0
-9.524,0.273,2.645,0
-9.612,0.258,2.708,0
-9.803,0.196,2.806,0
-10.081,0.136,2.847,0
-10.356,0.122,2.831,0
-10.517,0.154,2.682,0
-10.516,0.242,2.429,0
-10.368,0.364,2.219,0
-10.207,0.417,2.212,0
-10.078,0.404,2.289,0
-9.905,0.376,2.464,0
-9.782,0.311,2.664,0
-9.695,0.249,2.722,0
-9.605,0.222,2.724,0
-9.568,0.17,2.636,0
-9.61,0.117,2.555,0
-9.6,0.096,2.528,0
-9.462,0.051,2.704,0
-9.363,-0.113,3.086,0
-9.395,-0.367,3.368,0
-9.54,-0.612,3.434,0
-9.606,-0.794,3.195,0
-9.592,-0.835,2.793,0
-9.512,-0.773,2.445,0
-9.419,-0.752,2.371,0
-9.378,-0.806,2.527,0
-9.336,-0.87,2.827,0
-9.288,-0.927,3.076,0
-9.243,-0.947,3.154,0
-9.165,-0.921,3.014,0
-8.984,-0.926,2.759,0
-8.802,-1.014,2.592,0
-8.674,-1.135,2.576,0
-8.577,-1.281,2.596,0
-8.466,-1.43,2.572,0
-8.344,-1.524,2.52,0
-8.278,-1.582,2.409,0
-8.338,-1.635,2.319,0
-8.464,-1.653,2.319,0
-8.628,-1.663,2.347,0
-8.755,-1.639,2.394,0
-8.893,-1.608,2.439,0
-9.044,-1.534,2.484,0
-9.115,-1.486,2.479,0
-9.121,-1.463,2.439,0
-9.169,-1.464,2.439,0
-9.222,-1.486,2.419,0
-9.278,-1.537,2.373,0
-9.316,-1.565,2.346,0
-9.349,-1.58,2.338,0
-9.405,-1.597,2.281,0
-9.471,-1.58,2.222,0
-9.553,-1.552,2.175,0
-9.594,-1.522,2.116,0
-9.579,-1.487,2.071,0
-9.53,-1.444,2.087,0
-9.425,-1.415,2.122,0
-9.271,-1.386,2.094,0
-9.125,-1.375,2.039,0
-9.012,-1.376,1.992,0
-8.996,-1.422,2.118,0
-9.117,-1.483,2.328,0
-9.22,-1.529,2.502,0
-9.377,-1.546,2.602,0
-9.509,-1.493,2.615,0
-9.502,-1.403,2.56,0
-9.479,-1.356,2.568,0
-9.713,-1.413,3.199,0
-10.599,-1.391,4.387,0
-11.358,-1.004,5.117,0
-11.053,-0.53,4.555,0
-9.909,-0.193,3.207,0
-8.556,-0.0,2.099,0
-7.66,-0.218,1.746,0
-7.526,-0.749,2.141,0
-7.696,-1.34,2.65,0
-7.967,-1.786,2.973,0
-8.209,-1.971,3.06,0
-8.428,-1.96,2.909,0
-8.773,-1.959,2.606,0
-9.266,-1.895,2.285,0
-9.889,-1.771,2.273,0
-10.476,-1.588,2.495,0
-10.776,-1.357,2.806,0
-10.757,-1.034,3.095,0
-10.381,-0.71,3.349,0
-9.765,-0.478,3.565,0
-9.154,-0.343,3.651,0
-8.855,-0.299,3.614,0
-8.725,-0.341,3.511,0
-8.633,-0.363,3.431,0
-8.58,-0.416,3.343,1
-8.606,-0.489,3.293,1
-8.638,-0.485,3.28,1
-8.613,-0.35,3.253,1
-8.515,-0.124,3.196,1
-8.381,0.121,3.137,1
-8.267,0.308,3.087,1
-8.237,0.452,3.04,1
-8.309,0.538,3.032,1
-8.493,0.626,3.005,1
-8.67,0.667,2.953,1
-8.814,0.679,2.886,1
-8.976,0.648,2.839,1
-9.173,0.613,2.764,1
-9.383,0.583,2.636,1
-9.538,0.599,2.505,1
-9.595,0.654,2.451,1
-9.571,0.692,2.489,1
-9.6,0.618,2.704,1
-9.733,0.453,2.875,1
-9.896,0.222,3.058,1
-10.02,-0.016,3.186,1
-10.127,-0.264,3.179,1
-10.199,-0.439,3.08,1
-10.13,-0.503,2.987,1
-10.057,-0.515,3.015,1
-10.024,-0.473,3.037,1
-9.968,-0.447,3.044,1
-9.854,-0.408,3.048,1
-9.716,-0.401,2.931,1
-9.619,-0.391,2.777,1
-9.487,-0.362,2.736,1
-9.311,-0.356,2.77,1
-9.168,-0.378,2.838,1
-9.104,-0.452,2.88,1
-9.102,-0.58,2.903,1
-9.136,-0.752,2.965,1
-9.169,-0.909,3.015,1
-9.218,-1.05,3.15,1
-9.289,-1.166,3.34,1
-9.331,-1.26,3.412,1
-9.195,-1.251,3.304,1
-9.008,-1.153,3.111,1
-8.9,-1.112,2.949,1
-8.825,-1.167,2.931,1
-8.79,-1.339,3.001,1
-8.771,-1.532,2.981,1
-8.755,-1.571,2.956,1
-8.697,-1.481,2.888,1
-8.682,-1.43,2.723,1
-8.736,-1.458,2.642,1
-8.774,-1.498,2.678,1
-8.803,-1.489,2.68,1
-8.84,-1.476,2.549,1
-8.886,-1.484,2.401,1
-8.906,-1.515,2.315,1
-8.955,-1.543,2.281,1
-9.009,-1.585,2.272,1
-9.068,-1.693,2.333,1
-9.126,-1.853,2.422,1
-9.171,-2.004,2.53,1
-9.197,-2.098,2.525,1
-9.15,-2.099,2.394,1
-9.048,-2.07,2.255,1
-8.95,-2.009,2.157,1
-8.852,-1.919,2.15,1
-8.79,-1.856,2.155,1
-8.737,-1.801,2.141,1
-8.78,-1.776,2.297,1
-8.987,-1.719,2.473,1
-9.098,-1.649,2.516,1
-9.083,-1.614,2.421,1
-9.056,-1.512,2.434,1
-9.028,-1.429,2.716,1
-9.506,-1.429,3.347,1
-10.401,-1.327,4.079,1
-10.909,-1.03,4.251,1
-10.818,-0.737,3.65,1
-10.294,-0.426,3.012,1
-9.467,-0.306,2.65,1
-8.768,-0.576,2.587,1
-8.531,-1.034,2.836,1
-8.507,-1.424,3.127,1
-8.43,-1.735,3.322,1
-8.277,-1.967,3.363,1
-8.132,-2.141,3.331,1
-8.066,-2.177,3.316,1
-8.123,-2.026,3.353,1
-8.256,-1.736,3.401,1
-8.502,-1.362,3.525,1
-8.837,-0.926,3.525,1
-9.086,-0.525,3.384,1
-9.154,-0.177,3.25,1
-9.139,0.156,3.237,1
-9.168,0.417,3.266,1
-9.296,0.655,3.229,1
-9.396,0.832,3.098,1
-9.364,0.962,2.972,1
-9.285,0.982,2.862,1
-9.248,0.9,2.698,1
-9.29,0.813,2.545,1
-9.359,0.666,2.4,1
-9.406,0.478,2.347,1
-9.446,0.312,2.363,1
-9.567,0.141,2.501,1
-9.711,-0.046,2.62,1
-9.814,-0.213,2.702,1
-9.885,-0.428,2.795,1
-9.909,-0.614,2.877,1
-9.88,-0.756,3.015,1
-9.808,-0.897,3.193,1
-9.773,-0.995,3.349,1
-9.811,-1.012,3.299,1
-9.89,-0.933,3.128,1
-10.003,-0.948,3.137,1
-10.086,-1.012,3.383,1
-10.12,-1.058,3.569,1
-10.099,-0.998,3.444,1
-9.95,-0.796,3.206,1
-9.626,-0.565,3.093,1
-9.282,-0.409,3.126,1
-9.085,-0.311,3.131,1
-8.998,-0.227,3.124,1
-8.936,-0.165,3.149,1
-8.818,-0.203,3.101,1
-8.66,-0.367,2.97,1
-8.565,-0.622,2.98,1
-8.61,-0.946,3.088,1
-8.666,-1.26,3.154,1
-8.596,-1.519,3.17,1
-8.522,-1.636,3.099,1
-8.51,-1.639,2.958,1
-8.509,-1.583,2.823,1
-8.492,-1.468,2.753,1
-8.44,-1.348,2.673,1
-8.347,-1.262,2.621,1
-8.263,-1.189,2.573,1
-8.206,-1.087,2.435,1
-8.249,-1.027,2.25,1
-8.418,-1.047,2.128,1
-8.594,-1.172,2.183,1
-8.635,-1.298,2.226,1
-8.728,-1.393,2.153,1
-8.977,-1.433,1.994,1
-9.269,-1.505,1.876,1
-9.633,-1.623,1.892,1
-10.045,-1.807,2.185,1
-10.437,-1.986,2.585,1
-10.719,-2.06,2.861,1
-10.805,-2.063,2.963,1
-10.712,-1.927,2.82,1
-10.413,-1.738,2.664,1
-10.042,-1.583,2.724,1
-9.619,-1.435,2.956,1
-9.133,-1.369,3.211,1
-8.626,-1.324,3.378,1
-8.21,-1.27,3.362,1
-7.997,-1.196,3.174,1
-8.052,-1.208,3.044,1
-8.331,-1.292,3.053,1
-8.546,-1.372,3.344,1
-8.669,-1.485,3.855,1
-8.818,-1.595,4.203,1
-8.808,-1.55,4.214,1
-8.521,-1.429,3.947,1
-8.154,-1.083,3.633,1
-8.082,-0.502,3.414,1
-8.319,0.042,3.171,1
-8.782,0.542,2.882,1
-9.361,0.93,2.392,1
-9.856,1.178,2.019,1
-10.134,1.446,1.944,1
-10.231,1.657,1.771,1
-10.147,1.545,1.711,1
-9.937,1.178,1.768,1
-9.629,0.61,1.96,1
-9.412,0.058,2.305,1
-9.578,-0.419,2.847,1
-9.955,-0.998,3.442,1
-10.274,-1.76,4.17,1
-10.528,-2.558,5.011,1
-10.801,-3.079,5.236,1
-11.111,-3.118,4.565,1
-11.062,-2.803,3.318,1
-10.361,-2.171,1.955,1
-9.358,-1.577,1.077,1
-8.55,-1.302,1.104,1
-8.061,-1.317,1.973,1
-7.853,-1.425,2.729,1
-7.935,-1.416,3.119,1
-8.079,-1.244,3.216,1
-8.029,-0.982,2.88,1
-8.094,-0.746,2.415,1
-8.308,-0.603,2.313,1
-8.472,-0.513,2.53,1
-8.623,-0.378,2.919,1
-8.715,-0.269,3.101,1
-8.856,-0.361,3.066,1
-9.033,-0.666,2.972,1
-9.209,-0.981,2.906,1
-9.41,-1.373,2.879,1
-9.491,-1.767,2.812,1
-9.484,-2.048,2.734,1
-9.439,-2.141,2.517,1
-9.356,-2.09,2.289,1
-9.326,-1.904,2.088,1
-9.342,-1.632,1.983,1
-9.303,-1.373,2.089,1
-9.214,-1.142,2.378,1
-9.122,-1.022,2.814,1
-9.132,-0.971,3.281,1
-9.152,-0.892,3.507,1
-9.045,-0.662,3.425,1
-8.882,-0.237,3.274,1
-8.848,0.142,3.103,1
-9.137,0.416,2.915,1
-9.643,0.61,2.737,1
-10.03,0.74,2.636,1
-10.13,0.66,2.668,1
-10.019,0.301,2.709,1
-9.858,-0.129,2.797,1
-9.743,-0.567,2.843,1
-9.709,-0.885,2.781,1
-9.893,-1.149,2.699,1
-10.136,-1.473,2.722,1
-10.176,-1.778,2.879,1
-9.9,-1.99,3.122,1
-9.426,-2.082,3.248,1
-8.989,-2.001,3.347,1
-8.62,-1.823,3.381,1
-8.307,-1.531,3.339,1
-8.106,-1.186,3.35,1
-8.093,-0.822,3.336,1
-8.112,-0.466,3.269,1
-8.119,-0.219,3.256,1
-8.146,-0.065,3.119,1
-8.14,0.057,2.896,1
-8.11,0.124,2.715,1
-8.214,0.112,2.576,1
-8.412,-0.01,2.543,1
-8.664,-0.213,2.537,1
-8.941,-0.499,2.565,1
-9.277,-0.868,2.597,1
-9.648,-1.265,2.702,1
-9.933,-1.6,2.783,1
-10.077,-1.798,2.754,1
-10.113,-1.755,2.67,1
-10.017,-1.606,2.514,1
-9.909,-1.425,2.377,1
-9.809,-1.328,2.39,1
-9.675,-1.258,2.59,1
-9.479,-1.124,2.918,1
-9.286,-0.961,3.247,1
-9.085,-0.835,3.54,1
-8.894,-0.699,3.694,1
-8.713,-0.518,3.613,1
-8.581,-0.364,3.399,1
-8.484,-0.188,3.268,1
-8.408,-0.031,3.307,1
-8.392,0.073,3.43,1
-8.446,0.159,3.498,1
-8.551,0.276,3.421,1
-8.661,0.429,3.268,1
-8.741,0.587,3.114,1
-8.869,0.731,3.057,1
-9.035,0.836,3.055,1
-9.207,0.886,3.08,1
-9.395,0.927,3.094,1
-9.604,0.945,2.955,1
-9.775,0.985,2.873,1
-9.791,0.999,2.721,1
-9.739,0.982,2.62,1
-9.646,0.947,2.624,1
-9.491,0.895,2.704,1
-9.44,0.786,2.812,1
-9.468,0.66,2.852,1
-9.485,0.483,2.991,1
-9.524,0.198,3.237,1
-9.674,-0.094,3.357,1
-9.896,-0.327,3.378,1
-10.055,-0.535,3.177,1
-10.008,-0.658,3.123,1
-9.824,-0.728,3.25,1
-9.779,-0.745,3.346,1
-9.95,-0.715,3.304,1
-9.973,-0.595,3.102,1
-9.826,-0.464,2.956,1
-9.655,-0.347,2.835,1
-9.581,-0.223,2.702,1
-9.652,-0.069,2.664,1
-9.714,0.024,2.858,1
-9.699,0.036,3.074,1
-9.592,-0.047,3.241,1
-9.237,-0.243,3.273,1
-8.837,-0.457,3.139,1
-8.666,-0.67,2.919,1
-8.673,-0.874,2.82,1
-8.673,-1.066,2.958,1
-8.632,-1.208,3.121,1
-8.566,-1.282,3.125,1
-8.511,-1.222,2.993,1
-8.536,-1.129,2.766,1
-8.635,-1.069,2.609,1
-8.795,-1.034,2.623,1
-9.003,-1.029,2.783,1
-9.135,-1.042,2.899,1
-9.129,-1.034,2.901,1
-9.021,-0.977,2.84,1
-8.877,-0.999,2.66,1
-8.714,-1.155,2.46,1
-8.657,-1.322,2.314,1
-8.709,-1.46,2.224,1
-8.729,-1.595,2.143,1
-8.715,-1.786,2.13,1
-8.67,-2.004,2.128,1
-8.648,-2.159,2.129,1
-8.72,-2.281,2.125,1
-8.958,-2.379,2.184,1
-9.258,-2.367,2.239,1
-9.408,-2.276,2.239,1
-9.335,-2.14,2.248,1
-9.222,-1.954,2.351,1
-9.182,-1.75,2.511,1
-9.118,-1.539,2.559,1
-8.978,-1.366,2.613,1
-8.798,-1.26,2.655,1
-8.685,-1.13,2.556,1
-8.706,-0.973,2.352,1
-8.772,-0.877,2.122,1
-8.774,-0.89,2.025,1
-9.006,-1.104,2.817,1
-10.153,-1.221,4.343,1
-11.36,-0.805,5.38,1
-11.761,-0.371,5.002,1
-11.524,0.057,3.74,1
-10.327,0.551,2.64,1
-8.414,0.395,2.039,1
-7.356,-0.349,2.305,1
-7.445,-1.144,3.248,1
-7.771,-1.671,3.777,1
-8.046,-1.958,3.801,1
-8.114,-2.025,3.597,1
-8.142,-2.013,3.441,1
-8.236,-2.013,3.456,1
-8.567,-1.913,3.458,1
-9.111,-1.595,3.26,1
-9.597,-1.058,2.979,1
-9.825,-0.537,2.849,1
-9.726,-0.206,2.923,1
-9.447,-0.08,3.203,1
-9.144,0.0,3.417,1
-9.001,0.076,3.482,1
-9.11,0.15,3.365,1
-9.362,0.235,3.071,1
-9.566,0.32,2.733,1
-9.641,0.378,2.559,1
-9.609,0.444,2.595,1
-9.53,0.473,2.751,1
-9.427,0.488,2.979,1
-9.323,0.518,3.157,1
-9.254,0.528,3.153,1
-9.336,0.485,3.088,1
-9.504,0.416,3.047,1
-9.614,0.395,2.975,1
-9.649,0.434,2.882,1
-9.567,0.521,2.785,1
-9.474,0.602,2.717,1
-9.406,0.614,2.813,1
-9.39,0.578,2.922,1
-9.396,0.533,2.944,1
-9.252,0.441,2.992,1
-9.073,0.339,3.313,1
-9.151,0.052,3.678,1
-9.374,-0.259,3.764,1
-9.589,-0.487,3.57,1
-9.786,-0.693,3.148,1
-9.825,-0.779,2.898,1
-9.737,-0.783,2.87,1
-9.75,-0.673,2.847,1
-9.866,-0.466,2.694,1
-9.901,-0.272,2.504,1
-9.672,-0.215,2.506,1
-9.373,-0.269,2.634,1
-9.295,-0.369,2.73,1
-9.45,-0.488,2.76,1
-9.58,-0.592,2.723,1
-9.515,-0.701,2.719,1
-9.364,-0.861,2.796,1
-9.201,-1.032,2.872,1
-9.064,-1.163,2.92,1
-8.969,-1.258,2.864,1
-8.956,-1.381,2.775,1
-8.939,-1.465,2.692,1
-8.83,-1.51,2.59,1
-8.724,-1.528,2.54,1
-8.699,-1.503,2.511,1
-8.774,-1.436,2.485,1
-8.903,-1.322,2.457,1
-8.961,-1.188,2.419,1
-8.929,-1.093,2.395,1
-8.915,-1.017,2.397,1
-8.949,-0.982,2.434,1
-8.995,-1.038,2.477,1
-8.96,-1.133,2.468,1
-8.929,-1.228,2.436,1
-8.923,-1.361,2.348,1
-8.938,-1.558,2.258,1
-8.982,-1.721,2.098,1
-8.998,-1.792,1.99,1
-9.027,-1.825,1.879,1
-9.124,-1.869,1.834,1
-9.246,-1.918,1.877,1
-9.381,-1.984,1.965,1
-9.469,-2.019,2.035,1
-9.453,-1.979,2.013,1
-9.369,-1.881,2.001,1
-9.305,-1.781,1.985,1
-9.273,-1.696,1.999,1
-9.239,-1.662,2.135,1
-9.2,-1.632,2.327,1
-9.175,-1.631,2.445,1
-9.154,-1.582,2.5,1
-9.15,-1.507,2.401,1
-9.15,-1.473,2.184,1
-9.146,-1.465,2.011,1
-9.079,-1.466,1.93,1
-9.059,-1.563,2.093,1
-9.296,-1.71,2.43,1
-9.461,-1.73,2.664,1
-9.463,-1.703,2.631,1
-9.383,-1.598,2.383,1
-9.252,-1.522,2.274,1
-9.453,-1.616,2.511,1
-10.378,-1.65,3.3,1
-11.524,-1.337,4.279,1
-11.921,-0.881,4.188,1
-11.106,-0.548,3.288,1
-9.636,-0.241,2.489,1
-8.492,-0.227,2.087,1
-8.277,-0.606,2.17,1
-8.504,-1.162,2.409,1
-8.637,-1.62,2.798,1
-8.536,-1.865,3.17,1
-8.312,-1.943,3.256,1
-8.171,-1.983,3.128,1
-8.182,-1.966,2.875,1
-8.336,-1.838,2.666,1
-8.602,-1.679,2.585,1
-8.791,-1.432,2.597,1
-8.847,-1.171,2.856,1
-8.821,-0.994,3.202,1
-8.816,-0.877,3.455,1
-8.816,-0.759,3.659,1
-8.859,-0.628,3.702,1
-8.881,-0.495,3.571,1
-8.878,-0.436,3.474,1
-8.887,-0.411,3.334,1
-8.955,-0.374,3.151,1
-9.063,-0.317,3.085,1
-9.14,-0.208,3.066,1
-9.135,-0.114,3.033,1
-9.118,-0.054,3.116,1
-9.167,-0.074,3.128,1
-9.239,-0.092,3.043,1
-9.289,-0.082,2.932,1
-9.368,-0.034,2.83,1
-9.47,0.018,2.774,1
-9.587,0.075,2.835,1
-9.622,0.116,2.95,1
-9.595,0.15,3.056,1
-9.516,0.166,3.156,1
-9.464,0.175,3.156,1
-9.483,0.195,3.067,1
-9.523,0.207,2.941,1
-9.568,0.202,2.901,1
-9.599,0.148,2.907,1
-9.623,0.142,2.862,1
-9.558,0.194,2.802,1
-9.376,0.292,2.692,1
-9.232,0.354,2.618,1
-9.187,0.296,2.636,1
-9.21,0.225,2.71,1
-9.277,0.162,2.764,1
-9.331,0.134,2.764,1
-9.295,0.17,2.699,1
-9.163,0.262,2.618,1
-9.004,0.401,2.637,1
-8.893,0.472,2.72,1
-8.881,0.487,2.893,1
-9.052,0.345,3.238,1
-9.426,0.03,3.443,1
-9.724,-0.206,3.466,1
-9.775,-0.412,3.432,1
-9.781,-0.576,3.236,1
-9.695,-0.611,3.061,1
-9.479,-0.542,2.976,1
-9.491,-0.511,2.994,1
-9.708,-0.523,2.978,1
-9.806,-0.548,2.857,1
-9.596,-0.579,2.686,1
-9.343,-0.614,2.481,1
-9.365,-0.618,2.368,1
-9.603,-0.658,2.312,1
-9.752,-0.78,2.31,1
-9.767,-0.884,2.379,1
-9.707,-0.943,2.513,1
-9.654,-1.022,2.726,1
-9.594,-1.111,2.819,1
-9.559,-1.173,2.881,1
-9.521,-1.176,2.969,1
-9.429,-1.173,3.019,1
-9.278,-1.139,2.992,1
-9.124,-1.065,2.919,1
-9.003,-0.999,2.813,1
-8.945,-0.962,2.728,1
-8.882,-0.961,2.786,1
-8.794,-0.926,2.931,1
-8.714,-0.919,3.075,1
-8.617,-0.887,3.106,1
-8.58,-0.843,3.077,1
-8.602,-0.84,2.959,1
-8.615,-0.88,2.842,1
-8.531,-0.927,2.797,1
-8.457,-1.018,2.847,1
-8.475,-1.173,2.949,1
-8.522,-1.325,2.955,1
-8.585,-1.461,2.865,1
-8.651,-1.576,2.707,1
-8.711,-1.725,2.539,1
-8.736,-1.871,2.417,1
-8.774,-2.008,2.31,1
-8.879,-2.094,2.216,1
-8.975,-2.101,2.105,1
-9.007,-2.073,1.981,1
-9.064,-2.054,1.904,1
-9.134,-2.047,1.897,1
-9.207,-2.025,1.997,1
-9.263,-2.031,2.11,1
-9.387,-1.997,2.253,1
-9.535,-1.905,2.357,1
-9.572,-1.788,2.309,1
-9.51,-1.676,2.257,1
-9.433,-1.57,2.272,1
-9.391,-1.49,2.378,1
-9.341,-1.43,2.545,1
-9.262,-1.388,2.695,1
-9.196,-1.357,2.809,1
-9.104,-1.317,2.791,1
-8.973,-1.281,2.678,1
-8.876,-1.325,2.663,1
-8.963,-1.412,2.795,1
-9.105,-1.522,2.958,1
-9.184,-1.649,3.026,1
-9.283,-1.672,2.982,1
-9.351,-1.635,3.002,1
-9.779,-1.551,3.178,1
-10.585,-1.316,3.425,1
-11.091,-1.031,3.472,1
-10.788,-0.887,3.092,1
-9.932,-0.843,2.775,1
-9.176,-0.866,2.793,1
-8.775,-1.046,2.748,1
-8.618,-1.258,2.721,1
-8.539,-1.414,2.763,1
-8.541,-1.544,2.816,1
-8.665,-1.655,2.782,1
-8.807,-1.668,2.733,1
-8.885,-1.613,2.739,1
-9.028,-1.509,2.83,1
-9.153,-1.382,2.926,1
-9.212,-1.185,3.118,1
-9.246,-0.924,3.353,1
-9.281,-0.688,3.545,1
-9.24,-0.489,3.633,1
-9.106,-0.371,3.68,1
-8.862,-0.263,3.664,1
-8.612,-0.245,3.578,1
-8.508,-0.305,3.528,1
-8.529,-0.429,3.568,1
-8.647,-0.579,3.545,1
-8.785,-0.707,3.479,1
-8.882,-0.703,3.443,1
-8.981,-0.603,3.41,1
-9.058,-0.421,3.316,1
-9.048,-0.194,3.14,1
-9.026,0.086,2.965,1
-9.049,0.289,2.877,1
-9.028,0.413,2.853,1
-9.007,0.471,2.866,1
-9.074,0.456,2.947,1
-9.216,0.441,3.004,1
-9.338,0.465,2.972,1
-9.422,0.484,2.909,1
-9.506,0.522,2.864,1
-9.547,0.57,2.85,1
-9.555,0.632,2.861,1
-9.551,0.641,2.893,1
-9.558,0.674,2.884,1
-9.559,0.723,2.821,1
-9.46,0.761,2.712,1
-9.286,0.734,2.617,1
-9.129,0.608,2.653,1
-9.006,0.408,2.866,1
-8.988,0.151,3.203,1
-9.123,-0.139,3.382,1
-9.31,-0.305,3.4,1
-9.445,-0.43,3.319,1
-9.584,-0.514,3.211,1
-9.668,-0.618,3.141,1
-9.661,-0.721,3.222,1
-9.637,-0.855,3.464,1
-9.689,-0.955,3.512,1
-9.756,-0.902,3.277,1
-9.666,-0.719,2.87,1
-9.444,-0.554,2.652,1
-9.323,-0.457,2.725,1
-9.376,-0.366,2.897,1
-9.497,-0.265,3.026,1
-9.574,-0.14,3.059,1
-9.571,-0.021,3.05,1
-9.47,0.031,3.007,1
-9.366,0.021,3.025,1
-9.312,-0.037,3.061,1
-9.283,-0.118,3.091,1
-9.227,-0.265,3.14,1
-9.114,-0.47,3.138,1
-9.008,-0.714,3.177,1
-8.958,-0.983,3.188,1
-8.873,-1.206,3.155,1
-8.768,-1.346,3.121,1
-8.676,-1.432,3.064,1
-8.581,-1.448,2.989,1
-8.525,-1.412,2.933,1
-8.512,-1.338,2.879,1
-8.548,-1.245,2.825,1
-8.608,-1.188,2.777,1
-8.677,-1.169,2.809,1
-8.874,-1.164,2.865,1
-9.018,-1.209,2.942,1
-8.997,-1.272,3.005,1
-8.935,-1.295,3.012,1
-8.942,-1.302,2.974,1
-9.066,-1.318,2.897,1
-9.22,-1.385,2.845,1
-9.252,-1.497,2.798,1
-9.189,-1.601,2.747,1
-9.145,-1.717,2.687,1
-9.099,-1.848,2.62,1
-9.028,-1.956,2.584,1
-8.936,-2.064,2.529,1
-8.914,-2.147,2.471,1
-8.932,-2.179,2.342,1
-8.94,-2.115,2.218,1
-8.997,-2.056,2.177,1
-9.084,-1.976,2.263,1
-9.25,-1.886,2.469,1
-9.357,-1.808,2.564,1
-9.338,-1.765,2.6,1
-9.264,-1.742,2.6,1
-9.219,-1.702,2.518,1
-9.218,-1.666,2.428,1
-9.18,-1.631,2.393,1
-9.105,-1.632,2.367,1
-9.021,-1.639,2.322,1
-8.96,-1.706,2.283,1
-8.943,-1.792,2.27,1
-8.99,-1.923,2.344,1
-9.182,-2.051,2.519,1
-9.421,-2.058,2.569,1
-9.535,-1.982,2.546,1
-9.622,-1.884,2.429,1
-9.736,-1.82,2.523,1
-10.139,-1.831,3.026,1
-10.632,-1.687,3.554,1
-10.738,-1.375,3.675,1
-10.426,-1.132,3.232,1
-9.688,-0.917,2.811,1
-8.952,-0.812,2.63,1
-8.659,-0.944,2.682,1
-8.597,-1.196,2.871,1
-8.568,-1.414,2.992,1
-8.513,-1.579,2.956,1
-8.489,-1.669,2.786,1
-8.555,-1.742,2.55,1
-8.755,-1.815,2.351,1
-9.005,-1.79,2.347,1
-9.178,-1.709,2.543,1
-9.288,-1.599,2.771,1
-9.382,-1.437,2.958,1
-9.475,-1.237,3.015,1
-9.505,-1.021,2.967,1
-9.416,-0.833,2.845,1
-9.206,-0.731,2.723,1
-9.028,-0.712,2.645,1
-8.912,-0.728,2.63,1
-8.844,-0.777,2.643,1
-8.859,-0.836,2.682,1
-8.928,-0.889,2.759,1
-8.942,-0.877,2.831,1
-8.889,-0.84,2.889,1
-8.918,-0.803,2.96,1
-8.956,-0.74,2.957,1
-8.943,-0.677,2.907,1
-8.903,-0.664,2.842,1
-8.882,-0.694,2.794,1
-8.905,-0.781,2.779,1
-8.955,-0.89,2.829,1
-9.035,-0.975,2.91,1
-9.161,-0.991,2.983,1
-9.276,-0.977,2.913,1
-9.367,-0.946,2.759,1
-9.428,-0.903,2.633,1
-9.428,-0.82,2.562,1
-9.433,-0.763,2.51,1
-9.445,-0.734,2.535,1
-9.406,-0.741,2.646,1
-9.372,-0.766,2.77,1
-9.32,-0.792,2.811,1
-9.274,-0.811,2.82,1
-9.229,-0.802,2.858,1
-9.218,-0.768,2.915,1
-9.215,-0.738,3.023,1
-9.211,-0.684,3.152,1
-9.174,-0.606,3.231,1
-9.097,-0.542,3.287,1
-8.999,-0.466,3.325,1
-8.948,-0.41,3.33,1
-8.944,-0.36,3.289,1
-8.891,-0.298,3.233,1
-8.842,-0.265,3.189,1
-8.87,-0.314,3.156,1
-8.941,-0.367,3.129,1
-9.035,-0.399,3.066,1
-9.172,-0.433,3.021,1
-9.271,-0.485,3.064,1
-9.294,-0.492,3.178,1
-9.264,-0.465,3.292,1
-9.264,-0.378,3.286,1
-9.31,-0.22,3.18,1
-9.392,0.0,3.004,1
-9.458,0.204,2.817,1
-9.509,0.285,2.683,1
-9.538,0.291,2.641,1
-9.478,0.344,2.668,1
-9.451,0.346,2.772,1
-9.534,0.304,2.814,1
-9.728,0.314,2.65,1
-9.9,0.378,2.404,1
-9.909,0.506,2.29,1
-9.769,0.61,2.324,1
-9.634,0.666,2.401,1
-9.586,0.76,2.324,1
-9.563,0.89,2.089,1
-9.345,1.032,2.011,1
-8.952,0.999,2.206,1
-8.678,0.556,2.593,1
-8.751,-0.173,3.435,1
-9.207,-0.964,4.2,1
-9.806,-1.581,3.747,1
-9.876,-1.685,3.018,1
-9.531,-1.67,2.638,1
-9.378,-1.73,2.401,1
-9.577,-1.734,2.331,1
-9.861,-1.489,2.27,1
-9.88,-1.129,2.298,1
-9.639,-0.859,2.479,1
-9.338,-0.789,2.802,1
-9.135,-0.818,3.011,1
-9.028,-0.83,3.019,1
-8.928,-0.886,2.94,1
-8.792,-0.933,2.928,1
-8.728,-0.895,3.023,1
-8.738,-0.818,3.118,1
-8.781,-0.689,3.232,1
-8.817,-0.547,3.267,1
-8.816,-0.418,3.151,1
-8.863,-0.33,3.083,1
-8.95,-0.3,3.047,1
-8.939,-0.353,3.131,1
-8.897,-0.49,3.21,1
-8.894,-0.66,3.249,1
-8.964,-0.796,3.181,1
-9.005,-0.89,3.037,1
-9.037,-0.988,2.922,1
-9.079,-1.055,2.861,1
-9.135,-1.106,2.824,1
-9.236,-1.122,2.759,1
-9.364,-1.136,2.684,1
-9.458,-1.136,2.608,1
-9.422,-1.139,2.59,1
-9.364,-1.126,2.655,1
-9.332,-1.058,2.742,1
-9.299,-0.973,2.811,1
-9.341,-0.88,2.883,1
-9.455,-0.799,2.935,1
-9.491,-0.707,3.021,1
-9.43,-0.658,3.173,1
-9.364,-0.567,3.29,1
-9.269,-0.485,3.319,1
-9.191,-0.383,3.224,1
-9.134,-0.296,3.075,1
-9.003,-0.181,2.946,1
-8.885,-0.089,2.889,1
-8.808,-0.088,2.885,1
-8.802,-0.175,2.898,1
-8.825,-0.314,2.968,1
-8.88,-0.466,3.017,1
-8.984,-0.624,3.06,1
-9.137,-0.781,3.064,1
-9.3,-0.896,3.059,1
-9.381,-0.931,2.948,1
-9.439,-0.925,2.782,1
-9.494,-0.881,2.658,1
-9.463,-0.844,2.637,1
-9.454,-0.846,2.667,1
-9.473,-0.823,2.669,1
-9.427,-0.81,2.658,1
-9.36,-0.802,2.59,1
-9.42,-0.81,2.509,1
-9.491,-0.771,2.436,1
-9.402,-0.72,2.52,1
-9.296,-0.672,2.73,1
-9.214,-0.621,2.921,1
-9.163,-0.584,3.077,1
-9.099,-0.51,3.157,1
-9.046,-0.455,3.188,1
-8.989,-0.421,3.15,1
-8.956,-0.425,3.131,1
-8.982,-0.499,3.077,1
-9.021,-0.603,2.967,1
-9.028,-0.707,2.867,1
-9.002,-0.811,2.793,1
-8.985,-0.95,2.798,1
-9.009,-1.101,2.783,1
-9.035,-1.226,2.769,1
-9.077,-1.311,2.798,1
-9.144,-1.334,2.807,1
-9.198,-1.325,2.823,1
-9.251,-1.249,2.878,1
-9.223,-1.155,2.959,1
-9.189,-1.082,3.062,1
-9.136,-0.998,3.216,1
-9.03,-0.901,3.344,1
-8.943,-0.828,3.41,1
-8.895,-0.787,3.447,1
-8.814,-0.709,3.493,1
-8.747,-0.669,3.52,1
-8.747,-0.605,3.521,1
-8.805,-0.581,3.495,1
-8.895,-0.565,3.421,1
-8.959,-0.51,3.296,1
-9.009,-0.496,3.235,1
-9.053,-0.536,3.165,1
-9.127,-0.62,3.075,1
-9.241,-0.816,3.069,1
-9.385,-1.079,3.139,1
-9.453,-1.346,3.207,1
-9.409,-1.524,3.223,1
-9.28,-1.58,3.094,1
-9.098,-1.556,2.841,1
-8.944,-1.542,2.622,1
-8.885,-1.579,2.539,1
-8.912,-1.601,2.563,1
-8.94,-1.632,2.606,1
-8.985,-1.69,2.671,1
-8.996,-1.688,2.669,1
-8.973,-1.71,2.636,1
-9.026,-1.783,2.672,1
-9.111,-1.814,2.728,1
-9.234,-1.833,2.739,1
-9.438,-1.835,2.745,1
-9.652,-1.807,2.752,1
-9.827,-1.778,2.733,1
-9.94,-1.733,2.733,1
-9.946,-1.67,2.796,1
-9.913,-1.584,2.788,1
-9.883,-1.518,2.783,1
-9.844,-1.507,2.688,1
-9.713,-1.554,2.535,1
-9.468,-1.646,2.388,1
-9.247,-1.791,2.34,1
-9.084,-1.944,2.381,1
-8.956,-2.059,2.428,1
-8.818,-2.107,2.464,1
-8.757,-2.125,2.458,1
-8.656,-2.105,2.403,1
-8.552,-2.063,2.412,1
-8.503,-2.051,2.455,1
-8.515,-2.023,2.503,1
-8.601,-1.991,2.597,1
-8.722,-1.89,2.599,1
-8.755,-1.808,2.633,1
-8.865,-1.735,2.712,1
-9.028,-1.633,2.81,1
-9.101,-1.619,3.099,1
-9.184,-1.649,3.569,1
-9.509,-1.568,3.966,1
-9.994,-1.273,3.875,1
-10.003,-0.838,3.302,1
-9.677,-0.435,2.569,1
-9.369,-0.132,2.315,1
-8.99,-0.125,2.485,1
-8.653,-0.434,2.584,1
-8.511,-0.888,2.657,1
-8.594,-1.282,2.633,1
-8.804,-1.61,2.572,1
-9.027,-1.901,2.604,1
-9.191,-2.103,2.69,1
-9.243,-2.172,2.835,1
-9.174,-2.11,2.903,1
-9.066,-1.979,2.878,1
-9.024,-1.788,2.821,1
-9.12,-1.628,2.983,0
-9.325,-1.573,3.48,0
-9.561,-1.554,4.007,0
-9.701,-1.504,4.283,0
-9.726,-1.362,4.194,0
-9.62,-1.105,3.88,0
-9.471,-0.808,3.557,0
-9.269,-0.627,3.262,0
-9.078,-0.585,3.029,0
-8.982,-0.645,2.991,0
-8.985,-0.737,2.975,0
-8.969,-0.854,2.978,0
-8.917,-1.017,3.005,0
-8.887,-1.181,3.024,0
-8.886,-1.296,2.976,0
-8.846,-1.35,2.826,0
-8.711,-1.335,2.639,0
-8.542,-1.31,2.513,0
-8.376,-1.302,2.503,0
-8.241,-1.314,2.663,0
-8.238,-1.356,2.935,0
-8.438,-1.351,3.211,0
-8.792,-1.237,3.446,0
-9.061,-1.048,3.469,0
-9.141,-0.858,3.405,0
-9.173,-0.691,3.335,0
-9.182,-0.565,3.297,0
-9.155,-0.506,3.293,0
-9.063,-0.498,3.348,0
-8.959,-0.533,3.398,0
-8.861,-0.607,3.441,0
-8.8,-0.71,3.392,0
-8.826,-0.807,3.337,0
-9.015,-0.923,3.394,0
-9.285,-1.023,3.436,0
-9.418,-1.031,3.415,0
-9.391,-0.966,3.307,0
-9.302,-0.857,3.16,0
-9.135,-0.786,2.953,0
-8.912,-0.792,2.831,0
-8.737,-0.849,2.862,0
-8.696,-0.922,2.95,0
-8.697,-0.991,3.184,0
-8.887,-1.051,3.534,0
-9.206,-1.024,3.769,0
-9.339,-0.906,3.748,0
-9.261,-0.711,3.531,0
-9.167,-0.499,3.327,0
-9.11,-0.386,3.156,0
-9.065,-0.417,3.099,0
-9.084,-0.583,3.154,0
-9.158,-0.754,3.179,0
-9.173,-0.858,3.138,0
-9.117,-0.896,3.071,0
-9.073,-0.889,3.014,0
-9.107,-0.874,2.944,0
-9.21,-0.797,2.858,0
-9.33,-0.707,2.824,0
-9.404,-0.602,2.795,0
-9.415,-0.501,2.79,0
-9.371,-0.438,2.781,0
-9.341,-0.432,2.818,0
-9.293,-0.48,2.815,0
-9.204,-0.551,2.837,0
-9.166,-0.666,2.885,0
-9.209,-0.798,2.956,0
-9.241,-0.906,3.112,0
-9.217,-1.035,3.258,0
-9.166,-1.148,3.326,0
-9.086,-1.188,3.243,0
-9.0,-1.196,3.125,0
-8.885,-1.193,3.071,0
-8.835,-1.214,3.213,0
-8.951,-1.147,3.383,0
-9.111,-1.027,3.392,0
-9.154,-0.892,3.233,0
-9.169,-0.786,3.088,0
-9.224,-0.744,2.96,0
-9.255,-0.732,2.897,0
-9.292,-0.725,2.919,0
-9.369,-0.699,2.96,0
-9.476,-0.614,2.933,0
-9.575,-0.466,2.843,0
-9.683,-0.334,2.734,0
-9.728,-0.22,2.587,0
-9.675,-0.173,2.467,0
-9.509,-0.215,2.454,0
-9.298,-0.295,2.501,0
-9.168,-0.376,2.628,0
-9.095,-0.468,2.824,0
-9.069,-0.567,2.987,0
-9.083,-0.677,3.129,0
-9.07,-0.756,3.213,0
-9.018,-0.777,3.228,0
-8.942,-0.718,3.213,0
-8.876,-0.669,3.167,0
-8.903,-0.603,3.069,0
-8.985,-0.57,3.007,0
-9.077,-0.63,3.003,0
-9.158,-0.741,3.082,0
-9.168,-0.864,3.15,0
-9.087,-0.938,3.195,0
-8.974,-0.953,3.182,0
-8.946,-0.922,3.053,0
-8.955,-0.867,2.938,0
-8.939,-0.79,2.918,0
-8.91,-0.702,2.994,0
-8.921,-0.61,3.139,0
-8.921,-0.529,3.219,0
-8.982,-0.462,3.199,0
-9.099,-0.37,3.055,0
-9.235,-0.225,2.857,0
-9.282,-0.048,2.655,0
-9.277,0.051,2.519,0
-9.264,0.087,2.479,0
-9.243,0.057,2.546,0
-9.283,-0.005,2.614,0
-9.426,-0.072,2.596,0
-9.507,-0.213,2.576,0
-9.513,-0.402,2.68,0
-9.541,-0.656,2.883,0
-9.597,-0.918,3.026,0
-9.624,-1.078,3.119,0
-9.578,-1.128,3.107,0
-9.496,-1.075,3.046,0
-9.385,-0.946,2.972,0
-9.243,-0.814,2.998,0
-9.138,-0.714,3.15,0
-9.14,-0.606,3.333,0
-9.21,-0.498,3.4,0
-9.232,-0.406,3.374,0
-9.225,-0.277,3.271,0
-9.199,-0.169,3.167,0
-9.171,-0.12,3.192,0
-9.051,-0.129,3.309,0
-8.89,-0.183,3.413,0
-8.756,-0.248,3.432,0
-8.672,-0.298,3.365,0
-8.624,-0.316,3.289,0
-8.613,-0.314,3.153,0
-8.64,-0.311,3.038,0
-8.667,-0.299,2.995,0
-8.753,-0.273,2.912,0
-8.881,-0.235,2.796,0
-9.025,-0.201,2.699,0
-9.17,-0.142,2.559,0
-9.326,-0.115,2.453,0
-9.459,-0.083,2.384,0
-9.596,-0.128,2.4,0
-9.753,-0.216,2.436,0
-9.953,-0.34,2.464,0
-10.123,-0.443,2.452,0
-10.154,-0.512,2.457,0
-10.145,-0.499,2.432,0
-10.023,-0.407,2.359,0
-9.888,-0.364,2.395,0
-9.843,-0.368,2.51,0
-9.755,-0.342,2.637,0
-9.597,-0.279,2.765,0
-9.388,-0.243,2.896,0
-9.219,-0.191,2.96,0
-9.072,-0.101,2.928,0
-8.931,-0.012,2.837,0
-8.813,0.047,2.832,0
-8.773,0.098,2.859,0
-8.739,0.125,2.846,0
-8.692,0.106,2.78,0
-8.653,0.09,2.678,0
-8.646,0.076,2.579,0
-8.686,0.066,2.473,0
-8.792,0.08,2.345,0
-8.946,0.081,2.197,0
-9.13,0.042,2.13,0
-9.303,0.004,2.115,0
-9.278,-0.014,2.162,0
-9.091,0.021,2.223,0
-8.883,0.081,2.216,0
-8.813,0.088,2.234,0
-8.882,0.035,2.265,0
-9.039,-0.128,2.442,0
-9.25,-0.384,2.623,0
-9.371,-0.587,2.686,0
-9.283,-0.698,2.718,0
-9.193,-0.791,2.872,0
-9.341,-1.01,3.2,0
-9.71,-1.358,3.611,0
-10.106,-1.713,3.865,0
-10.342,-1.77,3.696,0
-10.398,-1.459,3.223,0
-10.343,-0.978,2.737,0
-10.237,-0.561,2.578,0
-10.186,-0.348,2.723,0
-10.147,-0.253,3.136,0
-10.037,-0.253,3.373,0
-9.902,-0.332,3.492,0
-9.8,-0.49,3.415,0
-9.716,-0.7,3.218,0
-9.57,-0.953,3.182,0
-9.33,-1.138,3.356,0
-9.013,-1.245,3.545,0
-8.67,-1.278,3.679,0
-8.382,-1.249,3.723,0
-8.164,-1.196,3.707,0
-8.101,-1.166,3.615,0
-8.173,-1.151,3.558,0
-8.3,-1.092,3.468,0
-8.347,-0.965,3.211,0
-8.357,-0.815,2.93,0
-8.441,-0.739,2.743,0
-8.565,-0.775,2.731,0
-8.678,-0.89,2.779,0
-8.755,-1.029,2.786,0
-8.813,-1.295,2.755,0
-8.953,-1.612,2.667,0
-9.169,-1.885,2.597,0
-9.359,-2.1,2.516,0
-9.518,-2.196,2.431,0
-9.653,-2.169,2.338,0
-9.905,-2.111,2.318,0
-10.269,-2.001,2.327,0
-10.591,-1.826,2.394,0
-10.702,-1.61,2.445,0
-10.48,-1.393,2.539,0
-10.078,-1.173,2.624,0
-9.695,-0.99,2.57,0
-9.351,-0.901,2.563,0
-9.079,-0.904,2.594,0
-8.922,-0.974,2.633,0
-8.867,-1.031,2.581,0
-8.828,-1.076,2.445,0
-8.805,-1.113,2.367,0
-8.818,-1.169,2.336,0
-8.864,-1.245,2.336,0
-8.948,-1.344,2.362,0
-9.03,-1.417,2.434,0
-9.099,-1.484,2.524,0
-9.123,-1.512,2.617,0
-9.083,-1.525,2.646,0
-9.031,-1.517,2.578,0
-8.952,-1.486,2.468,0
-8.817,-1.466,2.423,0
-8.716,-1.452,2.459,0
-8.664,-1.416,2.488,0
-8.656,-1.383,2.422,0
-8.659,-1.344,2.294,0
-8.675,-1.315,2.16,0
-8.7,-1.296,1.982,0
-8.71,-1.252,1.819,0
-8.762,-1.205,1.693,0
-8.885,-1.172,1.629,0
-9.029,-1.192,1.63,0
-9.194,-1.261,1.662,0
-9.327,-1.384,1.689,0
-9.366,-1.524,1.705,0
-9.346,-1.619,1.731,0
-9.266,-1.7,1.761,0
-9.193,-1.78,1.784,0
-9.093,-1.821,1.732,0
-9.106,-1.827,1.635,0
-9.262,-1.829,1.581,0
-9.42,-1.804,1.649,0
-9.519,-1.829,1.782,0
-9.458,-1.821,1.852,0
-9.294,-1.774,1.813,0
-9.243,-1.723,1.723,0
-9.289,-1.668,1.741,0
-9.602,-1.596,2.071,0
-10.221,-1.549,2.65,0
-10.832,-1.431,3.162,0
-11.069,-1.149,3.291,0
-10.986,-0.774,2.923,0
-10.857,-0.371,2.451,0
-10.545,-0.155,2.089,0
-9.973,-0.243,2.05,0
-9.54,-0.529,2.359,0
-9.461,-0.729,2.607,0
-9.544,-0.86,2.662,0
-9.631,-1.054,2.624,0
-9.72,-1.239,2.516,0
-9.926,-1.307,2.259,0
-10.079,-1.181,1.972,0
-10.0,-0.935,1.798,0
-9.826,-0.679,1.777,0
-9.81,-0.48,2.047,0
-9.902,-0.339,2.583,0
-9.942,-0.297,3.05,0
-9.829,-0.308,3.31,0
-9.579,-0.31,3.321,0
-9.336,-0.349,3.158,0
-9.125,-0.445,2.986,0
-8.933,-0.553,2.955,0
-8.75,-0.637,3.007,0
-8.509,-0.622,3.137,0
-8.285,-0.549,3.182,0
-8.185,-0.415,3.097,0
-8.132,-0.323,2.988,0
-8.12,-0.306,2.976,0
-8.26,-0.398,3.094,0
-8.509,-0.505,3.366,0
-8.636,-0.609,3.691,0
-8.582,-0.706,3.897,0
-8.52,-0.808,3.926,0
-8.536,-0.896,3.931,0
-8.65,-0.961,3.974,0
-8.924,-1.042,3.914,0
-9.277,-1.1,3.692,0
-9.47,-1.004,3.389,0
-9.534,-0.825,3.055,0
-9.558,-0.595,2.784,0
-9.604,-0.346,2.662,0
-9.71,-0.113,2.63,0
-9.82,0.136,2.652,0
-9.834,0.336,2.614,0
-9.715,0.494,2.595,0
-9.516,0.605,2.6,0
-9.366,0.639,2.597,0
-9.253,0.666,2.59,0
-9.165,0.654,2.566,0
-9.106,0.63,2.574,0
-9.024,0.609,2.539,0
-8.954,0.551,2.525,0
-8.925,0.482,2.512,0
-8.858,0.409,2.483,0
-8.773,0.308,2.512,0
-8.643,0.182,2.563,0
-8.497,0.061,2.591,0
-8.351,-0.043,2.611,0
-8.264,-0.085,2.609,0
-8.237,-0.069,2.573,0
-8.221,0.002,2.52,0
-8.232,0.112,2.364,0
-8.241,0.282,2.136,0
-8.188,0.503,1.898,0
-8.15,0.667,1.754,0
-8.127,0.768,1.77,0
-8.113,0.772,1.847,0
-8.199,0.655,1.935,0
-8.37,0.479,2.005,0
-8.533,0.322,1.958,0
-8.596,0.243,1.852,0
-8.627,0.142,1.824,0
-8.792,-0.053,1.764,0
-9.033,-0.342,1.697,0
-9.323,-0.706,1.982,0
-9.691,-1.258,2.814,0
-10.314,-2.063,3.915,0
-11.253,-3.027,5.012,0
-12.294,-3.708,5.564,0
-13.07,-3.391,4.941,0
-13.207,-2.072,3.567,0
-12.651,-0.452,2.042,0
-11.966,0.424,1.251,0
-11.572,0.572,1.609,0
-11.24,0.496,2.799,0
-10.885,0.134,3.852,0
-10.438,-0.378,4.448,0
-9.925,-0.818,4.496,0
-9.383,-1.143,3.993,0
-8.862,-1.405,3.529,0
-8.557,-1.689,3.317,0
-8.489,-1.954,3.363,0
-8.541,-2.132,3.512,0
-8.608,-2.169,3.663,0
-8.564,-2.159,3.674,0
-8.358,-2.163,3.631,0
-8.103,-2.156,3.744,0
-8.061,-2.1,3.789,0
-8.289,-1.959,3.686,0
-8.736,-1.828,3.541,0
-9.285,-1.699,3.392,0
-9.787,-1.471,3.327,0
-9.913,-1.226,3.114,0
-9.584,-1.064,2.742,0
-9.176,-1.01,2.348,0
-8.882,-1.064,2.113,0
-8.731,-1.242,2.007,0
-8.699,-1.471,2.053,0
-8.669,-1.642,2.166,0
-8.653,-1.645,2.196,0
-8.643,-1.605,2.118,0
-8.537,-1.557,2.087,0
-8.415,-1.494,2.159,0
-8.416,-1.447,2.226,0
-8.511,-1.409,2.261,0
-8.612,-1.325,2.314,0
-8.653,-1.256,2.344,0
-8.647,-1.216,2.384,0
-8.584,-1.206,2.434,0
-8.516,-1.209,2.477,0
-8.469,-1.221,2.395,0
-8.387,-1.192,2.261,0
-8.391,-1.146,2.077,0
-8.581,-1.111,1.894,0
-8.746,-1.102,1.82,0
-8.77,-1.131,1.928,0
-8.69,-1.258,2.034,0
-8.633,-1.428,2.061,0
-8.641,-1.593,2.012,0
-8.72,-1.713,1.967,0
-8.819,-1.744,1.865,0
-8.718,-1.757,1.763,0
-8.61,-1.85,1.734,0
-8.741,-1.98,1.853,0
-9.001,-2.074,2.023,0
-9.195,-2.082,2.049,0
-9.293,-1.992,1.954,0
-9.465,-1.837,1.895,0
-9.831,-1.633,2.028,0
-10.314,-1.333,2.282,0
-10.57,-1.001,2.229,0
-10.439,-0.831,1.893,0
-10.506,-0.795,2.211,0
-11.228,-0.608,2.911,0
-12.148,-0.552,3.806,0
-12.723,-0.941,4.353,0
-12.332,-1.312,4.326,0
-11.254,-1.464,4.035,0
-10.25,-1.331,3.62,0
-9.705,-1.286,3.371,0
-9.834,-1.351,3.408,0
-10.217,-1.258,3.812,0
-10.105,-0.835,4.099,0
-9.313,-0.162,3.973,0
-8.363,0.374,3.769,0
-7.865,0.645,3.748,0
-7.971,0.788,4.001,0
-8.214,0.909,4.277,0
-8.135,1.008,4.294,0
-8.025,1.052,4.032,0
-8.012,0.985,3.739,0
-8.071,0.691,3.82,0
-8.294,0.24,4.169,0
-8.778,-0.202,4.271,0
-9.306,-0.452,3.903,0
-9.517,-0.488,3.436,0
-9.415,-0.369,3.117,0
-9.243,-0.286,2.887,0
-9.211,-0.297,2.91,0
-9.409,-0.3,3.048,0
-9.721,-0.255,3.05,0
-9.894,-0.197,2.893,0
-9.816,-0.089,2.651,0
-9.569,-0.014,2.471,0
-9.306,0.045,2.363,0
-9.041,0.112,2.453,0
-8.77,0.182,2.674,0
-8.523,0.236,2.877,0
-8.35,0.282,2.972,0
-8.171,0.365,2.944,0
-7.922,0.473,2.808,0
-7.704,0.611,2.648,0
-7.595,0.758,2.501,0
-7.525,0.838,2.43,0
-7.469,0.857,2.485,0
-7.38,0.845,2.519,0
-7.182,0.841,2.537,0
-6.967,0.833,2.554,0
-6.838,0.764,2.675,0
-6.889,0.612,2.819,0
-7.115,0.282,3.113,0
-7.668,-0.231,3.701,0
-8.717,-1.042,4.317,0
-10.172,-1.86,4.519,0
-11.35,-2.211,4.472,0
-11.581,-2.028,4.833,0
-11.526,-2.058,4.801,0
-11.839,-2.056,4.135,0
-12.14,-1.572,3.026,0
-11.989,-1.057,1.517,0
-11.682,-0.767,0.999,0
-11.431,-0.947,1.842,0
-11.06,-1.248,3.122,0
-10.671,-1.655,3.84,0
-10.41,-2.012,4.033,0
-10.138,-2.107,3.79,0
-9.712,-2.132,3.315,0
-9.223,-2.204,2.864,0
-8.829,-2.349,2.698,0
-8.577,-2.549,2.864,0
-8.402,-2.656,3.038,0
-8.281,-2.592,3.07,0
-8.203,-2.474,2.884,0
-8.153,-2.374,2.703,0
-8.247,-2.285,2.778,0
-8.594,-2.158,3.006,0
-9.087,-1.966,3.072,0
-9.476,-1.723,2.882,0
-9.604,-1.466,2.593,0
-9.504,-1.227,2.493,0
-9.226,-1.119,2.615,0
-8.926,-1.197,2.806,0
-8.84,-1.338,2.967,0
-8.936,-1.454,2.88,0
-9.066,-1.561,2.613,0
-9.139,-1.622,2.369,0
-9.073,-1.67,2.277,0
-8.911,-1.754,2.274,0
-8.757,-1.835,2.315,0
-8.601,-1.876,2.296,0
-8.494,-1.906,2.261,0
-8.602,-1.88,2.082,0
-8.657,-1.861,1.935,0
-8.631,-1.944,1.999,0
-8.525,-2.09,2.345,0
-8.517,-2.159,2.665,0
-8.666,-2.143,2.679,0
-8.963,-2.043,2.58,0
-9.368,-1.677,2.573,0
-9.54,-1.35,2.611,0
-9.674,-1.159,2.663,0
-9.879,-0.943,2.642,0
-9.852,-0.788,2.529,0
-9.762,-0.782,2.416,0
-9.749,-0.839,2.482,0
-9.74,-0.98,2.663,0
-9.569,-1.148,2.71,0
-9.25,-1.328,2.733,0
-9.039,-1.536,2.784,0
-9.16,-1.746,3.065,0
-9.632,-1.872,3.551,0
-10.278,-1.803,4.016,0
-10.84,-1.541,4.384,0
-11.038,-1.182,4.368,0
-10.696,-0.823,4.108,0
-9.92,-0.541,3.82,0
-9.108,-0.318,3.745,0
-8.554,-0.271,3.643,0
-8.227,-0.345,3.437,0
-7.996,-0.413,3.104,0
-7.809,-0.545,2.753,0
-7.742,-0.743,2.517,0
-7.729,-0.997,2.451,0
-7.829,-1.273,2.582,0
-8.092,-1.577,2.806,0
-8.491,-1.878,3.049,0
-8.883,-2.007,3.322,0
-9.164,-1.94,3.526,0
-9.343,-1.73,3.639,0
-9.489,-1.379,3.641,0
-9.646,-0.985,3.604,0
-9.66,-0.668,3.543,0
-9.388,-0.396,3.554,0
-8.938,-0.3,3.617,0
-8.605,-0.283,3.668,0
-8.37,-0.309,3.722,0
-8.173,-0.262,3.597,0
-8.104,-0.14,3.406,0
-8.101,0.067,3.281,0
-8.19,0.284,3.134,0
-8.328,0.457,3.023,0
-8.465,0.561,2.985,0
-8.602,0.659,3.05,0
-8.766,0.77,3.247,0
-9.006,0.816,3.502,0
-9.292,0.79,3.731,0
-9.632,0.779,3.758,0
-9.933,0.816,3.6,0
-10.08,0.89,3.358,0
-10.097,0.888,3.105,0
-9.836,0.819,2.924,0
-9.471,0.725,2.881,0
-9.302,0.638,2.972,0
-9.232,0.605,2.888,0
-9.017,0.694,2.617,0
-8.613,0.937,2.354,0
-8.151,1.11,2.262,0
-7.775,1.027,2.49,0
-7.614,0.689,2.926,0
-7.805,0.044,3.577,0
-8.541,-0.66,4.032,0
-9.411,-1.233,3.947,0
-9.905,-1.6,3.917,0
-10.306,-1.771,4.089,0
-10.746,-1.791,4.17,0
-11.15,-1.55,4.101,0
-11.24,-1.05,3.711,0
-10.863,-0.66,3.27,0
-10.499,-0.832,3.264,0
-10.364,-1.192,3.576,0
-10.324,-1.487,3.937,0
-10.245,-1.766,3.964,0
-10.07,-1.83,3.624,0
-9.784,-1.676,3.166,0
-9.455,-1.448,2.745,0
-9.155,-1.332,2.554,0
-8.864,-1.339,2.638,0
-8.559,-1.4,2.877,0
-8.227,-1.453,3.028,0
-7.987,-1.531,3.062,0
-7.814,-1.627,2.991,0
-7.69,-1.622,2.991,0
-7.66,-1.544,3.165,0
-7.817,-1.415,3.423,0
-8.153,-1.273,3.588,0
-8.506,-1.137,3.612,0
-8.796,-1.013,3.601,0
-9.061,-0.913,3.557,0
-9.235,-0.875,3.416,0
-9.283,-0.872,3.283,0
-9.233,-0.907,3.251,0
-9.154,-0.995,3.272,0
-9.108,-1.18,3.247,0
-9.054,-1.343,3.123,0
-8.984,-1.461,3.01,0
-8.9,-1.519,2.89,0
-8.765,-1.532,2.799,0
-8.696,-1.537,2.753,0
-8.712,-1.583,2.763,0
-8.766,-1.595,2.906,0
-8.728,-1.573,3.084,0
-8.665,-1.548,3.265,0
-8.686,-1.525,3.444,0
-8.803,-1.53,3.593,0
-8.975,-1.534,3.728,0
-9.131,-1.491,3.785,0
-9.261,-1.383,3.752,0
-9.392,-1.278,3.728,0
-9.461,-1.176,3.728,0
-9.386,-1.11,3.675,0
-9.179,-1.062,3.63,0
-8.906,-1.038,3.608,0
-8.689,-1.044,3.563,0
-8.593,-1.099,3.484,0
-8.6,-1.208,3.397,0
-8.647,-1.333,3.382,0
-8.663,-1.418,3.416,0
-8.638,-1.458,3.52,0
-8.632,-1.402,3.543,0
-8.679,-1.276,3.413,0
-8.713,-1.129,3.156,0
-8.734,-1.042,2.865,0
-8.794,-1.107,2.747,0
-8.931,-1.323,2.815,0
-8.982,-1.612,3.022,0
-9.005,-1.868,3.27,0
-9.101,-2.033,3.436,0
-9.295,-2.064,3.379,0
-9.466,-1.942,3.171,0
-9.511,-1.684,2.999,0
-9.395,-1.441,2.954,0
-9.176,-1.184,3.093,0
-9.006,-0.999,3.4,0
-8.931,-0.91,3.651,0
-8.915,-0.892,3.653,0
-8.996,-0.879,3.518,0
-9.12,-0.92,3.292,0
-9.162,-1.072,3.075,0
-9.088,-1.223,2.926,0
-8.981,-1.357,2.884,0
-8.885,-1.465,2.931,0
-8.796,-1.511,3.031,0
-8.77,-1.496,3.078,0
-8.796,-1.406,2.985,0
-8.797,-1.295,2.868,0
-8.803,-1.223,2.836,0
-8.844,-1.222,2.809,0
-8.883,-1.266,2.744,0
-8.889,-1.352,2.703,0
-8.864,-1.496,2.746,0
-8.895,-1.647,2.886,0
-8.993,-1.753,3.069,0
-9.093,-1.732,3.22,0
-9.122,-1.598,3.243,0
-9.107,-1.401,3.268,0
-9.101,-1.198,3.304,0
-9.135,-0.994,3.292,0
-9.121,-0.812,3.235,0
-9.096,-0.693,3.106,0
-9.063,-0.673,2.975,0
-9.03,-0.738,2.802,0
-9.047,-0.909,2.614,0
-9.122,-1.134,2.534,0
-9.172,-1.381,2.579,0
-9.246,-1.605,2.685,0
-9.349,-1.768,2.785,0
-9.447,-1.829,2.873,0
-9.461,-1.795,2.918,0
-9.452,-1.653,2.884,0
-9.509,-1.466,2.812,0
-9.557,-1.315,2.744,0
-9.552,-1.166,2.699,0
-9.471,-1.07,2.723,0
-9.352,-1.035,2.922,0
-9.271,-1.036,3.16,0
-9.362,-1.006,3.193,0
-9.48,-1.044,3.101,0
-9.525,-1.056,2.965,0
-9.577,-1.076,2.814,0
-9.594,-1.13,2.825,0
-9.49,-1.12,2.97,0
-9.33,-1.028,3.051,0
-9.204,-0.928,3.101,0
-9.103,-0.829,3.08,0
-8.996,-0.752,3.066,0
-8.902,-0.707,3.055,0
-8.814,-0.679,3.0,0
-8.781,-0.689,2.925,0
-8.793,-0.762,2.903,0
-8.814,-0.848,2.925,0
-8.862,-0.946,2.951,0
-8.935,-1.059,2.935,0
-8.994,-1.14,2.921,0
-9.078,-1.232,2.915,0
-9.181,-1.314,2.872,0
-9.242,-1.385,2.893,0
-9.246,-1.432,2.943,0
-9.212,-1.43,2.972,0
-9.193,-1.386,2.994,0
-9.151,-1.334,2.977,0
-9.058,-1.251,2.908,0
-8.981,-1.209,2.789,0
-8.921,-1.203,2.673,0
-8.877,-1.264,2.646,0
-8.844,-1.373,2.687,0
-8.81,-1.527,2.796,0
-8.785,-1.671,2.972,0
-8.813,-1.763,3.101,0
-8.892,-1.771,3.162,0
-8.967,-1.683,3.174,0
-9.071,-1.529,3.157,0
-9.133,-1.357,3.126,0
-9.164,-1.186,3.04,0
-9.159,-1.095,2.993,0
-9.071,-1.126,3.04,0
-8.983,-1.254,3.139,0
-8.88,-1.4,3.243,0
-8.773,-1.499,3.33,0
-8.674,-1.556,3.383,0
-8.655,-1.574,3.377,0
-8.684,-1.571,3.337,0
-8.684,-1.486,3.342,0
-8.677,-1.392,3.385,0
-8.698,-1.27,3.352,0
-8.813,-1.154,3.184,0
-8.948,-1.064,2.989,0
-8.963,-1.09,2.94,0
-8.886,-1.23,3.042,0
-8.865,-1.422,3.211,0
-8.924,-1.587,3.396,0
-8.945,-1.662,3.446,0
-8.93,-1.649,3.367,0
-9.007,-1.559,3.198,0
-9.145,-1.393,3.056,0
-9.286,-1.215,2.931,0
-9.409,-1.096,2.846,0
-9.438,-1.12,2.839,0
-9.397,-1.265,2.817,0
-9.271,-1.413,2.859,0
-9.132,-1.514,2.982,0
-9.017,-1.527,3.043,0
-8.972,-1.503,2.97,0
-8.972,-1.478,2.804,0
-8.97,-1.456,2.634,0
-8.963,-1.476,2.682,0
-8.996,-1.543,2.905,0
-9.075,-1.542,3.237,0
-9.234,-1.466,3.521,0
-9.419,-1.305,3.607,0
-9.44,-1.001,3.462,0
-9.325,-0.724,3.243,0
-9.15,-0.524,3.121,0
-9.063,-0.461,3.202,0
-9.126,-0.496,3.297,0
-9.202,-0.549,3.351,0
-9.228,-0.63,3.378,0
-9.252,-0.667,3.292,0
-9.281,-0.674,3.127,0
-9.294,-0.693,3.017,0
-9.289,-0.738,2.954,0
-9.272,-0.826,2.906,0
-9.257,-0.907,3.04,0
-9.219,-0.984,2.984,0
-9.196,-1.052,2.952,0
-9.219,-1.1,2.817,0
-9.259,-1.17,2.672,0
-9.32,-1.288,2.557,0
-9.381,-1.442,2.426,0
-9.396,-1.586,2.327,0
-9.361,-1.651,2.25,0
-9.3,-1.675,2.189,0
-9.188,-1.739,2.045,0
-9.039,-1.721,2.02,0
-8.94,-1.737,2.137,0
-8.994,-1.784,2.073,0
-9.161,-1.747,2.024,0
-9.374,-1.705,1.956,0
-9.497,-1.652,1.9,0
-9.448,-1.598,1.966,0
-9.348,-1.512,2.103,0
-9.271,-1.357,2.271,0
-9.292,-1.164,2.431,0
-9.374,-1.004,2.514,0
-9.39,-0.944,2.404,0
-9.367,-0.899,2.305,0
-9.414,-0.917,2.175,0
-9.484,-1.04,2.073,0
-9.55,-1.181,2.143,0
-9.566,-1.279,2.3,0
-9.545,-1.359,2.482,0
-9.519,-1.396,2.649,0
-9.548,-1.399,2.763,0
-9.66,-1.376,2.853,0
-9.811,-1.231,2.866,0
-9.84,-0.97,2.771,0
-9.708,-0.74,2.582,0
-9.49,-0.648,2.27,0
-9.229,-0.747,2.025,0
-9.022,-1.034,2.073,0
-8.86,-1.341,2.262,0
-8.724,-1.595,2.394,0
-8.659,-1.783,2.554,0
-8.696,-1.942,2.568,0
-8.772,-2.03,2.374,0
-8.859,-2.053,2.178,0
-9.022,-2.008,1.938,0
-9.212,-1.93,1.686,0
-9.413,-1.821,1.583,0
-9.562,-1.749,1.652,0
-9.606,-1.694,1.939,0
-9.61,-1.602,2.266,0
-9.569,-1.489,2.417,0
-9.54,-1.363,2.46,0
-9.488,-1.243,2.439,0
-9.467,-1.135,2.259,0
-9.445,-1.101,2.08,0
-9.369,-1.044,1.956,0
-9.256,-1.071,1.987,0
-9.164,-1.146,2.121,0
-9.104,-1.231,2.247,0
-9.081,-1.285,2.401,0
-9.148,-1.318,2.5,0
-9.254,-1.325,2.494,0
-9.275,-1.323,2.45,0
-9.243,-1.31,2.434,0
-9.242,-1.274,2.43,0
-9.217,-1.254,2.403,0
-9.148,-1.217,2.391,0
-9.103,-1.204,2.478,0
-9.143,-1.206,2.559,0
-9.211,-1.171,2.595,0
-9.268,-1.173,2.662,0
-9.325,-1.156,2.694,0
-9.357,-1.142,2.604,0
-9.332,-1.147,2.491,0
-9.272,-1.188,2.421,0
-9.185,-1.272,2.416,0
-9.138,-1.384,2.425,0
-9.156,-1.516,2.403,0
-9.242,-1.649,2.349,0
-9.344,-1.773,2.259,0
-9.396,-1.844,2.147,0
-9.389,-1.882,2.045,0
-9.349,-1.845,1.986,0
-9.334,-1.816,1.938,0
-9.379,-1.831,1.875,0
-9.462,-1.829,1.887,0
-9.579,-1.843,1.905,0
-9.702,-1.902,1.749,0
-9.702,-1.913,1.652,0
-9.693,-1.917,1.659,0
-9.785,-2.042,1.639,0
-9.893,-2.326,1.481,0
-9.819,-2.594,1.31,0
-9.542,-2.738,1.393,0
-9.105,-2.846,1.612,0
-8.653,-2.897,1.872,0
-8.416,-2.778,2.117,0
-8.403,-2.581,2.192,0
-8.567,-2.359,2.259,0
-8.777,-2.111,2.37,0
-8.928,-1.805,2.467,0
-8.989,-1.442,2.563,0
-8.976,-1.073,2.699,0
-8.932,-0.748,2.863,0
-8.898,-0.463,2.994,0
-8.961,-0.206,3.01,0
-9.095,-0.051,3.0,0
-9.296,-0.001,3.043,0
-9.462,-0.061,2.974,0
-9.579,-0.264,2.86,0
-9.618,-0.457,2.617,0
-9.537,-0.732,2.273,0
-9.418,-1.074,1.927,0
-9.31,-1.431,1.599,0
-9.352,-1.676,1.369,0
-9.458,-1.937,1.157,0
-9.411,-2.219,1.159,0
-9.161,-2.477,1.474,0
-8.871,-2.712,1.941,0
-8.681,-2.888,2.296,0
-8.629,-2.883,2.524,0
-8.808,-2.695,2.745,0
-9.141,-2.364,2.856,0
-9.555,-1.845,2.912,0
-9.834,-1.182,3.042,0
-9.844,-0.567,3.208,0
-9.667,-0.105,3.278,0
-9.414,0.163,3.479,0
-9.171,0.318,3.734,0
-8.961,0.317,3.659,0
-8.731,0.195,3.489,0
-8.518,-0.04,3.278,0
-8.462,-0.309,3.063,0
-8.563,-0.611,2.858,0
-8.675,-0.892,2.719,0
-8.73,-1.145,2.667,0
-8.733,-1.352,2.538,0
-8.805,-1.517,2.506,0
-8.892,-1.585,2.586,0
-8.939,-1.612,2.733,0
-8.998,-1.578,2.963,0
-9.101,-1.47,3.225,0
-9.162,-1.325,3.634,0
-9.229,-1.097,3.853,0
-9.306,-0.852,3.755,0
-9.279,-0.564,3.561,0
-9.197,-0.304,3.288,0
-9.166,-0.15,3.006,0
-9.156,-0.137,2.723,0
-9.102,-0.191,2.568,0
-8.97,-0.324,2.572,0
-8.834,-0.518,2.653,0
-8.687,-0.696,2.788,0
-8.589,-0.826,2.944,0
-8.576,-0.862,3.035,0
-8.744,-0.819,3.152,0
-9.007,-0.702,3.277,0
-9.246,-0.483,3.31,0
-9.464,-0.253,3.294,0
-9.63,-0.014,3.247,0
-9.757,0.221,3.195,0
-9.733,0.355,3.274,0
-9.687,0.419,3.406,0
-9.694,0.369,3.48,0
-9.705,0.28,3.47,0
-9.778,0.2,3.337,0
-9.863,0.197,3.079,0
-9.898,0.218,2.733,0
-9.828,0.233,2.469,0
-9.745,0.254,2.302,0
-9.679,0.272,2.205,0
-9.574,0.207,2.122,0
-9.492,0.154,2.081,0
-9.415,0.082,2.053,0
-9.3,0.065,2.117,0
-9.119,0.046,2.209,0
-8.905,0.034,2.326,0
-8.714,0.043,2.436,0
-8.577,0.04,2.49,0
-8.449,0.008,2.448,0
-8.398,-0.024,2.379,0
-8.292,-0.035,2.351,0
-8.215,0.038,2.371,0
-8.229,0.099,2.329,0
-8.2,0.144,2.432,0
-8.192,0.193,2.649,0
-8.325,0.037,2.975,0
-8.668,-0.38,3.377,0
-9.169,-0.882,3.697,0
-9.537,-1.311,3.781,0
-9.678,-1.378,3.168,0
-9.304,-1.062,2.594,0
-9.233,-0.934,2.437,0
-9.804,-1.158,2.456,0
-10.404,-1.455,2.705,0
-10.879,-1.549,2.967,0
-11.25,-1.361,3.01,0
-11.398,-0.962,2.899,0
-11.297,-0.569,2.887,0
-11.028,-0.424,2.871,0
-10.759,-0.492,3.06,0
-10.489,-0.569,3.401,0
-10.197,-0.661,3.636,0
-9.844,-0.764,3.708,0
-9.434,-0.881,3.656,0
-9.008,-1.083,3.512,0
-8.705,-1.413,3.223,0
-8.601,-1.828,3.079,0
-8.543,-2.232,3.12,0
-8.43,-2.54,3.199,0
-8.305,-2.718,3.163,0
-8.269,-2.825,3.003,0
-8.396,-2.835,2.892,0
-8.59,-2.702,2.833,0
-8.817,-2.439,2.761,0
-8.991,-2.11,2.742,0
-9.106,-1.834,2.907,0
-9.28,-1.56,3.108,0
-9.522,-1.234,3.254,0
-9.697,-0.93,3.281,0
-9.722,-0.709,3.166,0
-9.577,-0.66,3.035,0
-9.289,-0.738,2.9,0
-8.957,-0.853,2.735,0
-8.721,-1.02,2.549,0
-8.592,-1.14,2.355,0
-8.522,-1.248,2.227,0
-8.505,-1.353,2.156,0
-8.605,-1.459,2.204,0
-8.772,-1.567,2.225,0
-8.921,-1.656,2.221,0
-9.035,-1.737,2.216,0
-9.136,-1.783,2.216,0
-9.203,-1.839,2.227,0
-9.194,-1.839,2.27,0
-9.098,-1.814,2.337,0
-8.985,-1.823,2.421,0
-8.894,-1.828,2.421,0
-8.896,-1.857,2.413,0
-8.85,-1.935,2.342,0
-8.732,-1.981,2.252,0
-8.587,-1.99,2.159,0
-8.501,-2.032,2.006,0
-8.345,-2.048,1.868,0
-8.133,-2.051,1.75,0
-7.963,-2.071,1.556,0
-7.862,-2.03,1.398,0
-7.867,-1.997,1.389,0
-8.254,-1.952,1.714,0
-9.074,-1.859,2.401,0
-9.835,-1.823,3.219,0
-10.411,-1.704,3.56,0
-10.144,-1.413,3.241,0
-10.013,-1.141,2.604,0
-10.705,-0.854,2.455,0
-11.415,-0.352,3.27,0
-11.958,-0.2,3.656,0
-11.748,-0.569,3.474,0
-10.579,-1.195,3.309,0
-9.662,-1.662,3.196,0
-9.522,-1.958,3.165,0
-9.753,-2.13,3.127,0
-10.175,-1.981,2.973,0
-10.499,-1.488,2.984,0
-10.451,-0.835,3.01,0
-10.06,-0.204,2.723,0
-9.459,0.267,2.589,0
-8.958,0.552,2.676,0
-8.758,0.651,3.032,0
-8.797,0.589,3.546,0
-8.887,0.469,3.931,0
-8.717,0.357,3.997,0
-8.442,0.252,3.718,0
-8.272,0.216,3.363,0
-8.235,0.203,3.174,0
-8.247,0.11,3.223,0
-8.288,-0.029,3.377,0
-8.321,-0.229,3.524,0
-8.294,-0.407,3.628,0
-8.274,-0.55,3.591,0
-8.32,-0.728,3.562,0
-8.537,-0.963,3.606,0
-8.92,-1.125,3.607,0
-9.315,-1.098,3.509,0
-9.605,-0.853,3.342,0
-9.756,-0.455,3.114,0
-9.794,-0.063,2.932,0
-9.714,0.204,2.847,0
-9.552,0.361,2.966,0
-9.472,0.393,3.161,0
-9.514,0.342,3.301,0
-9.553,0.283,3.331,0
-9.529,0.265,3.296,0
-9.475,0.274,3.16,0
-9.374,0.274,2.988,0
-9.283,0.278,2.833,0
-9.187,0.25,2.688,0
-9.091,0.168,2.659,0
-9.006,0.076,2.67,0
-8.917,-0.009,2.69,0
-8.795,-0.065,2.72,0
-8.695,-0.112,2.685,0
-8.629,-0.137,2.6,0
-8.556,-0.158,2.492,0
-8.479,-0.157,2.42,0
-8.41,-0.125,2.376,0
-8.363,-0.094,2.358,0
-8.337,-0.045,2.316,0
-8.336,0.02,2.231,0
-8.342,0.089,2.172,0
-8.382,0.097,2.25,0
-8.564,0.06,2.352,0
-8.78,0.039,2.422,0
-8.954,-0.006,2.421,0
-9.021,-0.039,2.315,0
-8.955,-0.023,2.167,0
-8.829,0.022,2.078,0
-8.721,0.002,2.094,0
-8.735,-0.104,2.214,0
-8.944,-0.296,2.334,0
-9.229,-0.644,2.787,0
-9.802,-1.221,3.705,0
-10.746,-1.975,4.255,0
-11.326,-2.308,4.388,0
-11.31,-2.119,4.612,0
-11.276,-1.715,4.431,0
-11.355,-0.98,3.825,0
-11.316,-0.081,3.316,0
-11.035,0.586,2.893,0
-10.652,0.881,2.682,0
-10.188,0.929,2.964,0
-9.577,0.741,3.652,0
-9.021,0.321,4.21,0
-8.727,-0.129,4.325,0
-8.544,-0.519,4.033,0
-8.415,-0.846,3.389,0
-8.341,-1.213,2.817,0
-8.35,-1.633,2.606,0
-8.35,-2.035,2.916,0
-8.334,-2.449,3.283,0
-8.354,-2.753,3.531,0
-8.503,-2.91,3.536,0
-8.766,-2.914,3.342,0
-9.089,-2.77,3.145,0
-9.467,-2.544,3.122,0
-9.947,-2.265,3.245,0
-10.502,-1.861,3.351,0
-10.912,-1.329,3.33,0
-10.968,-0.794,2.998,0
-10.599,-0.415,2.708,0
-9.996,-0.326,2.624,0
-9.403,-0.477,2.601,0
-9.009,-0.756,2.567,0
-8.78,-1.056,2.536,0
-8.655,-1.281,2.457,0
-8.522,-1.423,2.339,0
-8.37,-1.476,2.157,0
-8.198,-1.481,2.023,0
-8.067,-1.497,1.978,0
-8.074,-1.513,1.944,0
-8.202,-1.519,1.999,0
-8.396,-1.508,2.1,0
-8.57,-1.512,2.222,0
-8.643,-1.479,2.267,0
-8.621,-1.412,2.272,0
-8.547,-1.37,2.197,0
-8.441,-1.269,2.061,0
-8.394,-1.188,1.919,0
-8.496,-1.184,1.79,0
-8.59,-1.279,1.781,0
-8.535,-1.424,1.865,0
-8.463,-1.524,1.864,0
-8.393,-1.545,1.685,0
-8.321,-1.499,1.45,0
-8.235,-1.417,1.278,0
-8.117,-1.307,1.287,0
-8.106,-1.227,1.406,0
-8.192,-1.137,1.472,0
-8.351,-1.065,1.549,0
-8.688,-1.037,1.82,0
-9.122,-1.088,2.177,0
-9.354,-1.268,2.844,0
-9.972,-1.326,3.361,0
-10.673,-1.037,3.185,0
-11.065,-0.651,2.835,0
-11.779,-0.275,2.751,0
-12.382,0.317,3.359,0
-12.498,0.604,3.478,0
-11.928,0.15,3.056,0
-10.782,-0.705,3.018,0
-10.107,-1.552,3.328,0
-10.14,-2.247,3.672,0
-10.273,-2.648,3.884,0
-10.381,-2.812,3.795,0
-10.401,-2.648,3.324,0
-10.171,-2.107,3.005,0
-9.679,-1.442,2.941,0
-9.131,-0.721,2.962,0
-8.695,0.05,3.176,0
-8.503,0.657,3.597,0
-8.502,1.107,4.046,0
-8.487,1.473,4.47,0
-8.465,1.68,4.575,0
-8.205,1.747,4.206,0
-7.934,1.601,3.736,0
-7.846,1.205,3.395,0
-7.831,0.692,3.437,0
-7.96,0.127,3.79,0
-8.402,-0.437,4.125,0
-8.944,-0.928,4.055,0
-9.293,-1.218,3.681,0
-9.35,-1.194,3.157,0
-9.338,-0.893,2.68,0
-9.443,-0.512,2.369,0
-9.609,-0.211,2.314,0
-9.857,-0.073,2.352,0
-10.149,-0.016,2.478,0
-10.314,0.077,2.452,0
-10.192,0.156,2.28,0
-9.846,0.211,2.245,0
-9.557,0.24,2.282,0
-9.372,0.247,2.377,0
-9.177,0.288,2.56,0
-8.925,0.315,2.728,0
-8.605,0.361,2.737,0
-8.25,0.431,2.523,0
-7.967,0.546,2.333,0
-7.748,0.638,2.307,0
-7.641,0.672,2.416,0
-7.613,0.753,2.558,0
-7.651,0.838,2.679,0
-7.69,0.945,2.65,0
-7.783,1.086,2.576,0
-7.87,1.163,2.453,0
-7.935,1.138,2.309,0
-7.986,1.009,2.301,0
-8.086,0.759,2.446,0
-8.233,0.38,2.629,0
-8.466,0.004,2.616,0
-8.753,-0.341,2.522,0
-9.062,-0.635,2.482,0
-9.346,-0.959,2.534,0
-9.676,-1.456,2.875,0
-10.243,-2.149,3.791,0
-11.119,-2.895,4.211,0
-11.791,-3.059,3.854,0
-11.891,-2.535,3.24,0
-11.765,-1.737,2.031,0
-11.683,-0.7,0.748,0
-11.699,0.19,0.303,0
-11.602,0.696,0.632,0
-11.246,0.855,1.505,0
-10.695,0.708,2.704,0
-9.998,0.282,4.191,0
-9.638,-0.287,4.794,0
-9.485,-0.697,4.787,0
-9.324,-0.845,4.248,0
-9.113,-0.911,3.401,0
-8.791,-1.163,2.863,0
-8.493,-1.593,2.922,0
-8.327,-2.052,3.228,0
-8.34,-2.389,3.483,0
-8.432,-2.574,3.468,0
-8.512,-2.656,3.294,0
-8.643,-2.622,3.072,0
-8.823,-2.495,2.856,0
-9.074,-2.328,2.686,0
-9.405,-2.177,2.655,0
-9.764,-2.008,2.691,0
-10.187,-1.814,2.707,0
-10.489,-1.541,2.617,0
-10.492,-1.317,2.429,0
-10.207,-1.233,2.325,0
-9.742,-1.317,2.372,0
-9.33,-1.486,2.342,0
-9.12,-1.63,2.237,0
-9.069,-1.776,2.109,0
-9.096,-1.873,2.005,0
-9.08,-1.881,1.999,0
-8.924,-1.791,2.082,0
-8.774,-1.637,2.24,0
-8.764,-1.51,2.401,0
-8.841,-1.4,2.473,0
-8.903,-1.27,2.527,0
-8.901,-1.156,2.619,0
-8.835,-1.074,2.723,0
-8.681,-0.983,2.747,0
-8.489,-0.882,2.698,0
-8.293,-0.783,2.465,0
-8.15,-0.72,2.183,0
-8.06,-0.667,2.004,0
-8.073,-0.71,1.988,0
-8.251,-0.875,2.05,0
-8.491,-1.115,2.102,0
-8.648,-1.416,2.044,0
-8.735,-1.664,1.854,0
-8.83,-1.858,1.624,0
-8.923,-1.966,1.462,0
-8.945,-2.052,1.421,0
-8.948,-2.215,1.453,0
-8.965,-2.339,1.581,0
-8.933,-2.321,1.695,0
-8.923,-2.227,1.738,0
-9.032,-2.095,1.805,0
-9.263,-1.891,1.76,0
-9.286,-1.69,1.625,0
-9.343,-1.485,1.509,0
-9.474,-1.105,1.438,0
-9.543,-0.694,1.346,0
-9.567,-0.442,1.276,0
-9.798,-0.29,1.585,0
-10.262,-0.241,2.163,0
-10.755,-0.173,2.664,0
-11.157,-0.098,2.814,0
-11.456,-0.161,2.683,0
-11.658,-0.347,2.516,0
-11.575,-0.638,2.451,0
-11.244,-1.017,2.379,0
-10.807,-1.372,2.365,0
-10.488,-1.566,2.558,0
-10.421,-1.63,2.737,0
-10.432,-1.59,2.966,0
-10.281,-1.44,3.237,0
-9.856,-1.233,3.377,0
-9.321,-1.011,3.29,0
-8.838,-0.732,3.008,0
-8.405,-0.433,2.912,0
-8.089,-0.212,3.106,0
-7.979,-0.05,3.523,0
-8.065,0.086,4.081,0
-8.264,0.253,4.431,0
-8.457,0.456,4.347,0
-8.537,0.679,3.986,0
-8.604,0.795,3.607,0
-8.656,0.789,3.383,0
-8.671,0.641,3.286,0
-8.701,0.401,3.268,0
-8.718,0.046,3.398,0
-8.684,-0.304,3.639,0
-8.689,-0.643,3.784,0
-8.85,-0.973,3.672,0
-9.147,-1.155,3.417,0
-9.451,-1.04,3.008,0
-9.648,-0.705,2.612,0
-9.742,-0.331,2.388,0
-9.765,-0.102,2.342,0
-9.819,0.001,2.388,0
-9.872,0.043,2.44,0
-9.879,0.052,2.542,0
-9.827,0.057,2.614,0
-9.732,0.054,2.648,0
-9.622,0.043,2.68,0
-9.532,0.053,2.777,0
-9.46,0.083,2.848,0
-9.357,0.133,2.864,0
-9.212,0.196,2.887,0
-9.01,0.278,2.923,0
-8.824,0.311,2.957,0
-8.682,0.322,2.986,0
-8.621,0.33,2.972,0
-8.536,0.353,2.995,0
-8.39,0.407,2.936,0
-8.167,0.444,2.818,0
-7.965,0.495,2.744,0
-7.887,0.566,2.624,0
-7.971,0.592,2.443,0
-8.137,0.588,2.177,0
-8.236,0.562,1.916,0
-8.31,0.49,1.743,0
-8.388,0.373,1.714,0
-8.485,0.201,1.807,0
-8.612,-0.038,2.013,0
-8.749,-0.245,2.09,0
-8.822,-0.32,1.889,0
-8.795,-0.301,1.785,0
-8.795,-0.28,1.913,0
-8.975,-0.459,2.386,0
-9.518,-0.946,3.408,0
-10.47,-1.784,4.308,0
-11.31,-2.419,4.388,0
-11.509,-2.404,4.382,0
-11.456,-2.287,4.142,0
-11.542,-1.865,3.344,0
-11.729,-1.137,2.463,0
-11.659,-0.409,1.543,0
-11.256,0.089,1.224,0
-10.653,0.245,1.733,0
-10.004,0.094,2.738,0
-9.435,-0.258,3.732,0
-9.16,-0.667,3.961,0
-9.07,-0.953,4.032,0
-8.98,-1.073,3.76,0
-8.742,-1.103,3.281,0
-8.331,-1.093,2.883,0
-7.94,-1.145,2.856,0
-7.677,-1.269,3.183,0
-7.679,-1.474,3.517,0
-7.908,-1.691,3.672,0
-8.142,-1.83,3.65,0
-8.325,-1.951,3.519,0
-8.474,-2.077,3.313,0
-8.576,-2.128,3.23,0
-8.699,-2.091,3.241,0
-8.915,-1.995,3.295,0
-9.262,-1.868,3.278,0
-9.643,-1.603,3.12,0
-9.932,-1.304,2.943,0
-10.042,-1.007,2.821,0
-10.002,-0.816,2.853,0
-9.889,-0.767,2.902,0
-9.752,-0.837,2.839,0
-9.555,-1.036,2.694,0
-9.342,-1.31,2.543,0
-9.171,-1.606,2.405,0
-9.093,-1.812,2.329,0
-9.001,-1.955,2.311,0
-8.837,-2.054,2.342,0
-8.767,-2.083,2.38,0
-8.776,-2.035,2.362,0
-8.82,-1.93,2.309,0
-8.885,-1.819,2.281,0
-8.943,-1.735,2.322,0
-8.962,-1.69,2.371,0
-8.931,-1.627,2.403,0
-8.891,-1.617,2.408,0
-8.853,-1.597,2.333,0
-8.835,-1.604,2.301,0
-8.804,-1.585,2.335,0
-8.788,-1.578,2.347,0
-8.778,-1.6,2.333,0
-8.726,-1.629,2.315,0
-8.612,-1.677,2.277,0
-8.487,-1.719,2.169,0
-8.29,-1.763,1.965,0
-8.059,-1.857,1.619,0
-7.962,-1.844,1.393,0
-8.127,-1.689,1.235,0
-8.363,-1.453,1.262,0
-8.462,-1.307,1.567,0
-8.605,-1.284,1.874,0
-8.983,-1.185,2.103,0
-9.428,-0.885,2.162,0
-9.578,-0.512,1.755,0
-9.457,-0.343,1.221,0
-9.592,-0.347,1.239,0
-10.31,-0.406,1.994,0
-11.406,-0.58,3.156,0
-12.41,-0.898,4.223,0
-12.917,-1.198,4.881,0
-12.411,-1.324,4.891,0
-11.239,-1.093,4.471,0
-10.113,-0.857,3.778,0
-9.534,-0.919,3.099,0
-9.582,-1.049,3.024,0
-9.599,-1.082,3.293,0
-9.189,-0.923,3.62,0
-8.442,-0.681,3.787,0
-7.845,-0.527,3.668,0
-7.57,-0.348,3.54,0
-7.717,-0.077,3.613,0
-8.259,0.229,3.776,0
-8.687,0.616,3.817,0
-8.719,1.062,3.726,0
-8.628,1.393,3.68,0
-8.617,1.467,3.823,0
-8.707,1.257,4.094,0
-8.946,0.846,4.327,0
-9.311,0.302,4.283,0
-9.573,-0.073,3.925,0
-9.532,-0.266,3.361,0
-9.405,-0.376,2.849,0
-9.472,-0.445,2.547,0
-9.687,-0.459,2.469,0
-9.926,-0.482,2.491,0
-10.024,-0.44,2.471,0
-10.026,-0.309,2.419,0
-9.93,-0.125,2.341,0
-9.756,0.021,2.289,0
-9.604,0.123,2.276,0
-9.459,0.24,2.382,0
-9.29,0.344,2.535,0
-9.1,0.412,2.658,0
-8.914,0.45,2.765,0
-8.748,0.429,2.81,0
-8.575,0.41,2.778,0
-8.405,0.392,2.721,0
-8.263,0.365,2.735,0
-8.179,0.325,2.741,0
-8.149,0.279,2.764,0
-8.144,0.262,2.778,0
-8.158,0.307,2.69,0
-8.2,0.382,2.542,0
-8.267,0.399,2.387,0
-8.35,0.45,2.199,0
-8.508,0.484,2.175,0
-8.657,0.459,2.238,0
-8.687,0.386,2.297,0
-8.672,0.298,2.444,0
-8.673,0.201,2.464,0
-8.799,0.073,2.41,1
-9.036,-0.049,2.49,1
-9.222,-0.27,2.781,1
-9.533,-0.714,3.2,1
-10.009,-1.233,3.499,1
-10.512,-1.659,3.518,1
-10.852,-1.786,3.351,1
-10.955,-1.753,3.236,1
-11.046,-1.692,2.924,1
-11.262,-1.389,2.434,1
-11.473,-0.879,1.882,1
-11.397,-0.417,1.463,1
-10.898,-0.158,1.554,1
-10.256,-0.149,2.341,1
-9.878,-0.425,3.34,1
-9.759,-0.803,3.939,1
-9.648,-1.055,3.934,1
-9.411,-1.173,3.387,1
-9.067,-1.253,2.773,1
-8.69,-1.401,2.494,1
-8.409,-1.612,2.675,1
-8.231,-1.837,3.031,1
-8.17,-2.0,3.27,1
-8.191,-2.083,3.269,1
-8.186,-2.141,3.02,1
-8.193,-2.224,2.805,1
-8.273,-2.326,2.677,1
-8.463,-2.406,2.605,1
-8.781,-2.394,2.634,1
-9.188,-2.213,2.768,1
-9.609,-1.914,2.85,1
-9.975,-1.55,2.898,1
-10.225,-1.125,2.885,1
-10.287,-0.765,2.764,1
-10.209,-0.575,2.574,1
-10.006,-0.548,2.415,1
-9.722,-0.713,2.323,1
-9.555,-0.994,2.182,1
-9.551,-1.32,2.124,1
-9.541,-1.606,2.193,1
-9.424,-1.797,2.203,1
-9.269,-1.894,2.246,1
-9.185,-1.85,2.325,1
-9.173,-1.738,2.35,1
-9.22,-1.638,2.431,1
-9.235,-1.537,2.512,1
-9.205,-1.441,2.609,1
-9.087,-1.375,2.726,1
-8.941,-1.353,2.805,1
-8.77,-1.309,2.834,1
-8.651,-1.266,2.771,1
-8.608,-1.232,2.6,1
-8.59,-1.278,2.362,1
-8.55,-1.343,2.197,1
-8.499,-1.411,2.084,1
-8.48,-1.502,2.035,1
-8.553,-1.597,1.994,1
-8.732,-1.645,1.938,1
-8.913,-1.698,1.892,1
-9.069,-1.73,1.872,1
-9.179,-1.778,1.868,1
-9.252,-1.858,1.877,1
-9.283,-1.909,1.884,1
-9.271,-1.9,1.907,1
-9.234,-1.844,1.948,1
-9.222,-1.766,1.958,1
-9.185,-1.684,1.965,1
-9.103,-1.599,2.04,1
-9.026,-1.47,2.065,1
-9.002,-1.389,2.072,1
-9.004,-1.316,2.016,1
-8.998,-1.27,1.947,1
-8.964,-1.239,1.866,1
-8.95,-1.271,1.804,1
-8.987,-1.324,1.825,1
-9.059,-1.382,1.875,1
-9.105,-1.455,1.88,1
-9.154,-1.515,1.857,1
-9.259,-1.522,1.774,1
-9.383,-1.515,1.62,1
-9.483,-1.519,1.468,1
-9.601,-1.634,1.516,1
-9.761,-1.725,1.693,1
-9.854,-1.692,1.993,1
-9.85,-1.558,2.196,1
-9.866,-1.439,2.261,1
-10.187,-1.355,2.456,1
-10.879,-1.16,2.885,1
-11.521,-0.889,3.373,1
-11.689,-0.657,3.726,1
-11.25,-0.523,3.748,1
-10.456,-0.391,3.354,1
-9.631,-0.197,2.723,1
-9.015,-0.221,2.264,1
-8.694,-0.538,2.179,1
-8.488,-0.822,2.188,1
-8.382,-1.042,2.221,1
-8.365,-1.197,2.317,1
-8.435,-1.374,2.235,1
-8.552,-1.503,2.302,1
-8.688,-1.451,2.466,1
-8.901,-1.29,2.629,1
-9.196,-1.147,2.88,1
-9.414,-0.962,3.136,1
-9.45,-0.698,3.378,1
-9.37,-0.398,3.407,1
-9.181,-0.167,3.323,1
-8.923,-0.104,3.339,1
-8.728,-0.139,3.486,1
-8.609,-0.147,3.646,1
-8.45,-0.076,3.734,1
-8.397,-0.018,3.761,1
-8.515,0.013,3.684,1
-8.737,0.07,3.535,1
-8.984,0.182,3.313,1
-9.187,0.31,3.122,1
-9.335,0.409,3.059,1
-9.424,0.448,3.112,1
-9.49,0.344,3.212,1
-9.631,0.168,3.432,1
-9.86,-0.056,3.637,1
-10.155,-0.167,3.484,1
-10.388,-0.145,3.125,1
-10.324,-0.02,2.707,1
-10.071,0.073,2.47,1
-9.813,0.141,2.542,1
-9.615,0.207,2.743,1
-9.506,0.229,2.948,1
-9.446,0.266,2.997,1
-9.372,0.363,2.873,1
-9.265,0.429,2.695,1
-9.124,0.453,2.552,1
-8.956,0.439,2.523,1
-8.743,0.379,2.676,1
-8.553,0.29,2.92,1
-8.45,0.203,3.193,1
-8.422,0.149,3.442,1
-8.473,0.095,3.593,1
-8.587,0.11,3.722,1
-8.733,0.106,3.894,1
-8.846,0.146,3.971,1
-9.041,0.188,3.777,1
-9.36,0.28,3.187,1
-9.544,0.406,2.553,1
-9.369,0.45,2.236,1
-9.0,0.362,2.322,1
-8.844,0.172,2.572,1
-8.906,0.002,2.796,1
-9.054,-0.168,2.944,1
-9.218,-0.448,3.117,1
-9.413,-0.921,3.412,1
-9.777,-1.662,3.967,1
-10.278,-2.491,4.394,1
-10.864,-3.046,4.403,1
-11.192,-3.169,3.93,1
-10.77,-2.965,3.002,1
-9.728,-2.557,2.068,1
-8.828,-2.315,1.613,1
-8.524,-2.27,1.689,1
-8.579,-2.193,1.893,1
-8.649,-2.057,2.155,1
-8.68,-1.987,2.389,1
-8.74,-1.917,2.394,1
-8.848,-1.784,2.189,1
-8.937,-1.645,1.913,1
-8.945,-1.46,1.723,1
-8.858,-1.243,1.705,1
-8.747,-1.043,1.846,1
-8.59,-0.96,2.131,1
-8.499,-1.018,2.414,1
-8.536,-1.135,2.54,1
-8.671,-1.277,2.594,1
-8.85,-1.393,2.561,1
-8.997,-1.498,2.459,1
-9.016,-1.564,2.298,1
-9.005,-1.635,2.116,1
-8.964,-1.71,1.983,1
-9.004,-1.743,2.017,1
-9.112,-1.739,2.245,1
-9.259,-1.705,2.569,1
-9.4,-1.652,2.894,1
-9.529,-1.524,3.192,1
-9.652,-1.345,3.32,1
-9.708,-1.168,3.232,1
-9.67,-1.0,2.963,1
-9.556,-0.867,2.705,1
-9.454,-0.844,2.533,1
-9.321,-0.944,2.471,1
-9.131,-1.155,2.457,1
-9.001,-1.375,2.376,1
-9.034,-1.563,2.26,1
-9.149,-1.707,2.204,1
-9.281,-1.876,2.184,1
-9.554,-2.017,2.23,1
-9.892,-2.086,2.402,1
-10.135,-2.112,2.648,1
-10.384,-2.033,2.746,1
-10.52,-1.849,2.784,1
-10.369,-1.662,2.711,1
-10.035,-1.56,2.668,1
-9.756,-1.545,2.724,1
-9.537,-1.546,2.801,1
-9.253,-1.523,2.942,1
-8.971,-1.569,3.051,1
-8.839,-1.679,3.024,1
-8.761,-1.748,3.04,1
-8.693,-1.767,3.06,1
-8.655,-1.709,3.072,1
-8.538,-1.569,3.143,1
-8.327,-1.393,3.155,1
-8.036,-1.141,3.106,1
-7.931,-0.804,3.0,1
-8.049,-0.482,2.909,1
-8.117,-0.244,2.851,1
-8.092,0.005,2.909,1
-8.112,0.241,3.044,1
-8.206,0.421,3.191,1
-8.362,0.59,3.303,1
-8.57,0.782,3.366,1
-8.793,0.915,3.356,1
-9.008,0.959,3.216,1
-9.206,0.937,3.046,1
-9.485,0.884,2.839,1
-9.801,0.808,2.586,1
-10.083,0.803,2.387,1
-10.189,0.805,2.295,1
-10.082,0.855,1.924,1
-9.925,1.004,1.466,1
-9.747,1.045,1.321,1
-9.57,0.927,1.554,1
-9.52,0.602,2.078,1
-9.737,0.159,2.745,1
-10.086,-0.278,3.308,1
-10.457,-0.587,3.474,1
-10.636,-0.697,3.27,1
-10.445,-0.65,2.985,1
-10.062,-0.57,2.864,1
-9.858,-0.442,2.883,1
-9.942,-0.359,2.919,1
-10.021,-0.387,2.91,1
-9.876,-0.554,3.114,1
-9.707,-0.886,3.722,1
-9.863,-1.396,4.242,1
-10.075,-1.831,4.259,1
-10.108,-1.825,3.685,1
-9.811,-1.568,2.764,1
-9.264,-1.251,2.075,1
-8.72,-1.039,1.977,1
-8.423,-1.022,2.395,1
-8.319,-1.023,2.886,1
-8.271,-1.095,3.2,1
-8.266,-1.27,3.156,1
-8.292,-1.461,2.814,1
-8.359,-1.626,2.405,1
-8.472,-1.763,2.154,1
-8.587,-1.851,2.107,1
-8.729,-1.862,2.265,1
-8.857,-1.82,2.373,1
-8.885,-1.713,2.342,1
-8.815,-1.593,2.195,1
-8.826,-1.419,2.024,1
-8.913,-1.252,1.935,1
-9.036,-1.156,1.9,1
-9.183,-1.137,1.946,1
-9.325,-1.144,2.027,1
-9.445,-1.129,2.059,1
-9.503,-1.123,1.958,1
-9.476,-1.142,1.806,1
-9.424,-1.259,1.766,1
-9.377,-1.388,1.73,1
-9.246,-1.559,1.773,1
-9.101,-1.685,1.873,1
-9.046,-1.783,1.922,1
-9.046,-1.819,1.956,1
-9.05,-1.841,2.042,1
-9.083,-1.845,2.11,1
-9.111,-1.809,2.195,1
-9.206,-1.791,2.384,1
-9.344,-1.664,2.591,1
-9.358,-1.475,2.706,1
-9.25,-1.344,2.762,1
-9.096,-1.23,2.843,1
-8.991,-1.189,2.915,1
-8.975,-1.205,2.994,1
-9.036,-1.215,3.213,1
-9.389,-1.161,3.599,1
-9.755,-0.81,3.803,1
-9.713,-0.414,3.662,1
-9.649,-0.222,3.229,1
-9.612,-0.147,2.959,1
-9.353,-0.29,2.969,1
-9.037,-0.579,3.091,1
-9.031,-0.817,3.161,1
-9.098,-0.888,3.118,1
-8.965,-0.984,2.951,1
-8.715,-1.215,2.687,1
-8.573,-1.357,2.583,1
-8.662,-1.427,2.52,1
-8.861,-1.491,2.559,1
-8.968,-1.582,2.821,1
-9.147,-1.717,3.085,1
-9.439,-1.784,3.18,1
-9.688,-1.713,3.138,1
-9.74,-1.536,2.935,1
-9.66,-1.373,2.615,1
-9.516,-1.186,2.403,1
-9.4,-0.974,2.403,1
-9.336,-0.76,2.484,1
-9.365,-0.595,2.655,1
-9.386,-0.476,2.872,1
-9.311,-0.37,3.005,1
-9.238,-0.256,3.084,1
-9.18,-0.113,3.029,1
-9.106,0.045,2.896,1
-9.032,0.215,2.821,1
-8.969,0.365,2.805,1
-8.884,0.456,2.898,1
-8.836,0.511,3.056,1
-8.83,0.549,3.137,1
-8.841,0.545,3.144,1
-8.897,0.516,3.047,1
-9.025,0.469,2.909,1
-9.207,0.445,2.735,1
-9.405,0.457,2.593,1
-9.606,0.456,2.586,1
-9.706,0.439,2.638,1
-9.696,0.433,2.634,1
-9.66,0.455,2.552,1
-9.647,0.5,2.394,1
-9.641,0.527,2.236,1
-9.622,0.598,2.179,1
-9.614,0.67,2.328,1
-9.631,0.632,2.756,1
-9.702,0.417,3.02,1
-9.847,0.266,3.158,1
-9.983,0.142,3.273,1
-10.071,0.002,3.23,1
-10.051,-0.083,3.098,1
-9.87,-0.116,3.077,1
-9.735,-0.05,3.089,1
-9.784,0.016,3.009,1
-9.855,-0.039,2.951,1
-9.771,-0.266,3.19,1
-9.716,-0.694,3.701,1
-9.99,-1.108,3.968,1
-10.389,-1.333,3.739,1
-10.482,-1.324,3.045,1
-10.006,-1.144,2.218,1
-9.232,-1.029,1.838,1
-8.656,-1.177,2.132,1
-8.397,-1.383,2.583,1
-8.33,-1.595,2.89,1
-8.296,-1.776,3.044,1
-8.331,-1.902,2.957,1
-8.446,-1.935,2.69,1
-8.596,-1.876,2.441,1
-8.708,-1.762,2.401,1
-8.754,-1.624,2.495,1
-8.758,-1.496,2.669,1
-8.749,-1.393,2.881,1
-8.696,-1.28,2.975,1
-8.648,-1.181,2.897,1
-8.557,-1.083,2.707,1
-8.434,-1.042,2.565,1
-8.331,-1.106,2.551,1
-8.295,-1.247,2.549,1
-8.373,-1.418,2.554,1
-8.497,-1.592,2.502,1
-8.636,-1.664,2.325,1
-8.752,-1.663,2.062,1
-8.852,-1.637,1.827,1
-8.93,-1.649,1.701,1
-9.011,-1.715,1.742,1
-9.132,-1.884,1.864,1
-9.307,-2.064,2.045,1
-9.484,-2.178,2.228,1
-9.569,-2.199,2.273,1
-9.523,-2.123,2.228,1
-9.41,-2.025,2.2,1
-9.324,-1.897,2.239,1
-9.234,-1.765,2.317,1
-9.104,-1.706,2.482,1
-9.027,-1.739,2.875,1
-9.153,-1.762,3.539,1
-9.445,-1.639,4.079,1
-9.642,-1.265,3.991,1
-9.557,-0.896,3.397,1
-9.344,-0.67,2.739,1
-9.067,-0.67,2.533,1
-8.825,-0.989,2.8,1
-8.72,-1.493,3.34,1
-8.737,-1.868,3.781,1
-8.754,-2.023,3.788,1
-8.709,-2.066,3.39,1
-8.679,-2.082,3.029,1
-8.76,-1.941,2.79,1
-8.77,-1.617,2.764,1
-8.721,-1.288,2.942,1
-8.847,-1.043,3.186,1
-9.037,-0.874,3.457,1
-9.248,-0.751,3.502,1
-9.439,-0.687,3.378,1
-9.626,-0.713,3.247,1
-9.666,-0.863,3.204,1
-9.482,-1.107,3.263,1
-9.24,-1.284,3.286,1
-9.139,-1.382,3.254,1
-9.185,-1.448,3.133,1
-9.311,-1.46,2.877,1
-9.352,-1.393,2.656,1
-9.2,-1.242,2.569,1
-9.046,-0.994,2.633,1
-9.026,-0.709,2.707,1
-9.043,-0.423,2.727,1
-9.053,-0.171,2.839,1
-9.074,0.072,3.034,1
-9.114,0.304,3.244,1
-9.124,0.507,3.341,1
-9.119,0.674,3.348,1
-9.119,0.83,3.304,1
-9.152,0.932,3.164,1
-9.13,0.997,3.071,1
-9.162,0.99,2.958,1
-9.235,0.945,2.891,1
-9.302,0.901,2.814,1
-9.367,0.891,2.703,1
-9.431,0.919,2.649,1
-9.51,0.918,2.563,1
-9.574,0.868,2.537,1
-9.637,0.695,2.715,1
-9.727,0.42,3.016,1
-9.948,0.102,3.229,1
-10.186,-0.216,3.389,1
-10.351,-0.531,3.504,1
-10.344,-0.794,3.482,1
-10.111,-0.952,3.352,1
-9.907,-0.918,3.141,1
-9.913,-0.781,2.999,1
-10.0,-0.684,2.927,1
-9.964,-0.671,2.952,1
-9.847,-0.861,3.349,1
-9.828,-1.21,3.848,1
-9.976,-1.538,3.996,1
-10.141,-1.591,3.653,1
-10.04,-1.403,3.002,1
-9.586,-1.131,2.394,1
-9.03,-0.969,2.158,1
-8.685,-1.004,2.407,1
-8.558,-1.146,2.843,1
-8.486,-1.335,3.152,1
-8.344,-1.527,3.316,1
-8.148,-1.752,3.195,1
-8.027,-1.967,2.814,1
-7.965,-2.093,2.491,1
-8.011,-2.069,2.347,1
-8.249,-1.983,2.43,1
-8.518,-1.85,2.556,1
-8.671,-1.7,2.685,1
-8.705,-1.557,2.737,1
-8.676,-1.409,2.689,1
-8.631,-1.262,2.54,1
-8.64,-1.177,2.349,1
-8.651,-1.16,2.271,1
-8.673,-1.216,2.375,1
-8.781,-1.379,2.562,1
-8.905,-1.556,2.792,1
-9.084,-1.713,2.934,1
-9.253,-1.855,2.914,1
-9.338,-1.882,2.74,1
-9.344,-1.837,2.477,1
-9.324,-1.776,2.171,1
-9.254,-1.73,2.022,1
-9.152,-1.756,2.101,1
-9.049,-1.788,2.366,1
-8.915,-1.737,2.694,1
-8.78,-1.588,2.861,1
-8.726,-1.437,2.89,1
-8.739,-1.305,2.945,1
-8.969,-1.179,3.224,1
-9.425,-1.035,3.66,1
-9.812,-0.795,3.861,1
-9.885,-0.485,3.563,1
-9.66,-0.263,3.056,1
-9.359,-0.299,2.788,1
-9.118,-0.678,2.947,1
-8.943,-1.226,3.308,1
-8.823,-1.714,3.527,1
-8.768,-2.007,3.512,1
-8.724,-2.072,3.311,1
-8.672,-2.073,2.972,1
-8.62,-2.087,2.742,1
-8.566,-2.086,2.746,1
-8.528,-2.078,2.924,1
-8.63,-2.068,3.197,1
-8.874,-2.046,3.435,1
-9.136,-2.006,3.582,1
-9.36,-1.984,3.623,1
-9.589,-1.899,3.556,1
-9.634,-1.602,3.458,1
-9.45,-1.169,3.274,1
-9.233,-0.792,3.16,1
-9.156,-0.528,3.111,1
-9.178,-0.23,3.038,1
-9.214,0.049,2.918,1
-9.247,0.281,2.789,1
-9.215,0.418,2.701,1
-9.14,0.498,2.712,1
-9.038,0.476,2.771,1
-8.996,0.383,2.792,1
-9.03,0.233,2.769,1
-9.128,0.113,2.635,1
-9.23,0.072,2.459,1
-9.313,0.051,2.299,1
-9.383,0.044,2.248,1
-9.495,-0.009,2.288,1
-9.656,-0.089,2.384,1
-9.723,-0.122,2.46,1
-9.61,-0.151,2.512,1
-9.398,-0.17,2.577,1
-9.292,-0.174,2.652,1
-9.302,-0.212,2.74,1
-9.36,-0.245,2.849,1
-9.374,-0.277,3.004,1
-9.354,-0.353,3.244,1
-9.361,-0.493,3.466,1
-9.38,-0.607,3.484,1
-9.388,-0.691,3.418,1
-9.451,-0.781,3.283,1
-9.577,-0.912,3.141,1
-9.68,-0.996,3.173,1
-9.855,-1.061,3.385,1
-10.129,-1.081,3.499,1
-10.443,-1.051,3.291,1
-10.601,-0.904,2.914,1
-10.469,-0.713,2.574,1
-10.174,-0.56,2.411,1
-9.9,-0.438,2.477,1
-9.747,-0.336,2.715,1
-9.581,-0.267,2.984,1
-9.309,-0.246,3.213,1
-9.035,-0.303,3.322,1
-8.765,-0.438,3.236,1
-8.464,-0.622,3.174,1
-8.217,-0.826,3.169,1
-8.088,-1.029,3.237,1
-7.992,-1.217,3.33,1
-7.917,-1.4,3.355,1
-7.905,-1.567,3.298,1
-7.989,-1.644,3.107,1
-8.112,-1.59,2.781,1
-8.202,-1.442,2.465,1
-8.337,-1.288,2.276,1
-8.504,-1.173,2.217,1
-8.665,-1.101,2.276,1
-8.794,-1.085,2.409,1
-8.912,-1.149,2.547,1
-9.015,-1.219,2.653,1
-9.155,-1.309,2.638,1
-9.411,-1.42,2.55,1
-9.654,-1.562,2.482,1
-9.792,-1.665,2.412,1
-9.766,-1.747,2.394,1
-9.71,-1.871,2.417,1
-9.681,-1.991,2.404,1
-9.642,-2.027,2.377,1
-9.574,-1.996,2.359,1
-9.59,-1.906,2.325,1
-9.615,-1.772,2.283,1
-9.527,-1.627,2.356,1
-9.341,-1.529,2.509,1
-9.216,-1.466,2.59,1
-9.147,-1.426,2.636,1
-9.092,-1.346,2.701,1
-9.05,-1.255,2.762,1
-9.047,-1.183,2.822,1
-9.063,-1.146,2.887,1
-9.068,-1.181,2.96,1
-9.046,-1.264,2.961,1
-9.026,-1.345,2.884,1
-9.05,-1.327,2.823,1
-9.182,-1.339,2.859,1
-9.304,-1.379,3.015,1
-9.355,-1.402,3.238,1
-9.421,-1.389,3.34,1
-9.417,-1.314,3.28,1
-9.354,-1.21,3.125,1
-9.24,-1.108,2.995,1
-9.13,-1.074,2.942,1
-9.056,-1.069,2.962,1
-9.048,-1.15,2.976,1
-9.07,-1.318,2.963,1
-9.113,-1.434,2.916,1
-9.166,-1.512,2.884,1
-9.226,-1.574,2.884,1
-9.32,-1.554,2.921,1
-9.444,-1.469,2.945,1
-9.492,-1.327,2.943,1
-9.405,-1.179,2.898,1
-9.256,-1.079,2.852,1
-9.158,-1.033,2.78,1
-9.072,-1.039,2.728,1
-8.974,-1.085,2.728,1
-8.876,-1.16,2.76,1
-8.793,-1.247,2.769,1
-8.793,-1.29,2.807,1
-8.831,-1.28,2.808,1
-8.884,-1.228,2.791,1
-8.926,-1.133,2.82,1
-8.978,-1.022,2.838,1
-8.995,-0.941,2.888,1
-8.984,-0.862,2.904,1
-8.931,-0.82,2.868,1
-8.929,-0.829,2.823,1
-8.982,-0.871,2.791,1
-9.022,-0.937,2.815,1
-9.106,-0.997,2.911,1
-9.214,-1.091,2.948,1
-9.315,-1.118,2.929,1
-9.334,-1.028,2.82,1
-9.303,-0.985,2.791,1
-9.313,-0.954,2.811,1
-9.344,-0.937,2.816,1
-9.378,-0.957,2.85,1
-9.351,-0.995,2.885,1
-9.275,-1.054,2.893,1
-9.162,-1.117,2.872,1
-9.098,-1.142,2.822,1
-9.086,-1.149,2.761,1
-9.07,-1.142,2.721,1
-9.044,-1.075,2.748,1
-9.044,-0.986,2.831,1
-9.036,-0.898,2.949,1
-9.076,-0.812,3.095,1
-9.143,-0.769,3.174,1
-9.186,-0.727,3.193,1
-9.184,-0.709,3.181,0
-9.128,-0.713,3.169,0
-9.064,-0.718,3.118,0
-9.015,-0.701,3.004,0
-8.977,-0.672,2.853,0
-8.967,-0.676,2.682,0
-8.971,-0.746,2.583,0
-9.017,-0.778,2.547,0
-9.08,-0.805,2.585,0
-9.174,-0.877,2.664,0
-9.267,-0.957,2.703,0
-9.336,-1.0,2.739,0
-9.399,-1.008,2.78,0
-9.485,-1.012,2.773,0
-9.508,-0.966,2.771,0
-9.511,-0.912,2.778,0
-9.461,-0.853,2.829,0
-9.377,-0.739,2.922,0
-9.272,-0.676,2.982,0
-9.163,-0.624,3.016,0
-9.067,-0.563,3.07,0
-8.991,-0.498,3.102,0
-8.909,-0.426,3.113,0
-8.846,-0.388,3.084,0
-8.83,-0.414,3.029,0
-8.867,-0.453,2.967,0
-8.92,-0.531,2.957,0
-8.957,-0.604,2.999,0
-9.038,-0.632,3.03,0
-9.113,-0.604,3.003,0
-9.155,-0.541,2.919,0
-9.21,-0.484,2.813,0
-9.249,-0.402,2.757,0
-9.289,-0.3,2.743,0
-9.301,-0.229,2.734,0
-9.301,-0.133,2.691,0
-9.277,-0.066,2.666,0
-9.253,-0.053,2.645,0
-9.273,-0.046,2.625,0
-9.348,-0.015,2.695,0
-9.375,0.008,2.766,0
-9.358,0.029,2.733,0
-9.295,0.053,2.699,0
-9.235,0.077,2.668,0
-9.212,0.07,2.543,0
-9.252,0.053,2.451,0
-9.274,0.013,2.438,0
-9.306,-0.086,2.501,0
-9.353,-0.234,2.569,0
-9.392,-0.373,2.641,0
-9.481,-0.466,2.702,0
-9.633,-0.524,2.694,0
-9.811,-0.537,2.66,0
-9.922,-0.482,2.617,0
-9.965,-0.37,2.53,0
-9.882,-0.216,2.546,0
-9.759,-0.14,2.625,0
-9.712,-0.098,2.618,0
-9.695,-0.035,2.598,0
-9.671,-0.013,2.609,0
-9.65,-0.003,2.599,0
-9.61,0.041,2.564,0
-9.532,0.05,2.53,0
-9.421,0.064,2.528,0
-9.348,0.046,2.553,0
-9.338,0.02,2.62,0
-9.368,-0.008,2.659,0
-9.402,-0.028,2.709,0
-9.368,-0.026,2.725,0
-9.254,-0.011,2.692,0
-9.09,0.036,2.627,0
-8.92,0.05,2.53,0
-8.829,-0.019,2.449,0
-8.873,-0.136,2.403,0
-8.924,-0.251,2.445,0
-8.984,-0.329,2.511,0
-9.063,-0.337,2.503,0
-9.124,-0.334,2.413,0
-9.114,-0.257,2.209,0
-9.005,-0.145,1.927,0
-8.965,-0.028,1.743,0
-9.095,-0.003,1.8,0
-9.153,0.074,1.961,0
-9.077,0.223,1.965,0
-8.978,0.407,1.777,0
-8.944,0.564,1.583,0
-8.916,0.655,1.571,0
-8.835,0.633,1.788,0
-8.728,0.578,1.947,0
-8.669,0.543,1.868,0
-8.643,0.491,1.8,0
-8.614,0.358,1.863,0
-8.738,0.031,2.227,0
-9.176,-0.606,2.994,0
-10.068,-1.575,3.838,0
-11.169,-2.506,4.343,0
-11.885,-2.863,4.455,0
-11.964,-2.594,4.007,0
-11.491,-1.764,2.946,0
-10.674,-0.816,1.717,0
-10.134,-0.318,1.108,0
-10.04,-0.255,1.352,0
-10.039,-0.361,1.901,0
-9.885,-0.683,2.461,0
-9.553,-1.036,2.981,0
-9.196,-1.235,3.281,0
-8.94,-1.271,3.249,0
-8.832,-1.128,3.105,0
-8.921,-0.923,3.025,0
-9.057,-0.743,3.134,0
-9.188,-0.629,3.488,0
-9.264,-0.675,3.879,0
-9.237,-0.799,4.078,0
-9.177,-0.895,3.994,0
-9.07,-0.951,3.707,0
-8.923,-0.972,3.436,0
-8.716,-0.96,3.298,0
-8.497,-0.914,3.339,0
-8.334,-0.842,3.344,0
-8.211,-0.759,3.278,0
-8.182,-0.725,3.145,0
-8.232,-0.722,2.944,0
-8.26,-0.798,2.718,0
-8.29,-0.915,2.541,0
-8.43,-1.036,2.479,0
-8.621,-1.183,2.574,0
-8.804,-1.329,2.795,0
-8.986,-1.49,2.986,0
-9.212,-1.626,3.067,0
-9.428,-1.677,3.048,0
-9.523,-1.651,2.918,0
-9.566,-1.636,2.832,0
-9.756,-1.678,2.848,0
-10.074,-1.716,2.948,0
-10.369,-1.722,3.165,0
-10.427,-1.606,3.201,0
-10.266,-1.409,3.038,0
-10.036,-1.259,2.894,0
-9.895,-1.171,2.853,0
-9.763,-1.136,2.778,0
-9.621,-1.088,2.692,0
-9.5,-1.057,2.59,0
-9.406,-1.068,2.558,0
-9.352,-1.151,2.55,0
-9.266,-1.28,2.561,0
-9.215,-1.385,2.561,0
-9.211,-1.477,2.541,0
-9.159,-1.53,2.577,0
-9.025,-1.566,2.654,0
-8.92,-1.577,2.73,0
-8.895,-1.577,2.759,0
-8.929,-1.534,2.73,0
-8.944,-1.464,2.75,0
-8.909,-1.382,2.802,0
-8.867,-1.346,2.877,0
-8.781,-1.302,2.897,0
-8.621,-1.229,2.906,0
-8.545,-1.16,2.804,0
-8.589,-1.11,2.671,0
-8.612,-1.073,2.666,0
-8.593,-1.076,2.723,0
-8.562,-1.126,2.808,0
-8.542,-1.196,2.838,0
-8.615,-1.177,2.725,0
-8.648,-1.198,2.477,0
-8.726,-1.235,2.199,0
-9.11,-1.275,2.021,0
-9.501,-1.256,1.944,0
-9.454,-1.234,1.972,0
-9.232,-1.339,1.845,0
-9.167,-1.569,1.73,0
-9.271,-1.81,1.836,0
-9.468,-1.931,2.017,0
-9.612,-1.897,2.103,0
-9.459,-1.749,2.076,0
-9.172,-1.565,2.007,0
-9.054,-1.475,2.009,0
-9.177,-1.412,2.145,0
-9.28,-1.406,2.425,0
-9.317,-1.505,2.737,0
-9.405,-1.537,2.966,0
-9.556,-1.459,3.071,0
-9.705,-1.311,3.102,0
-9.76,-1.179,3.125,0
-9.667,-1.104,3.139,0
-9.444,-1.067,3.125,0
-9.194,-1.071,3.08,0
-8.966,-1.061,2.917,0
-8.777,-1.057,2.725,0
-8.726,-1.094,2.619,0
-8.858,-1.146,2.678,0
-9.135,-1.193,2.834,0
-9.353,-1.212,2.943,0
-9.419,-1.17,2.993,0
-9.46,-1.06,2.956,0
-9.488,-0.953,2.78,0
-9.492,-0.847,2.674,0
-9.505,-0.78,2.692,0
-9.486,-0.724,2.772,0
-9.441,-0.696,2.861,0
-9.426,-0.655,2.838,0
-9.478,-0.636,2.752,0
-9.495,-0.665,2.676,0
-9.454,-0.716,2.641,0
-9.369,-0.784,2.665,0
-9.301,-0.869,2.693,0
-9.244,-0.948,2.701,0
-9.187,-1.009,2.665,0
-9.132,-1.06,2.671,0
-9.13,-1.08,2.69,0
-9.191,-1.064,2.658,0
-9.243,-1.049,2.597,0
-9.205,-0.993,2.574,0
-9.123,-0.913,2.663,0
-9.08,-0.793,2.761,0
-9.114,-0.676,2.826,0
-9.165,-0.608,2.845,0
-9.231,-0.539,2.892,0
-9.27,-0.551,3.027,0
-9.223,-0.611,3.168,0
-9.125,-0.699,3.326,0
-9.046,-0.757,3.396,0
-8.995,-0.786,3.453,0
-8.901,-0.804,3.423,0
-8.79,-0.792,3.252,0
-8.651,-0.733,3.007,0
-8.546,-0.628,2.771,0
-8.46,-0.536,2.657,0
-8.457,-0.464,2.677,0
-8.613,-0.412,2.826,0
-8.913,-0.428,3.047,0
-9.164,-0.456,3.117,0
-9.206,-0.443,3.023,0
-9.175,-0.351,2.938,0
-9.14,-0.231,2.823,0
-9.108,-0.094,2.693,0
-9.111,-0.049,2.652,0
-9.14,-0.065,2.771,0
-9.313,-0.072,3.009,0
-9.501,-0.063,3.187,0
-9.588,0.015,3.226,0
-9.554,0.142,3.103,0
-9.47,0.226,2.893,0
-9.449,0.231,2.76,0
-9.566,0.165,2.751,0
-9.733,0.094,2.761,0
-9.917,0.013,2.731,0
-9.97,-0.053,2.7,0
-9.839,-0.026,2.603,0
-9.66,0.018,2.453,0
-9.545,0.044,2.289,0
-9.544,0.01,2.223,0
-9.648,-0.022,2.2,0
-9.674,-0.043,2.212,0
-9.574,-0.074,2.368,0
-9.437,-0.1,2.493,0
-9.288,-0.118,2.514,0
-9.119,-0.114,2.48,0
-8.976,-0.12,2.454,0
-8.9,-0.106,2.469,0
-8.838,-0.163,2.546,0
-8.739,-0.192,2.663,0
-8.601,-0.212,2.776,0
-8.515,-0.237,2.805,0
-8.509,-0.187,2.749,0
-8.497,-0.095,2.577,0
-8.543,0.001,2.424,0
-8.731,0.046,2.339,0
-8.84,0.084,2.329,0
-8.869,0.067,2.338,0
-8.99,0.007,2.274,0
-9.233,-0.134,2.295,0
-9.47,-0.29,2.429,0
-9.483,-0.427,2.538,0
-9.306,-0.522,2.619,0
-9.213,-0.559,2.669,0
-9.265,-0.584,2.637,0
-9.444,-0.644,2.739,0
-9.786,-0.747,2.921,0
-10.167,-0.938,3.121,0
-10.449,-1.066,3.266,0
-10.576,-1.075,3.305,0
-10.617,-0.986,3.104,0
-10.574,-0.737,2.674,0
-10.438,-0.375,2.222,0
-10.169,-0.091,1.921,0
-9.893,-0.033,1.909,0
-9.666,-0.12,2.187,0
-9.447,-0.274,2.606,0
-9.275,-0.482,2.936,0
-9.163,-0.712,3.098,0
-9.086,-0.888,3.197,0
-8.988,-0.987,3.263,0
-8.906,-1.01,3.27,0
-8.812,-0.976,3.304,0
-8.736,-0.912,3.403,0
-8.658,-0.862,3.547,0
-8.562,-0.826,3.655,0
-8.418,-0.812,3.671,0
-8.366,-0.804,3.626,0
-8.463,-0.806,3.477,0
-8.541,-0.839,3.228,0
-8.607,-0.927,2.987,0
-8.63,-1.046,2.892,0
-8.677,-1.216,2.866,0
-8.776,-1.468,2.807,0
-8.911,-1.774,2.815,0
-9.153,-2.043,2.909,0
-9.363,-2.183,2.941,0
-9.455,-2.184,2.784,0
-9.462,-2.031,2.48,0
-9.461,-1.807,2.16,0
-9.553,-1.646,2.001,0
-9.832,-1.581,2.072,0
-10.219,-1.506,2.394,0
-10.513,-1.451,2.827,0
-10.486,-1.342,3.027,0
-10.227,-1.173,2.954,0
-10.022,-0.999,2.746,0
-9.871,-0.855,2.486,0
-9.699,-0.765,2.4,0
-9.516,-0.791,2.517,0
-9.37,-0.87,2.692,0
-9.242,-0.982,2.85,0
-9.099,-1.079,2.874,0
-8.98,-1.164,2.802,0
-8.864,-1.281,2.675,0
-8.763,-1.37,2.535,0
-8.734,-1.415,2.452,0
-8.786,-1.46,2.416,0
-8.837,-1.469,2.382,0
-8.873,-1.487,2.475,0
-8.835,-1.479,2.612,0
-8.749,-1.493,2.642,0
-8.661,-1.518,2.601,0
-8.644,-1.545,2.507,0
-8.723,-1.543,2.41,0
-8.874,-1.565,2.301,0
-8.962,-1.573,2.186,0
-8.966,-1.557,2.112,0
-8.944,-1.547,2.023,0
-8.965,-1.523,1.94,0
-9.033,-1.493,1.89,0
-9.132,-1.476,1.849,0
-9.208,-1.458,1.844,0
-9.221,-1.42,1.863,0
-9.224,-1.382,1.874,0
-9.231,-1.359,1.849,0
-9.233,-1.352,1.843,0
-9.265,-1.34,1.857,0
-9.305,-1.344,1.873,0
-9.301,-1.36,1.893,0
-9.211,-1.373,1.897,0
-9.05,-1.421,1.861,0
-8.988,-1.471,1.802,0
-9.028,-1.476,1.762,0
-9.168,-1.475,1.741,0
-9.355,-1.467,1.741,0
-9.533,-1.55,1.854,0
-9.713,-1.677,2.004,0
-9.918,-1.845,2.277,0
-10.259,-1.969,2.645,0
-10.665,-1.877,3.016,0
-10.839,-1.649,3.17,0
-10.758,-1.367,2.951,0
-10.549,-1.059,2.562,0
-10.188,-0.905,2.209,0
-9.719,-0.9,2.161,0
-9.395,-1.018,2.338,0
-9.275,-1.081,2.535,0
-9.18,-1.069,2.61,0
-9.071,-0.96,2.549,0
-9.053,-0.832,2.304,0
-9.099,-0.72,1.892,0
-9.07,-0.579,1.63,0
-9.101,-0.448,1.578,0
-9.322,-0.32,1.679,0
-9.61,-0.217,1.98,0
-9.778,-0.183,2.355,0
-9.799,-0.257,2.68,0
-9.772,-0.402,2.868,0
-9.714,-0.557,2.953,0
-9.623,-0.725,3.016,0
-9.603,-0.889,3.118,0
-9.598,-0.994,3.286,0
-9.464,-1.016,3.475,0
-9.22,-0.963,3.534,0
-8.966,-0.908,3.412,0
-8.807,-0.866,3.2,0
-8.706,-0.799,2.98,0
-8.611,-0.75,2.864,0
-8.472,-0.657,2.849,0
-8.323,-0.525,2.982,0
-8.237,-0.471,3.236,0
-8.326,-0.478,3.576,0
-8.462,-0.46,3.858,0
-8.595,-0.367,3.985,0
-8.697,-0.195,3.81,0
-8.743,0.037,3.476,0
-8.758,0.205,3.278,0
-8.805,0.26,3.284,0
-8.916,0.145,3.431,0
-9.035,-0.056,3.584,0
-9.127,-0.227,3.573,0
-9.128,-0.378,3.447,0
-9.118,-0.594,3.346,0
-9.227,-0.816,3.34,0
-9.451,-1.01,3.336,0
-9.608,-1.073,3.241,0
-9.639,-0.967,3.15,0
-9.61,-0.693,2.994,0
-9.586,-0.374,2.901,0
-9.559,-0.114,2.89,0
-9.521,0.056,2.955,0
-9.473,0.141,3.04,0
-9.413,0.196,3.114,0
-9.364,0.231,3.108,0
-9.303,0.278,3.092,0
-9.252,0.302,3.024,0
-9.149,0.316,2.931,0
-8.98,0.317,2.818,0
-8.747,0.314,2.669,0
-8.54,0.239,2.516,0
-8.361,0.121,2.405,0
-8.192,0.024,2.339,0
-8.019,-0.057,2.342,0
-7.874,-0.111,2.353,0
-7.782,-0.079,2.342,0
-7.734,0.078,2.184,0
-7.715,0.264,2.075,0
-7.817,0.403,2.116,0
-8.031,0.411,2.228,0
-8.232,0.425,2.344,0
-8.413,0.3,2.534,0
-8.64,0.071,2.599,0
-8.868,-0.269,2.788,0
-9.13,-0.717,3.122,0
-9.53,-1.226,3.597,0
-10.094,-1.651,3.903,0
-10.459,-1.83,3.942,0
-10.59,-1.911,4.292,0
-11.013,-2.028,4.475,0
-11.608,-1.733,4.242,0
-12.119,-0.942,3.665,0
-12.109,0.009,2.662,0
-11.506,0.573,2.09,0
-10.673,0.565,2.532,0
-9.923,0.188,3.429,0
-9.471,-0.441,4.344,0
-9.339,-1.066,4.69,0
-9.224,-1.38,4.304,0
-8.944,-1.364,3.532,0
-8.579,-1.29,2.759,0
-8.248,-1.385,2.415,0
-8.073,-1.618,2.566,0
-8.056,-1.865,2.919,0
-8.173,-2.042,3.204,0
-8.377,-2.214,3.204,0
-8.564,-2.377,3.006,0
-8.652,-2.465,2.762,0
-8.795,-2.572,2.616,0
-9.091,-2.644,2.761,0
-9.58,-2.545,3.043,0
-10.073,-2.172,3.226,0
-10.357,-1.648,3.131,0
-10.374,-1.142,2.828,0
-10.231,-0.819,2.492,0
-9.914,-0.706,2.33,0
-9.535,-0.757,2.404,0
-9.286,-0.916,2.547,0
-9.181,-1.147,2.687,0
-9.022,-1.366,2.689,0
-8.785,-1.507,2.545,0
-8.613,-1.639,2.41,0
-8.529,-1.694,2.367,0
-8.508,-1.741,2.404,0
-8.541,-1.783,2.457,0
-8.595,-1.825,2.534,0
-8.653,-1.853,2.583,0
-8.61,-1.849,2.574,0
-8.564,-1.816,2.565,0
-8.565,-1.779,2.528,0
-8.538,-1.736,2.468,0
-8.483,-1.639,2.441,0
-8.512,-1.561,2.368,0
-8.576,-1.49,2.242,0
-8.646,-1.452,2.147,0
-8.752,-1.43,2.037,0
-8.881,-1.437,1.951,0
-8.943,-1.488,1.878,0
-8.945,-1.611,1.825,0
-8.921,-1.718,1.797,0
-8.942,-1.791,1.786,0
-9.115,-1.836,1.743,0
-9.277,-1.86,1.613,0
-9.309,-1.924,1.537,0
-9.421,-2.001,1.652,0
-9.565,-2.026,1.848,0
-9.552,-2.0,1.967,0
-9.436,-1.922,1.895,0
-9.507,-1.831,2.087,0
-9.954,-1.676,2.311,0
-10.254,-1.561,2.436,0
-10.405,-1.6,2.582,0
-10.738,-1.5,2.715,0
-11.027,-1.21,2.846,0
-11.108,-1.053,2.661,0
-10.95,-1.078,2.378,0
-10.555,-1.224,2.365,0
-10.218,-1.432,2.597,0
-10.186,-1.592,2.894,0
-10.301,-1.6,3.137,0
-10.344,-1.523,3.34,0
-10.289,-1.434,3.499,0
-10.145,-1.256,3.49,0
-9.805,-0.952,3.294,0
-9.243,-0.531,2.998,0
-8.696,-0.204,2.832,0
-8.38,-0.077,2.907,0
-8.286,-0.04,3.235,0
-8.234,0.046,3.645,0
-8.134,0.132,3.946,0
-8.031,0.196,4.006,0
-7.991,0.251,3.821,0
-8.025,0.375,3.468,0
-8.077,0.566,3.154,0
-8.127,0.697,3.032,0
-8.214,0.705,3.152,0
-8.265,0.586,3.373,0
-8.304,0.351,3.66,0
-8.337,0.105,3.879,0
-8.371,-0.1,3.892,0
-8.444,-0.191,3.67,0
-8.542,-0.25,3.397,0
-8.693,-0.38,3.289,0
-8.869,-0.546,3.391,0
-9.168,-0.783,3.612,0
-9.564,-0.959,3.746,0
-9.85,-0.946,3.681,0
-9.987,-0.715,3.403,0
-9.974,-0.377,3.034,0
-9.892,-0.133,2.831,0
-9.727,-0.042,2.902,0
-9.58,-0.076,3.137,0
-9.549,-0.177,3.371,0
-9.56,-0.193,3.432,0
-9.473,-0.158,3.366,0
-9.313,-0.109,3.181,0
-9.144,-0.062,3.021,0
-9.034,-0.061,2.935,0
-8.941,-0.101,2.982,0
-8.841,-0.15,3.038,0
-8.73,-0.156,3.059,0
-8.65,-0.138,3.058,0
-8.648,-0.101,3.018,0
-8.654,-0.046,2.936,0
-8.633,0.03,2.824,0
-8.64,0.103,2.698,0
-8.679,0.107,2.605,0
-8.685,0.07,2.572,0
-8.661,-0.021,2.59,0
-8.563,-0.064,2.525,0
-8.379,-0.003,2.413,0
-8.219,0.109,2.337,0
-8.175,0.212,2.3,0
-8.252,0.233,2.363,0
-8.396,0.218,2.47,0
-8.585,0.197,2.545,0
-8.743,0.174,2.563,0
-8.84,0.157,2.49,0
-8.857,0.141,2.331,0
-8.836,0.097,2.167,0
-8.832,0.003,2.014,0
-8.861,-0.152,1.953,0
-8.98,-0.389,1.955,0
-9.196,-0.675,1.965,0
-9.378,-0.836,2.015,0
-9.458,-1.046,2.248,0
-9.553,-1.482,2.976,0
-9.994,-2.24,4.028,0
-10.898,-3.173,4.851,0
-11.863,-3.66,5.004,0
-12.396,-3.188,4.382,0
-12.216,-1.929,3.22,0
-11.585,-0.416,2.032,0
-10.942,0.512,1.665,0
-10.404,0.876,1.802,0
-9.949,0.88,2.278,0
-9.395,0.555,3.041,0
-8.816,0.073,3.579,0
-8.376,-0.383,3.697,0
-8.118,-0.71,3.44,0
-7.958,-0.929,3.09,0
-7.934,-1.036,2.983,0
-8.072,-1.164,3.054,0
-8.332,-1.409,3.253,0
-8.61,-1.65,3.432,0
-8.775,-1.906,3.525,0
-8.855,-2.096,3.494,0
-8.822,-2.218,3.263,0
-8.77,-2.315,2.976,0
-8.848,-2.333,2.708,0
-9.073,-2.254,2.561,0
-9.415,-2.133,2.521,0
-9.795,-1.986,2.545,0
-10.217,-1.819,2.654,0
-10.575,-1.559,2.706,0
-10.758,-1.241,2.656,0
-10.761,-0.972,2.518,0
-10.583,-0.763,2.398,0
-10.303,-0.671,2.35,0
-10.023,-0.725,2.384,0
-9.803,-0.872,2.506,0
-9.654,-1.034,2.551,0
-9.508,-1.158,2.495,0
-9.339,-1.241,2.414,0
-9.165,-1.269,2.328,0
-9.017,-1.28,2.275,0
-8.935,-1.286,2.273,0
-8.916,-1.356,2.328,0
-8.946,-1.452,2.398,0
-8.934,-1.53,2.485,0
-8.89,-1.565,2.539,0
-8.847,-1.546,2.461,0
-8.759,-1.456,2.352,0
-8.693,-1.359,2.158,0
-8.649,-1.281,2.009,0
-8.63,-1.221,1.916,0
-8.593,-1.205,1.907,0
-8.541,-1.274,1.916,0
-8.485,-1.385,1.934,0
-8.478,-1.514,1.937,0
-8.564,-1.638,1.899,0
-8.714,-1.712,1.833,0
-8.846,-1.775,1.757,0
-8.94,-1.804,1.705,0
-9.016,-1.844,1.651,0
-9.086,-1.85,1.617,0
-9.16,-1.817,1.612,0
-9.2,-1.762,1.565,0
-9.214,-1.69,1.499,0
-9.227,-1.643,1.479,0
-9.271,-1.572,1.393,0
-9.285,-1.482,1.359,0
-9.342,-1.351,1.411,0
-9.448,-1.251,1.842,0
-9.805,-1.184,2.491,0
-10.09,-1.169,2.997,0
-10.158,-1.141,3.107,0
-10.424,-0.981,2.599,0
-10.473,-0.728,1.89,0
-10.431,-0.69,1.517,0
-10.414,-0.897,1.79,0
-10.359,-1.241,2.36,0
-10.371,-1.625,2.756,0
-10.499,-1.913,2.977,0
-10.736,-2.015,3.087,0
-10.972,-1.886,3.219,0
-11.243,-1.636,3.455,0
-11.318,-1.371,3.727,0
-11.028,-1.049,3.86,0
-10.542,-0.683,3.78,0
-10.01,-0.287,3.567,0
-9.342,-0.006,3.329,0
-8.659,0.114,3.137,0
-8.128,0.074,3.137,0
-7.822,-0.044,3.311,0
-7.653,-0.163,3.399,0
-7.434,-0.183,3.335,0
-7.179,-0.07,3.192,0
-6.983,0.093,3.075,0
-7.055,0.228,3.125,0
-7.479,0.358,3.283,0
-7.961,0.494,3.615,0
-8.324,0.621,4.031,0
-8.556,0.716,4.169,0
-8.617,0.756,3.986,0
-8.487,0.761,3.662,0
-8.315,0.625,3.436,0
-8.299,0.308,3.405,0
-8.439,-0.126,3.466,0
-8.667,-0.536,3.46,0
-8.92,-0.88,3.425,0
-9.184,-1.121,3.292,0
-9.425,-1.171,3.095,0
-9.613,-1.046,2.859,0
-9.786,-0.751,2.666,0
-9.999,-0.39,2.569,0
-10.183,-0.14,2.553,0
-10.255,-0.017,2.589,0
-10.121,0.059,2.586,0
-9.869,0.112,2.609,0
-9.678,0.117,2.643,0
-9.525,0.057,2.711,0
-9.391,-0.034,2.816,0
-9.23,-0.131,2.913,0
-9.044,-0.197,2.992,0
-8.881,-0.234,3.022,0
-8.76,-0.282,3.035,0
-8.645,-0.291,2.988,0
-8.542,-0.229,2.891,0
-8.43,-0.078,2.723,0
-8.317,0.06,2.595,0
-8.229,0.168,2.51,0
-8.109,0.205,2.563,0
-8.024,0.208,2.685,0
-7.976,0.205,2.793,0
-7.967,0.225,2.827,0
-8.02,0.27,2.712,0
-8.075,0.318,2.56,0
-8.185,0.3,2.479,0
-8.375,0.196,2.421,0
-8.652,0.043,2.435,0
-8.974,-0.173,2.523,0
-9.192,-0.457,2.723,0
-9.384,-0.765,3.0,0
-9.651,-1.139,3.531,0
-10.122,-1.579,4.043,0
-10.628,-1.925,4.003,0
-10.675,-1.698,3.783,0
-10.527,-1.345,3.684,0
-10.629,-1.19,3.345,0
-10.858,-0.961,3.028,0
-10.846,-0.54,2.678,0
-10.546,-0.127,2.384,0
-10.143,0.174,2.509,0
-9.646,0.355,2.841,0
-9.216,0.319,3.2,0
-8.976,0.065,3.49,0
-8.931,-0.197,3.501,0
-8.855,-0.425,3.275,0
-8.717,-0.674,3.023,0
-8.501,-0.957,2.871,0
-8.331,-1.285,2.74,0
-8.289,-1.666,2.698,0
-8.415,-2.08,2.789,0
-8.66,-2.461,2.929,0
-8.918,-2.748,2.967,0
-9.105,-2.871,2.87,0
-9.197,-2.8,2.715,0
-9.236,-2.594,2.551,0
-9.33,-2.384,2.494,0
-9.6,-2.168,2.598,0
-10.007,-1.955,2.862,0
-10.467,-1.665,3.165,0
-10.749,-1.31,3.401,0
-10.736,-0.984,3.374,0
-10.468,-0.762,3.074,0
-10.063,-0.736,2.804,0
-9.7,-0.838,2.571,0
-9.489,-1.043,2.353,0
-9.454,-1.266,2.213,0
-9.417,-1.474,2.231,0
-9.295,-1.66,2.326,0
-9.13,-1.784,2.383,0
-8.967,-1.83,2.375,0
-8.883,-1.902,2.321,0
-8.861,-1.951,2.278,0
-8.866,-1.939,2.335,0
-8.869,-1.878,2.349,0
-8.877,-1.829,2.368,0
-8.836,-1.699,2.314,0
-8.645,-1.52,2.301,0
-8.416,-1.369,2.23,0
-8.266,-1.232,2.191,0
-8.193,-1.193,2.229,0
-8.131,-1.254,2.302,0
-8.105,-1.442,2.388,0
-8.205,-1.663,2.372,0
-8.34,-1.858,2.242,0
-8.481,-2.006,2.086,0
-8.651,-1.981,1.917,0
-8.707,-1.865,1.725,0
-8.687,-1.802,1.542,0
-8.794,-1.776,1.417,0
-8.995,-1.761,1.427,0
-9.283,-1.761,1.474,0
-9.487,-1.74,1.585,0
-9.585,-1.68,1.892,0
-9.737,-1.525,2.077,0
-9.887,-1.265,1.931,0
-9.912,-1.09,1.456,0
-10.096,-1.102,1.398,0
-10.69,-1.108,2.058,0
-11.409,-1.04,3.083,0
-11.896,-1.017,3.66,0
-11.926,-0.996,3.542,0
-11.372,-0.957,3.099,0
-10.643,-1.06,2.715,0
-10.188,-1.235,2.558,0
-10.124,-1.384,2.729,0
-10.309,-1.431,3.176,0
-10.357,-1.289,3.772,0
-9.995,-1.048,4.126,0
-9.364,-0.759,3.978,0
-8.762,-0.51,3.458,0
-8.315,-0.282,3.029,0
-8.059,-0.038,3.116,0
-8.033,0.152,3.509,0
-8.193,0.319,3.805,0
-8.369,0.58,3.858,0
-8.336,0.879,3.702,0
-8.239,1.015,3.388,0
-8.231,0.967,3.164,0
-8.279,0.751,3.208,0
-8.367,0.416,3.411,0
-8.43,0.074,3.536,0
-8.475,-0.243,3.548,0
-8.542,-0.561,3.609,0
-8.65,-0.86,3.818,0
-8.893,-1.135,3.961,0
-9.243,-1.28,3.855,0
-9.603,-1.15,3.521,0
-9.769,-0.767,3.062,0
-9.751,-0.345,2.718,0
-9.713,-0.092,2.629,0
-9.69,0.004,2.778,0
-9.659,0.051,2.988,0
-9.61,0.059,3.137,0
-9.495,0.066,3.112,0
-9.342,0.114,3.024,0
-9.269,0.182,2.927,0
-9.274,0.252,2.877,0
-9.244,0.301,2.904,0
-9.127,0.341,2.935,0
-8.949,0.336,2.98,0
-8.744,0.255,2.978,0
-8.551,0.141,2.926,0
-8.426,0.06,2.91,0
-8.391,0.033,2.881,0
-8.446,0.015,2.842,0
-8.532,-0.023,2.712,0
-8.562,-0.021,2.619,0
-8.549,0.034,2.57,0
-8.545,0.05,2.57,0
-8.493,0.078,2.544,0
-8.391,0.139,2.497,0
-8.305,0.194,2.457,0
-8.254,0.207,2.4,0
-8.268,0.137,2.353,0
-8.323,0.023,2.262,0
-8.37,-0.101,2.252,0
-8.463,-0.282,2.319,0
-8.616,-0.474,2.33,0
-8.775,-0.635,2.345,0
-8.878,-0.673,2.342,0
-8.97,-0.674,2.286,0
-9.1,-0.733,2.351,0
-9.394,-0.953,3.009,0
-10.022,-1.488,3.966,0
-10.849,-2.137,4.409,0
-11.451,-2.431,4.548,0
-11.771,-2.276,4.178,0
-11.907,-1.715,3.109,0
-11.775,-0.863,2.138,0
-11.398,-0.119,1.734,0
-10.917,0.248,1.875,0
-10.375,0.33,2.408,0
-9.842,0.209,2.993,0
-9.357,-0.057,3.356,0
-8.938,-0.343,3.406,0
-8.636,-0.572,3.207,0
-8.389,-0.7,2.911,0
-8.141,-0.794,2.667,0
-7.928,-0.959,2.679,0
-7.807,-1.263,2.906,0
-7.798,-1.656,3.269,0
-7.973,-2.03,3.513,0
-8.276,-2.355,3.464,0
-8.586,-2.583,3.268,0
-8.827,-2.685,3.034,0
-9.02,-2.635,2.891,0
-9.22,-2.525,2.849,0
-9.42,-2.334,2.927,0
-9.586,-2.041,2.956,0
-9.768,-1.708,2.872,0
-10.016,-1.457,2.786,0
-10.282,-1.254,2.787,0
-10.471,-1.085,2.863,0
-10.458,-0.981,2.933,0
-10.221,-0.907,2.881,0
-9.831,-0.915,2.695,0
-9.439,-0.982,2.442,0
-9.173,-1.119,2.255,0
-9.085,-1.34,2.172,0
-9.01,-1.562,2.21,0
-8.945,-1.716,2.32,0
-8.862,-1.782,2.447,0
-8.815,-1.815,2.481,0
-8.821,-1.819,2.425,0
-8.839,-1.808,2.345,0
-8.885,-1.769,2.339,0
-8.956,-1.716,2.454,0
-9.011,-1.665,2.52,0
-9.05,-1.561,2.533,0
-9.052,-1.434,2.459,0
-9.039,-1.328,2.39,0
-9.018,-1.216,2.413,0
-9.001,-1.18,2.469,0
-8.937,-1.187,2.495,0
-8.851,-1.223,2.475,0
-8.738,-1.225,2.422,0
-8.656,-1.275,2.343,0
-8.579,-1.32,2.231,0
-8.512,-1.339,2.113,0
-8.483,-1.376,1.941,0
-8.443,-1.405,1.691,0
-8.363,-1.49,1.528,0
-8.466,-1.549,1.481,0
-8.671,-1.546,1.571,0
-8.91,-1.517,1.77,0
-9.167,-1.449,1.975,0
-9.315,-1.354,2.222,0
-9.499,-1.252,2.412,0
-9.746,-1.103,2.442,0
-9.924,-0.941,2.127,0
-9.985,-0.923,1.873,0
-10.4,-0.931,1.949,0
-11.092,-0.847,2.57,0
-11.472,-0.872,3.151,0
-11.335,-1.115,3.246,0
-10.726,-1.418,3.169,0
-10.261,-1.634,3.214,0
-10.253,-1.796,3.188,0
-10.389,-1.726,3.039,0
-10.425,-1.499,3.074,0
-10.399,-1.267,3.122,0
-10.201,-0.992,3.317,0
-9.713,-0.679,3.529,0
-9.11,-0.441,3.504,0
-8.639,-0.24,3.293,0
-8.345,-0.03,3.055,0
-8.226,0.127,2.98,0
-8.278,0.196,3.132,0
-8.375,0.275,3.305,0
-8.427,0.411,3.299,0
-8.31,0.555,3.077,0
-8.206,0.611,2.816,0
-8.31,0.471,2.623,0
-8.55,0.133,2.674,0
-8.833,-0.261,3.018,0
-9.005,-0.65,3.384,0
-8.973,-0.938,3.613,0
-8.802,-1.057,3.633,0
-8.645,-1.031,3.438,0
-8.581,-0.906,3.156,0
-8.65,-0.741,2.949,0
-8.848,-0.566,2.919,0
-9.016,-0.393,2.972,0
-9.079,-0.226,3.027,0
-9.111,-0.104,3.125,0
-9.136,-0.043,3.352,0
-9.218,-0.046,3.587,0
-9.421,-0.119,3.721,0
-9.638,-0.129,3.588,0
-9.685,-0.006,3.262,0
-9.582,0.226,2.939,0
-9.361,0.333,2.841,0
-9.175,0.262,2.995,0
-9.224,0.099,3.201,0
-9.423,-0.054,3.268,0
-9.539,-0.119,3.129,0
-9.503,-0.102,2.859,0
-9.435,-0.075,2.594,0
-9.377,-0.049,2.358,0
-9.278,-0.033,2.241,0
-9.155,-0.066,2.284,0
-9.036,-0.111,2.373,0
-8.93,-0.152,2.54,0
-8.854,-0.191,2.688,0
-8.775,-0.183,2.764,0
-8.709,-0.108,2.807,0
-8.652,-0.021,2.811,0
-8.664,0.05,2.778,0
-8.665,0.119,2.716,0
-8.637,0.186,2.644,0
-8.552,0.221,2.534,0
-8.479,0.231,2.48,0
-8.45,0.217,2.491,0
-8.486,0.142,2.585,0
-8.645,-0.028,2.746,0
-8.907,-0.264,2.846,0
-9.188,-0.462,2.903,0
-9.382,-0.589,2.966,0
-9.556,-0.719,2.96,0
-9.664,-0.779,2.869,0
-9.773,-0.7,2.763,0
-9.817,-0.487,2.537,0
-9.751,-0.248,2.595,0
-9.829,-0.203,2.956,0
-10.025,-0.329,3.21,0
-10.283,-0.418,3.29,0
-10.471,-0.343,3.244,0
-10.519,-0.205,3.072,0
-10.531,-0.258,3.021,0
-10.513,-0.439,3.235,0
-10.354,-0.63,3.678,0
-9.945,-0.709,4.186,0
-9.364,-0.78,4.536,0
-8.792,-0.885,4.455,0
-8.297,-0.906,3.954,0
-7.872,-1.003,3.28,0
-7.708,-1.239,2.728,0
-7.706,-1.558,2.499,0
-7.811,-1.927,2.719,0
-8.029,-2.271,3.112,0
-8.188,-2.514,3.376,0
-8.247,-2.618,3.352,0
-8.238,-2.564,3.165,0
-8.374,-2.42,2.949,0
-8.719,-2.266,2.85,0
-9.219,-2.149,3.02,0
-9.928,-1.993,3.36,0
-10.629,-1.72,3.723,0
-10.978,-1.358,3.851,0
-10.794,-0.989,3.583,0
-10.312,-0.794,3.223,0
-9.878,-0.869,2.942,0
-9.589,-1.065,2.757,0
-9.545,-1.272,2.628,0
-9.591,-1.485,2.493,0
-9.476,-1.64,2.413,0
-9.295,-1.753,2.296,0
-9.183,-1.826,2.166,0
-9.068,-1.833,2.027,0
-8.899,-1.814,1.938,0
-8.75,-1.808,1.933,0
-8.593,-1.795,1.96,0
-8.462,-1.781,2.066,0
-8.398,-1.753,2.106,0
-8.281,-1.737,2.016,0
-8.093,-1.728,1.838,0
-7.905,-1.758,1.761,0
-7.881,-1.761,1.876,0
-7.858,-1.762,2.129,0
-7.951,-1.885,2.366,0
-8.22,-1.865,2.54,0
-8.518,-1.727,2.675,0
-8.983,-1.558,2.567,0
-9.412,-1.33,2.461,0
-9.621,-1.106,2.206,0
-9.789,-1.06,2.053,0
-10.318,-1.077,2.215,0
-10.984,-0.972,2.877,0
-11.258,-0.899,3.596,0
-10.965,-0.901,3.636,0
-10.488,-1.015,3.636,0
-10.431,-1.194,3.857,0
-10.762,-1.229,3.981,0
-11.038,-1.118,3.987,0
-10.932,-0.974,4.027,0
-10.403,-0.682,4.135,0
-9.78,-0.287,4.209,0
-9.251,0.051,4.1,0
-8.869,0.296,3.882,0
-8.657,0.554,3.674,0
-8.439,0.833,3.725,0
-8.223,1.014,3.865,0
-8.252,1.145,4.02,0
-8.395,1.282,4.029,0
-8.412,1.404,3.828,0
-8.328,1.348,3.607,0
-8.372,1.051,3.475,0
-8.576,0.707,3.526,0
-8.798,0.361,3.76,0
-9.064,-0.101,3.968,0
-9.418,-0.53,3.993,0
-9.73,-0.708,3.798,0
-9.817,-0.687,3.44,0
-9.723,-0.561,3.064,0
-9.63,-0.427,2.808,0
-9.635,-0.278,2.7,0
-9.665,-0.202,2.637,0
-9.622,-0.149,2.679,0
-9.521,-0.083,2.749,0
-9.375,-0.036,2.801,0
-9.156,0.093,2.789,0
-8.996,0.221,2.787,0
-8.867,0.365,2.778,0
-8.683,0.508,2.829,0
-8.473,0.599,2.91,0
-8.294,0.607,3.014,0
-8.149,0.578,3.118,0
-8.08,0.582,3.139,0
-8.067,0.605,3.011,0
-8.053,0.601,2.813,0
-8.048,0.559,2.659,0
-8.05,0.447,2.581,0
-8.017,0.347,2.574,0
-7.997,0.232,2.601,0
-8.04,0.116,2.613,0
-8.132,0.027,2.592,0
-8.281,-0.076,2.563,0
-8.457,-0.163,2.485,0
-8.599,-0.176,2.435,0
-8.701,-0.159,2.43,0
-8.739,-0.138,2.503,0
-8.803,-0.124,2.598,0
-8.88,-0.093,2.693,0
-8.975,-0.06,2.735,0
-9.008,-0.04,2.749,0
-9.003,-0.012,2.656,0
-9.046,-0.057,2.511,0
-9.102,-0.166,2.455,0
-9.201,-0.326,2.572,0
-9.413,-0.779,2.937,0
-9.953,-1.545,3.555,0
-10.644,-2.289,3.866,0
-11.19,-2.685,3.964,0
-11.456,-2.607,3.625,0
-11.503,-2.016,2.825,0
-11.535,-1.147,2.055,0
-11.431,-0.396,1.523,0
-11.118,0.145,1.352,0
-10.555,0.425,1.767,0
-9.88,0.356,2.762,0
-9.37,0.06,3.562,0
-9.006,-0.332,4.088,0
-8.757,-0.647,4.193,0
-8.576,-0.851,3.953,0
-8.418,-0.975,3.718,0
-8.254,-1.078,3.646,0
-8.139,-1.226,3.845,0
-8.174,-1.431,4.111,0
-8.277,-1.607,4.141,0
-8.338,-1.704,3.929,0
-8.368,-1.825,3.534,0
-8.332,-2.024,3.273,0
-8.352,-2.204,3.246,0
-8.526,-2.303,3.253,0
-8.812,-2.343,3.234,0
-9.114,-2.244,3.158,0
-9.403,-2.057,3.066,0
-9.702,-1.841,2.948,0
-10.079,-1.549,2.9,0
-10.433,-1.235,2.964,0
-10.607,-0.962,2.979,0
-10.549,-0.795,2.923,0
-10.319,-0.737,2.86,0
-9.996,-0.77,2.755,0
-9.776,-0.904,2.742,0
-9.654,-1.05,2.78,0
-9.578,-1.159,2.839,0
-9.497,-1.268,2.92,0
-9.365,-1.32,2.983,0
-9.153,-1.362,2.96,0
-8.988,-1.351,2.843,0
-8.876,-1.346,2.766,0
-8.804,-1.334,2.734,0
-8.743,-1.317,2.738,0
-8.709,-1.335,2.702,0
-8.674,-1.369,2.658,0
-8.659,-1.37,2.603,0
-8.622,-1.425,2.594,0
-8.548,-1.524,2.606,0
-8.44,-1.64,2.554,0
-8.371,-1.73,2.418,0
-8.361,-1.801,2.235,0
-8.34,-1.81,2.057,0
-8.386,-1.769,1.946,0
-8.446,-1.776,1.811,0
-8.429,-1.736,1.65,0
-8.355,-1.72,1.51,0
-8.394,-1.701,1.532,0
-8.584,-1.621,1.711,0
-8.789,-1.531,1.896,0
-9.057,-1.403,2.064,0
-9.482,-1.234,2.423,0
-9.996,-1.059,2.894,0
-10.387,-0.878,3.123,0
-10.231,-0.676,2.8,0
-9.851,-0.43,2.285,0
-9.958,-0.206,2.146,0
-10.304,-0.198,2.436,0
-10.499,-0.373,2.893,0
-10.221,-0.678,3.058,0
-9.72,-0.986,2.981,0
-9.589,-1.276,2.893,0
-9.972,-1.571,2.955,0
-10.59,-1.757,3.111,0
-11.06,-1.709,3.276,0
-11.143,-1.518,3.351,0
-10.909,-1.261,3.384,0
-10.509,-1.061,3.512,0
-10.14,-0.977,3.639,0
-9.848,-0.946,3.67,0
-9.492,-0.893,3.502,0
-9.063,-0.783,3.276,0
-8.621,-0.651,3.098,0
-8.286,-0.546,3.005,0
-8.02,-0.438,3.02,0
-7.834,-0.321,3.022,0
-7.753,-0.218,3.017,0
-7.7,-0.137,2.988,0
-7.618,-0.059,2.993,0
-7.525,0.006,2.996,0
-7.464,0.073,2.981,0
-7.513,0.154,3.035,0
-7.654,0.174,3.231,0
-7.987,0.132,3.418,0
-8.442,0.074,3.564,0
-8.721,0.054,3.68,0
-8.852,0.09,3.731,0
-8.927,0.107,3.637,0
-8.99,0.103,3.433,0
-9.089,0.08,3.248,0
-9.178,0.06,3.168,0
-9.272,-0.024,3.284,0
-9.421,-0.158,3.56,0
-9.674,-0.271,3.75,0
-10.0,-0.344,3.673,0
-10.249,-0.274,3.299,0
-10.37,-0.073,2.825,0
-10.277,0.121,2.411,0
-10.026,0.237,2.23,0
-9.841,0.197,2.342,0
-9.785,0.057,2.67,0
-9.719,-0.077,2.956,0
-9.596,-0.146,3.01,0
-9.432,-0.17,2.862,0
-9.312,-0.153,2.682,0
-9.241,-0.101,2.562,0
-9.179,-0.045,2.575,0
-9.05,-0.018,2.67,0
-8.861,0.01,2.799,0
-8.651,0.083,2.884,0
-8.481,0.208,2.907,0
-8.335,0.341,2.848,0
-8.158,0.451,2.696,0
-8.042,0.517,2.497,0
-8.031,0.514,2.354,0
-8.118,0.459,2.287,0
-8.231,0.38,2.319,0
-8.325,0.307,2.373,0
-8.357,0.299,2.371,0
-8.376,0.284,2.378,0
-8.454,0.254,2.324,0
-8.546,0.195,2.263,0
-8.654,0.077,2.304,0
-8.764,-0.096,2.395,0
-8.955,-0.471,2.511,0
-9.216,-0.94,2.956,0
-9.71,-1.563,3.749,0
-10.501,-2.26,4.096,0
-11.164,-2.547,4.329,0
-11.458,-2.493,4.422,0
-11.604,-2.101,3.83,0
-11.735,-1.173,2.951,0
-11.741,-0.271,2.268,0
-11.574,0.271,1.804,0
-11.135,0.468,1.966,0
-10.398,0.473,2.607,0
-9.69,0.345,3.023,0
-9.266,0.03,3.271,0
-9.026,-0.296,3.357,0
-8.836,-0.596,3.104,0
-8.654,-0.864,2.901,0
-8.487,-1.089,3.041,0
-8.33,-1.261,3.339,0
-8.141,-1.345,3.441,0
-8.0,-1.401,3.393,0
-7.977,-1.48,3.192,0
-7.978,-1.646,3.016,0
-7.97,-1.83,2.96,0
-8.036,-1.985,2.973,0
-8.169,-2.1,2.987,0
-8.38,-2.172,2.999,0
-8.691,-2.165,3.006,0
-9.084,-2.112,2.999,0
-9.433,-2.014,2.934,0
-9.697,-1.854,2.733,0
-9.877,-1.617,2.566,0
-9.993,-1.39,2.419,0
-10.146,-1.269,2.385,0
-10.354,-1.247,2.464,0
-10.479,-1.305,2.508,0
-10.379,-1.384,2.494,0
-10.078,-1.418,2.412,0
-9.747,-1.444,2.299,0
-9.565,-1.48,2.154,0
-9.476,-1.553,2.051,0
-9.398,-1.628,2.04,0
-9.301,-1.66,2.116,0
-9.222,-1.647,2.209,0
-9.192,-1.603,2.251,0
-9.151,-1.57,2.286,0
-9.082,-1.544,2.342,0
-9.026,-1.552,2.452,0
-8.999,-1.539,2.592,0
-8.968,-1.472,2.692,0
-8.954,-1.374,2.694,0
-8.924,-1.284,2.73,0
-8.864,-1.219,2.762,0
-8.816,-1.144,2.759,0
-8.813,-1.041,2.679,0
-8.868,-0.984,2.587,0
-8.938,-0.996,2.526,0
-8.975,-1.035,2.438,0
-8.965,-1.119,2.384,0
-8.943,-1.203,2.287,0
-8.939,-1.324,2.14,0
-8.981,-1.449,1.974,0
-9.093,-1.503,1.829,0
-9.177,-1.479,1.721,0
-9.238,-1.423,1.658,0
-9.216,-1.427,1.732,0
-9.124,-1.424,1.831,0
-9.062,-1.373,1.711,0
-9.073,-1.366,1.429,0
-8.987,-1.417,1.225,0
-8.744,-1.49,1.192,0
-8.498,-1.588,1.348,0
-8.407,-1.687,1.599,0
-8.407,-1.735,1.797,0
-8.496,-1.758,1.903,0
-8.64,-1.737,1.933,0
-8.903,-1.691,2.021,0
-9.324,-1.574,2.218,0
-9.688,-1.415,2.498,0
-9.956,-1.287,2.991,0
-10.491,-1.066,3.449,0
-11.028,-0.646,3.647,0
-11.118,-0.325,3.573,0
-10.686,-0.269,3.342,0
-9.859,-0.532,3.219,0
-9.235,-1.046,3.073,0
-9.238,-1.518,2.949,0
-9.545,-1.798,2.907,0
-9.786,-1.913,2.905,0
-9.848,-1.876,2.93,0
-9.832,-1.778,2.984,0
-9.828,-1.603,2.985,0
-9.765,-1.343,2.893,0
-9.662,-1.122,2.796,0
-9.485,-1.003,2.671,0
-9.219,-0.9,2.641,0
-8.965,-0.777,2.619,0
-8.832,-0.701,2.616,0
-8.819,-0.649,2.692,0
-8.92,-0.554,2.806,0
-9.103,-0.422,3.007,0
-9.28,-0.318,3.226,0
-9.418,-0.213,3.327,0
-9.426,-0.096,3.357,0
-9.264,0.025,3.341,0
-8.951,0.121,3.293,0
-8.683,0.149,3.228,0
-8.529,0.087,3.144,0
-8.541,-0.059,3.103,0
-8.735,-0.291,3.178,0
-8.888,-0.476,3.343,0
-8.837,-0.558,3.445,0
-8.689,-0.635,3.366,0
-8.597,-0.631,3.162,0
-8.595,-0.57,2.962,0
-8.69,-0.509,2.942,0
-8.84,-0.503,3.068,0
-9.011,-0.537,3.283,0
-9.163,-0.57,3.516,0
-9.35,-0.617,3.615,0
-9.557,-0.627,3.565,0
-9.771,-0.547,3.378,0
-9.877,-0.342,3.071,0
-9.797,-0.109,2.795,0
-9.641,0.074,2.727,0
-9.534,0.164,2.825,0
-9.562,0.196,2.952,0
-9.608,0.237,2.981,0
-9.54,0.243,2.922,0
-9.449,0.235,2.823,0
-9.374,0.214,2.621,0
-9.267,0.143,2.424,0
-9.115,0.077,2.367,0
-8.955,-0.051,2.417,0
-8.873,-0.228,2.539,0
-8.816,-0.425,2.659,0
-8.776,-0.543,2.727,0
-8.694,-0.532,2.669,0
-8.614,-0.475,2.58,0
-8.583,-0.35,2.548,0
-8.637,-0.209,2.577,0
-8.682,-0.046,2.722,0
-8.735,0.13,2.869,0
-8.799,0.319,2.92,0
-8.788,0.492,2.85,0
-8.662,0.655,2.773,0
-8.555,0.748,2.701,0
-8.493,0.787,2.642,0
-8.414,0.781,2.644,0
-8.377,0.724,2.63,0
-8.418,0.603,2.533,0
-8.512,0.398,2.511,0
-8.654,0.16,2.43,0
-8.88,-0.189,2.304,0
-9.126,-0.617,2.449,0
-9.353,-1.092,2.961,0
-9.85,-1.78,3.639,0
-10.651,-2.437,3.927,0
-11.153,-2.526,3.939,0
-11.218,-2.269,3.683,0
-11.184,-1.819,2.856,0
-11.234,-1.189,2.036,0
-11.27,-0.604,1.617,0
-11.174,-0.167,1.434,0
-10.94,0.052,1.678,0
-10.593,0.144,2.212,0
-10.23,0.109,2.585,0
-9.863,-0.079,2.852,0
-9.533,-0.321,3.07,0
-9.332,-0.516,3.185,0
-9.205,-0.673,3.393,0
-8.986,-0.826,3.68,0
-8.716,-0.945,3.825,0
-8.365,-1.061,3.881,0
-8.005,-1.139,3.77,0
-7.676,-1.25,3.555,0
-7.455,-1.412,3.415,0
-7.308,-1.525,3.418,0
-7.356,-1.643,3.556,0
-7.655,-1.695,3.594,0
-8.018,-1.705,3.529,0
-8.273,-1.677,3.34,0
-8.455,-1.651,3.149,0
-8.561,-1.677,3.103,0
-8.71,-1.724,3.139,0
-8.981,-1.68,3.177,0
-9.276,-1.582,3.144,0
-9.565,-1.519,3.045,0
-9.961,-1.493,3.08,0
-10.452,-1.453,3.154,0
-10.839,-1.411,3.138,0
-10.882,-1.358,2.939,0
-10.612,-1.353,2.65,0
-10.22,-1.409,2.41,0
-9.835,-1.518,2.295,0
-9.598,-1.679,2.347,0
-9.441,-1.8,2.516,0
-9.276,-1.82,2.624,0
-9.117,-1.756,2.624,0
-8.972,-1.655,2.536,0
-8.823,-1.57,2.415,0
-8.688,-1.533,2.355,0
-8.588,-1.546,2.439,0
-8.486,-1.554,2.52,0
-8.425,-1.578,2.601,0
-8.435,-1.665,2.599,0
-8.46,-1.791,2.536,0
-8.452,-1.89,2.432,0
-8.46,-1.916,2.308,0
-8.51,-1.924,2.197,0
-8.472,-1.896,2.17,0
-8.368,-1.905,2.206,0
-8.25,-1.917,2.156,0
-8.162,-1.952,2.118,0
-8.179,-1.882,2.086,0
-8.235,-1.764,2.007,0
-8.325,-1.633,1.869,0
-8.526,-1.46,1.874,0
-8.948,-1.319,2.242,0
-9.526,-1.167,2.748,0
-10.033,-0.945,3.057,0
-10.255,-0.7,2.584,0
-10.16,-0.505,1.639,0
-10.064,-0.462,1.11,0
-10.37,-0.618,1.463,0
-10.887,-0.91,2.478,0
-11.024,-1.286,3.235,0
-10.664,-1.632,3.655,0
-10.498,-1.93,3.989,0
-10.851,-2.089,4.188,0
-11.314,-1.915,4.216,0
-11.345,-1.543,4.127,0
-10.84,-1.049,4.071,0
-10.056,-0.379,4.11,0
-9.28,0.162,3.989,0
-8.697,0.389,3.668,0
-8.445,0.437,3.435,0
-8.262,0.527,3.258,0
-7.984,0.661,3.012,0
-7.812,0.795,2.865,0
-7.817,0.827,2.996,0
-7.943,0.743,3.269,0
-8.173,0.605,3.558,0
-8.399,0.501,3.73,0
-8.588,0.456,3.611,0
-8.762,0.372,3.383,0
-8.952,0.224,3.243,0
-9.176,-0.052,3.342,0
-9.356,-0.412,3.689,0
-9.442,-0.773,4.045,0
-9.524,-1.042,4.182,0
-9.714,-1.113,3.998,0
-9.874,-0.876,3.532,0
-9.842,-0.444,2.942,0
-9.696,-0.084,2.569,0
-9.525,0.164,2.615,0
-9.374,0.29,2.884,0
-9.313,0.309,3.192,0
-9.318,0.298,3.331,0
-9.235,0.312,3.259,0
-9.08,0.359,3.06,0
-8.943,0.386,2.863,0
-8.861,0.394,2.787,0
-8.791,0.369,2.846,0
-8.702,0.313,2.945,0
-8.528,0.276,2.99,0
-8.334,0.255,2.94,0
-8.198,0.264,2.856,0
-8.113,0.326,2.766,0
-8.081,0.366,2.673,0
-8.119,0.392,2.567,0
-8.185,0.404,2.513,0
-8.226,0.438,2.51,0
-8.238,0.492,2.479,0
-8.214,0.526,2.452,0
-8.216,0.534,2.397,0
-8.258,0.525,2.283,0
-8.31,0.492,2.244,0
-8.356,0.436,2.217,0
-8.342,0.334,2.282,0
-8.305,0.186,2.412,0
-8.373,-0.076,2.552,0
-8.643,-0.414,2.656,0
-8.969,-0.751,2.953,0
-9.379,-1.33,3.459,0
-10.087,-2.204,4.105,0
-10.948,-2.946,4.217,0
-11.413,-3.147,4.055,0
-11.548,-2.875,3.607,0
-11.607,-2.122,2.633,0
-11.782,-1.158,1.663,0
-11.969,-0.343,1.071,0
-11.805,0.273,1.095,0
-11.238,0.566,1.704,0
-10.408,0.55,2.93,0
-9.584,0.297,4.043,0
-9.07,0.053,4.181,0
-8.696,-0.097,4.115,0
-8.409,-0.295,3.724,0
-8.094,-0.594,3.393,0
-7.744,-0.969,3.431,0
-7.491,-1.385,3.693,0
-7.543,-1.827,3.92,0
-7.838,-2.144,3.943,0
-8.121,-2.326,3.751,0
-8.247,-2.477,3.516,0
-8.262,-2.521,3.39,0
-8.28,-2.467,3.388,0
-8.417,-2.406,3.458,0
-8.695,-2.229,3.492,0
-9.091,-1.966,3.46,0
-9.623,-1.723,3.327,0
-10.204,-1.477,3.176,0
-10.582,-1.24,3.074,0
-10.674,-0.999,2.966,0
-10.578,-0.872,2.824,0
-10.382,-0.932,2.638,0
-10.154,-1.105,2.527,0
-10.026,-1.322,2.428,0
-9.939,-1.537,2.525,0
-9.803,-1.683,2.661,0
-9.568,-1.745,2.709,0
-9.28,-1.708,2.665,0
-9.025,-1.611,2.606,0
-8.898,-1.482,2.563,0
-8.837,-1.367,2.562,0
-8.743,-1.3,2.597,0
-8.554,-1.249,2.631,0
-8.352,-1.221,2.619,0
-8.262,-1.252,2.591,0
-8.282,-1.288,2.614,0
-8.26,-1.308,2.633,0
-8.192,-1.359,2.616,0
-8.192,-1.491,2.524,0
-8.137,-1.701,2.662,0
-8.193,-1.906,3.005,0
-8.408,-1.927,3.225,0
-8.697,-1.826,3.168,0
-9.131,-1.616,2.843,0
-9.463,-1.385,2.586,0
-9.539,-1.163,2.356,0
-9.484,-1.076,2.175,0
-9.693,-1.107,2.186,0
-10.168,-1.188,2.549,0
-10.458,-1.335,2.978,0
-10.33,-1.516,3.047,0
-9.994,-1.611,3.072,0
-9.868,-1.613,3.222,0
-10.04,-1.645,3.532,0
-10.387,-1.641,3.836,0
-10.741,-1.54,4.201,0
-10.749,-1.311,4.61,0
-10.283,-0.978,4.648,0
-9.402,-0.545,4.351,0
-8.465,-0.139,3.802,0
-7.858,0.116,3.281,0
-7.634,0.18,3.1,0
-7.663,0.163,3.143,0
-7.757,0.146,3.306,0
-7.877,0.171,3.462,0
-7.986,0.314,3.581,0
-8.044,0.489,3.566,0
-8.215,0.593,3.493,0
-8.561,0.622,3.459,0
-8.951,0.666,3.551,0
-9.249,0.693,3.634,0
-9.347,0.687,3.591,0
-9.242,0.661,3.551,0
-9.112,0.51,3.656,0
-9.145,0.243,3.725,0
-9.404,-0.061,3.571,0
-9.753,-0.261,3.215,0
-9.933,-0.247,2.734,0
-9.881,-0.082,2.317,0
-9.708,0.092,2.23,0
-9.622,0.198,2.444,0
-9.596,0.238,2.774,0
-9.573,0.315,3.096,0
-9.523,0.441,3.178,0
-9.405,0.531,3.071,0
-9.226,0.602,2.918,0
-9.036,0.606,2.755,0
-8.871,0.583,2.762,0
-8.696,0.505,2.954,0
-8.548,0.4,3.186,0
-8.444,0.326,3.339,0
-8.344,0.336,3.31,0
-8.195,0.453,3.182,0
-8.066,0.561,3.079,0
-8.017,0.598,3.055,0
-8.067,0.611,3.123,0
-8.188,0.594,3.206,0
-8.448,0.492,3.222,0
-8.774,0.246,3.378,0
-9.17,-0.182,3.612,0
-9.558,-0.616,3.771,0
-9.94,-0.846,3.719,0
-10.05,-0.835,3.311,0
-9.822,-0.739,3.017,0
-9.695,-0.761,2.906,0
-9.896,-0.825,2.774,0
-10.239,-0.822,2.644,0
-10.468,-0.735,2.543,0
-10.459,-0.647,2.615,0
-10.349,-0.625,2.893,0
-10.323,-0.659,3.241,0
-10.368,-0.672,3.53,0
-10.307,-0.7,3.69,0
-10.163,-0.716,3.706,0
-9.885,-0.748,3.71,0
-9.485,-0.824,3.669,0
-9.111,-0.911,3.606,0
-8.808,-0.995,3.589,0
-8.526,-1.071,3.586,0
-8.245,-1.163,3.536,0
-7.968,-1.271,3.513,0
-7.747,-1.306,3.382,0
-7.719,-1.28,3.085,0
-7.824,-1.266,2.86,0
-7.894,-1.241,2.831,1
-7.969,-1.237,2.923,1
-8.066,-1.265,3.02,1
-8.252,-1.282,3.043,1
-8.503,-1.359,2.994,1
-8.737,-1.466,2.942,1
-8.889,-1.629,2.888,1
-9.066,-1.741,2.868,1
-9.352,-1.856,2.875,1
-9.644,-1.984,2.938,1
-9.901,-2.108,2.955,1
-10.091,-2.194,2.867,1
-10.199,-2.183,2.709,1
-10.247,-2.096,2.472,1
-10.188,-2.013,2.246,1
-9.925,-1.944,2.115,1
-9.575,-1.862,2.103,1
-9.284,-1.876,2.254,1
-9.082,-1.944,2.419,1
-8.964,-2.028,2.534,1
-8.863,-2.067,2.508,1
-8.736,-2.018,2.38,1
-8.609,-1.914,2.249,1
-8.574,-1.82,2.136,1
-8.565,-1.733,2.17,1
-8.565,-1.69,2.269,1
-8.602,-1.682,2.342,1
-8.657,-1.697,2.417,1
-8.745,-1.732,2.498,1
-8.828,-1.756,2.604,1
-8.852,-1.803,2.671,1
-8.806,-1.869,2.696,1
-8.812,-1.84,2.639,1
-8.797,-1.732,2.563,1
-8.846,-1.618,2.407,1
-9.037,-1.518,2.455,1
-9.332,-1.442,2.71,1
-9.572,-1.346,2.832,1
-9.474,-1.286,2.708,1
-9.279,-1.277,2.392,1
-9.186,-1.25,2.199,1
-9.061,-1.243,2.155,1
-8.961,-1.321,2.124,1
-8.925,-1.459,2.197,1
-9.0,-1.618,2.398,1
-9.249,-1.787,2.663,1
-9.634,-1.894,2.929,1
-10.036,-1.856,3.189,1
-10.415,-1.667,3.407,1
-10.71,-1.425,3.558,1
-10.832,-1.164,3.517,1
-10.712,-0.898,3.458,1
-10.32,-0.727,3.505,1
-9.676,-0.706,3.552,1
-9.003,-0.847,3.421,1
-8.663,-1.044,3.203,1
-8.658,-1.154,3.035,1
-8.679,-1.186,2.981,1
-8.595,-1.283,3.051,1
-8.511,-1.431,3.184,1
-8.628,-1.588,3.248,1
-8.89,-1.673,3.269,1
-9.043,-1.62,3.18,1
-8.985,-1.445,2.992,1
-8.852,-1.249,2.893,1
-8.799,-1.207,2.983,1
-8.79,-1.231,3.172,1
-8.752,-1.209,3.292,1
-8.719,-1.171,3.355,1
-8.795,-1.153,3.315,1
-8.909,-1.123,3.272,1
-9.018,-1.083,3.29,1
-9.052,-1.018,3.359,1
-9.003,-0.879,3.416,1
-8.919,-0.664,3.423,1
-8.846,-0.421,3.386,1
-8.778,-0.201,3.322,1
-8.711,-0.003,3.222,1
-8.631,0.109,3.13,1
-8.643,0.111,3.13,1
-8.754,0.0,3.198,1
-8.878,-0.146,3.34,1
-8.931,-0.217,3.454,1
-8.953,-0.194,3.449,1
-9.006,-0.141,3.416,1
-9.117,-0.025,3.383,1
-9.209,0.12,3.439,1
-9.268,0.259,3.526,1
-9.258,0.362,3.589,1
-9.151,0.446,3.507,1
-9.107,0.501,3.412,1
-9.215,0.508,3.288,1
-9.364,0.503,3.146,1
-9.426,0.48,3.081,1
-9.462,0.387,3.157,1
-9.543,0.311,3.239,1
-9.703,0.249,3.236,1
-9.903,0.231,3.135,1
-10.032,0.251,3.013,1
-9.989,0.292,2.937,1
-9.819,0.337,2.943,1
-9.645,0.364,3.009,1
-9.56,0.385,3.092,1
-9.498,0.432,3.122,1
-9.465,0.465,3.051,1
-9.404,0.481,2.951,1
-9.3,0.482,2.845,1
-9.164,0.437,2.841,1
-9.055,0.35,2.899,1
-8.997,0.293,3.015,1
-8.942,0.261,3.121,1
-8.897,0.258,3.14,1
-8.904,0.264,3.083,1
-8.866,0.293,2.952,1
-8.77,0.344,2.846,1
-8.729,0.412,2.82,1
-8.742,0.431,2.9,1
-8.821,0.418,3.064,1
-9.005,0.383,3.203,1
-9.243,0.317,3.25,1
-9.34,0.287,3.236,1
-9.301,0.273,3.201,1
-9.317,0.272,3.167,1
-9.463,0.242,3.153,1
-9.671,0.117,2.984,1
-9.819,-0.031,2.725,1
-9.652,-0.159,2.881,1
-9.358,-0.44,3.289,1
-9.346,-0.903,3.597,1
-9.497,-1.278,3.751,1
-9.634,-1.325,3.528,1
-9.735,-1.215,3.168,1
-9.763,-1.122,2.947,1
-9.671,-1.101,2.913,1
-9.378,-1.092,3.065,1
-8.866,-1.115,3.211,1
-8.317,-1.182,3.199,1
-7.898,-1.319,3.039,1
-7.728,-1.566,2.798,1
-7.829,-1.875,2.502,1
-8.047,-2.21,2.218,1
-8.305,-2.541,2.044,1
-8.502,-2.795,2.06,1
-8.642,-3.016,2.256,1
-8.823,-3.183,2.377,1
-9.024,-3.146,2.355,1
-9.232,-2.851,2.257,1
-9.478,-2.419,2.144,1
-9.707,-1.944,2.075,1
-9.796,-1.546,2.297,1
-9.749,-1.188,2.927,1
-9.73,-0.943,3.593,1
-9.612,-0.737,3.911,1
-9.449,-0.558,3.922,1
-9.354,-0.37,3.75,1
-9.364,-0.205,3.503,1
-9.334,-0.095,3.384,1
-9.235,-0.097,3.531,1
-9.175,-0.175,3.781,1
-9.147,-0.225,3.914,1
-9.072,-0.253,3.901,1
-8.953,-0.363,3.714,1
-8.858,-0.56,3.517,1
-8.898,-0.84,3.416,1
-9.018,-1.099,3.384,1
-9.085,-1.418,3.464,1
-9.165,-1.882,3.527,1
-9.373,-2.322,3.774,1
-9.581,-2.56,4.104,1
-9.601,-2.593,4.254,1
-9.448,-2.509,4.075,1
-9.318,-2.354,3.605,1
-9.197,-1.981,3.049,1
-9.034,-1.584,2.617,1
-8.977,-1.346,2.448,1
-8.971,-1.167,2.698,1
-8.859,-1.012,3.161,1
-8.72,-0.847,3.565,1
-8.715,-0.583,3.761,1
-8.834,-0.207,3.741,1
-9.074,0.164,3.538,1
-9.338,0.616,3.32,1
-9.502,1.11,3.157,1
-9.448,1.519,3.157,1
-9.198,1.676,3.26,1
-8.915,1.616,3.31,1
-8.76,1.407,3.308,1
-8.742,1.124,3.252,1
-8.816,0.83,3.18,1
-8.93,0.615,3.005,1
-9.039,0.505,2.805,1
-9.168,0.454,2.602,1
-9.254,0.421,2.5,1
-9.298,0.386,2.541,1
-9.261,0.341,2.625,1
-9.178,0.321,2.672,1
-9.087,0.308,2.647,1
-8.971,0.331,2.617,1
-8.792,0.329,2.577,1
-8.609,0.332,2.606,1
-8.503,0.299,2.884,1
-8.537,0.226,3.417,1
-8.844,-0.012,3.962,1
-9.336,-0.283,4.213,1
-9.686,-0.369,4.082,1
-9.793,-0.295,3.909,1
-9.835,-0.228,3.951,1
-9.956,-0.295,4.094,1
-10.16,-0.357,4.087,1
-10.314,-0.266,3.918,1
-10.245,-0.106,3.76,1
-10.037,0.003,3.746,1
-9.816,0.004,3.741,1
-9.617,-0.037,3.644,1
-9.418,-0.031,3.431,1
-9.186,-0.037,3.176,1
-8.932,-0.076,3.084,1
-8.628,-0.205,3.167,1
-8.351,-0.393,3.388,1
-8.161,-0.681,3.528,1
-8.077,-0.984,3.515,1
-8.059,-1.283,3.321,1
-8.037,-1.584,3.03,1
-8.054,-1.866,2.812,1
-8.022,-2.126,2.741,1
-7.957,-2.375,2.875,1
-7.96,-2.57,2.971,1
-7.955,-2.649,2.941,1
-8.032,-2.589,2.923,1
-8.202,-2.436,2.88,1
-8.448,-2.277,2.844,1
-8.716,-2.02,2.857,1
-8.96,-1.686,2.855,1
-9.19,-1.385,2.715,1
-9.367,-1.191,2.595,1
-9.407,-1.117,2.64,1
-9.291,-1.163,2.837,1
-9.19,-1.296,3.038,1
-9.21,-1.432,3.284,1
-9.381,-1.514,3.518,1
-9.748,-1.546,3.731,1
-10.147,-1.402,3.887,1
-10.467,-1.084,3.963,1
-10.717,-0.763,3.955,1
-10.858,-0.408,3.97,1
-10.863,-0.121,4.123,1
-10.688,0.051,4.324,1
-10.326,-0.006,4.428,1
-9.935,-0.179,4.419,1
-9.632,-0.361,4.396,1
-9.45,-0.513,4.333,1
-9.205,-0.676,4.234,1
-8.854,-0.837,4.15,1
-8.411,-1.011,4.01,1
-7.978,-1.117,3.833,1
-7.673,-1.157,3.63,1
-7.528,-1.28,3.362,1
-7.471,-1.355,3.111,1
-7.503,-1.41,3.037,1
-7.672,-1.494,3.224,1
-7.981,-1.497,3.553,1
-8.315,-1.402,3.912,1
-8.624,-1.267,4.26,1
-9.048,-1.102,4.543,1
-9.408,-0.835,4.5,1
-9.5,-0.442,4.089,1
-9.431,-0.096,3.59,1
-9.063,0.028,3.499,1
-8.498,-0.051,3.699,1
-8.2,-0.193,3.919,1
-8.26,-0.292,3.873,1
-8.403,-0.258,3.647,1
-8.488,-0.116,3.449,1
-8.639,0.026,3.295,1
-8.959,0.166,3.198,1
-9.214,0.28,3.144,1
-9.219,0.346,3.171,1
-9.081,0.312,3.214,1
-8.913,0.226,3.295,1
-8.796,0.061,3.416,1
-8.722,-0.11,3.553,1
-8.758,-0.299,3.7,1
-8.956,-0.485,3.713,1
-9.241,-0.669,3.615,1
-9.537,-0.785,3.427,1
-9.797,-0.868,3.279,1
-9.919,-0.884,3.317,1
-9.763,-0.925,3.493,1
-9.379,-0.947,3.678,1
-9.122,-0.942,3.834,1
-9.189,-0.95,3.841,1
-9.412,-0.972,3.8,1
-9.486,-0.887,3.859,1
-9.414,-0.752,3.899,1
-9.25,-0.664,3.803,1
-9.037,-0.62,3.719,1
-8.891,-0.593,3.709,1
-8.822,-0.634,3.687,1
-8.818,-0.676,3.564,1
-8.757,-0.615,3.33,1
-8.685,-0.571,3.113,1
-8.637,-0.685,3.137,1
-8.539,-0.864,3.373,1
-8.447,-1.072,3.604,1
-8.409,-1.201,3.6,1
-8.488,-1.341,3.48,1
-8.646,-1.485,3.308,1
-8.805,-1.678,3.218,1
-8.836,-1.887,3.207,1
-8.791,-1.991,3.23,1
-8.744,-2.005,3.299,1
-8.676,-1.966,3.424,1
-8.673,-1.949,3.509,1
-8.745,-1.934,3.509,1
-8.811,-1.865,3.41,1
-8.784,-1.746,3.311,1
-8.738,-1.639,3.206,1
-8.728,-1.583,3.1,1
-8.743,-1.511,3.045,1
-8.777,-1.483,2.978,1
-8.802,-1.466,2.947,1
-8.764,-1.438,2.955,1
-8.746,-1.44,2.978,1
-8.788,-1.475,3.026,1
-8.843,-1.528,3.074,1
-8.923,-1.615,3.076,1
-8.983,-1.713,3.067,1
-8.998,-1.771,3.006,1
-8.945,-1.786,2.945,1
-8.851,-1.747,2.895,1
-8.719,-1.697,2.902,1
-8.602,-1.638,2.92,1
-8.631,-1.543,3.019,1
-8.805,-1.435,3.156,1
-9.045,-1.371,3.242,1
-9.242,-1.293,3.349,1
-9.419,-1.133,3.432,1
-9.605,-0.957,3.355,1
-9.711,-0.784,3.192,1
-9.715,-0.617,3.091,1
-9.7,-0.575,3.226,1
-9.73,-0.681,3.504,1
-9.809,-0.807,3.765,1
-9.947,-0.938,3.984,1
-10.208,-1.011,4.244,1
-10.423,-1.001,4.474,1
-10.35,-0.896,4.517,1
-9.928,-0.777,4.365,1
-9.242,-0.662,4.215,1
-8.524,-0.651,4.044,1
-8.063,-0.751,3.783,1
-7.975,-0.86,3.517,1
-8.016,-0.971,3.425,1
-8.067,-1.047,3.538,1
-8.06,-1.051,3.814,1
-8.079,-1.023,4.116,1
-8.294,-0.956,4.242,1
-8.523,-0.876,4.1,1
-8.599,-0.674,3.73,1
-8.509,-0.358,3.425,1
-8.398,0.008,3.304,1
-8.314,0.327,3.453,1
-8.245,0.504,3.684,1
-8.274,0.62,3.803,1
-8.409,0.721,3.773,1
-8.586,0.799,3.692,1
-8.703,0.902,3.566,1
-8.76,1.067,3.38,1
-8.87,1.195,3.285,1
-9.066,1.294,3.206,1
-9.25,1.387,3.165,1
-9.326,1.485,3.138,1
-9.288,1.484,3.066,1
-9.175,1.393,2.982,1
-9.08,1.237,2.931,1
-9.129,1.066,2.917,1
-9.345,0.936,3.002,1
-9.612,0.83,3.07,1
-9.692,0.754,3.013,1
-9.669,0.713,3.018,1
-9.737,0.588,3.23,1
-9.934,0.3,3.557,1
-10.205,-0.057,3.866,1
-10.43,-0.391,4.013,1
-10.44,-0.586,3.934,1
-10.3,-0.588,3.823,1
-10.11,-0.477,3.64,1
-9.909,-0.385,3.409,1
-9.689,-0.306,3.339,1
-9.365,-0.282,3.514,1
-8.987,-0.394,4.009,1
-8.706,-0.66,4.465,1
-8.705,-0.989,4.493,1
-8.895,-1.228,4.123,1
-8.992,-1.313,3.522,1
-8.929,-1.246,2.97,1
-8.703,-1.15,2.743,1
-8.4,-1.109,2.878,1
-8.131,-1.111,3.253,1
-8.04,-1.175,3.595,1
-8.178,-1.334,3.694,1
-8.505,-1.447,3.493,1
-8.844,-1.513,3.091,1
-9.118,-1.58,2.755,1
-9.291,-1.696,2.523,1
-9.345,-1.832,2.451,1
-9.38,-1.937,2.505,1
-9.406,-1.971,2.643,1
-9.479,-1.936,2.756,1
-9.561,-1.832,2.748,0
-9.545,-1.734,2.632,0
-9.476,-1.734,2.462,0
-9.355,-1.805,2.428,0
-9.208,-1.965,2.494,0
-9.086,-2.1,2.596,0
-8.998,-2.171,2.663,0
-8.907,-2.193,2.724,0
-8.752,-2.187,2.792,0
-8.638,-2.129,2.894,0
-8.63,-2.084,2.999,0
-8.677,-2.069,3.038,0
-8.77,-2.056,3.044,0
-8.86,-2.046,3.024,0
-8.93,-2.027,3.013,0
-8.983,-2.012,3.051,0
-9.009,-2.014,3.108,0
-8.992,-1.99,3.146,0
-8.966,-1.937,3.191,0
-8.99,-1.867,3.197,0
-9.113,-1.777,3.186,0
-9.175,-1.684,3.148,0
-9.144,-1.639,3.076,0
-9.083,-1.619,3.008,0
-8.903,-1.627,2.963,0
-8.638,-1.685,2.936,0
-8.501,-1.789,3.143,0
-8.748,-1.863,3.546,0
-8.997,-1.808,3.726,0
-9.024,-1.673,3.722,0
-9.138,-1.478,3.57,0
-9.203,-1.254,3.586,0
-9.211,-1.103,3.656,0
-9.184,-1.021,3.811,0
-9.107,-0.925,3.992,0
-9.167,-0.832,4.2,0
-9.357,-0.699,4.324,0
-9.324,-0.573,4.114,0
-9.094,-0.536,3.705,0
-8.763,-0.552,3.395,0
-8.392,-0.704,3.265,0
-8.21,-0.936,3.256,0
-8.292,-1.187,3.267,0
-8.446,-1.432,3.294,0
-8.569,-1.637,3.292,0
-8.693,-1.788,3.231,0
-8.86,-1.904,3.124,0
-9.113,-1.886,3.02,0
-9.519,-1.7,3.049,0
-9.776,-1.45,3.232,0
-9.657,-1.378,3.531,0
-9.494,-1.48,3.636,0
-9.502,-1.551,3.615,0
-9.598,-1.42,3.58,0
-9.535,-1.183,3.539,0
-9.123,-1.012,3.512,0
-8.715,-0.98,3.563,0
-8.645,-0.986,3.651,0
-8.725,-0.953,3.656,0
-8.712,-0.926,3.66,0
-8.586,-0.938,3.664,0
-8.436,-0.945,3.571,0
-8.405,-0.902,3.468,0
-8.468,-0.905,3.407,0
-8.481,-0.942,3.461,0
-8.503,-0.998,3.718,0
-8.619,-1.065,4.008,0
-8.803,-1.134,4.11,0
-9.006,-1.153,3.959,0
-9.045,-1.078,3.717,0
-8.98,-0.913,3.536,0
-8.962,-0.76,3.475,0
-8.975,-0.67,3.491,0
-8.927,-0.597,3.579,0
-8.86,-0.506,3.635,0
-8.811,-0.347,3.633,0
-8.785,-0.167,3.58,0
-8.776,-0.01,3.544,0
-8.764,0.136,3.515,0
-8.757,0.326,3.383,0
-8.757,0.516,3.272,0
-8.808,0.685,3.209,0
-8.854,0.786,3.137,0
-8.866,0.833,3.144,0
-8.866,0.835,3.13,0
-8.873,0.817,3.143,0
-8.964,0.79,3.08,0
-9.092,0.747,3.001,0
-9.189,0.7,2.935,0
-9.209,0.69,2.906,0
-9.211,0.667,2.934,0
-9.216,0.6,2.988,0
-9.215,0.553,3.009,0
-9.206,0.514,2.961,0
-9.212,0.447,3.037,0
-9.216,0.34,3.242,0
-9.32,0.163,3.438,0
-9.479,-0.046,3.529,0
-9.587,-0.168,3.56,0
-9.609,-0.208,3.525,0
-9.583,-0.163,3.414,0
-9.612,-0.181,3.549,0
-9.546,-0.531,3.954,0
-9.611,-0.955,4.284,0
-10.079,-1.161,4.265,0
-10.494,-1.142,3.82,0
-10.33,-0.904,3.325,0
-9.794,-0.607,3.207,0
-9.405,-0.393,3.36,0
-9.346,-0.323,3.558,0
-9.324,-0.28,3.633,0
-9.232,-0.355,3.466,0
-9.087,-0.437,3.165,0
-8.998,-0.43,2.983,0
-9.015,-0.401,2.833,0
-9.012,-0.421,2.827,0
-8.913,-0.446,2.975,0
-8.827,-0.481,3.192,0
-8.762,-0.591,3.343,0
-8.554,-0.755,3.402,0
-8.281,-0.861,3.387,0
-8.122,-0.929,3.301,0
-8.072,-1.004,3.233,0
-8.077,-1.091,3.265,0
-8.136,-1.196,3.332,0
-8.212,-1.294,3.357,0
-8.152,-1.345,3.391,0
-8.001,-1.333,3.369,0
-7.814,-1.298,3.174,0
-7.734,-1.267,2.967,0
-7.788,-1.301,2.907,0
-7.849,-1.394,3.009,0
-7.935,-1.514,3.1,0
-8.007,-1.647,3.144,0
-8.064,-1.746,3.209,0
-8.14,-1.812,3.272,0
-8.227,-1.831,3.351,0
-8.539,-1.813,3.355,0
-8.979,-1.792,3.399,0
-9.357,-1.766,3.32,0
-9.538,-1.771,3.246,0
-9.638,-1.745,3.37,0
-9.746,-1.803,3.578,0
-9.76,-1.872,3.632,0
-9.764,-1.941,3.578,0
-9.765,-1.99,3.577,0
-9.756,-2.011,3.621,0
-9.713,-2.039,3.646,0
-9.632,-2.031,3.623,0
-9.481,-1.982,3.619,0
-9.264,-1.861,3.682,0
-9.086,-1.775,3.824,0
-9.021,-1.718,3.923,0
-8.937,-1.647,3.907,0
-8.792,-1.507,3.835,0
-8.604,-1.331,3.911,0
-8.612,-1.252,4.013,0
-8.706,-1.243,3.966,0
-8.66,-1.152,3.792,0
-8.596,-1.079,3.737,0
-8.519,-1.089,3.913,0
-8.512,-1.144,4.141,0
-8.54,-1.205,4.359,0
-8.507,-1.2,4.568,0
-8.484,-1.086,4.869,0
-8.661,-0.929,5.354,0
-8.763,-0.574,5.372,0
-8.291,-0.218,4.555,0
-7.444,0.016,3.536,0
-6.647,0.035,3.087,0
-6.4,-0.238,3.375,0
-6.714,-0.774,4.204,0
-7.477,-1.308,4.992,0
-8.507,-1.61,5.108,0
-9.181,-1.536,4.553,0
-9.322,-1.297,4.056,0
-9.058,-0.986,3.776,0
-8.538,-0.676,3.881,0
-8.164,-0.354,4.226,0
-8.275,-0.114,4.623,0
-8.586,-0.269,4.967,0
-8.765,-0.512,5.141,0
-8.9,-0.592,5.035,0
-9.045,-0.693,4.821,0
-8.977,-0.703,4.76,0
-8.878,-0.686,4.848,0
-8.819,-0.705,4.798,0
-8.722,-0.718,4.735,0
-8.592,-0.687,4.712,0
-8.5,-0.666,4.759,0
-8.431,-0.645,4.867,0
-8.428,-0.66,4.915,0
-8.405,-0.672,4.954,0
-8.312,-0.595,4.933,0
-8.214,-0.49,4.89,0
-8.063,-0.34,4.687,0
-7.832,-0.245,4.42,0
-7.567,-0.229,4.381,0
-7.379,-0.254,4.446,0
-7.371,-0.308,4.499,0
-7.481,-0.361,4.507,0
-7.563,-0.31,4.472,0
-7.518,-0.182,4.523,0
-7.268,-0.196,4.735,0
-6.921,-0.202,5.013,0
-6.724,-0.106,5.114,0
-6.892,-0.123,5.045,0
-7.183,-0.249,5.002,0
-7.316,-0.393,4.993,0
-7.364,-0.473,4.982,0
-7.349,-0.579,4.853,0
-7.237,-0.688,4.704,0
-7.179,-0.771,4.718,0
-7.216,-0.885,4.878,0
-7.315,-0.893,5.1,0
-7.463,-0.8,5.116,0
-7.596,-0.658,4.901,0
-7.624,-0.464,4.723,0
-7.558,-0.243,4.735,0
-7.485,-0.153,5.047,0
-7.468,-0.158,5.471,0
-7.68,-0.264,5.755,0
-7.893,-0.297,5.798,0
-8.041,-0.263,5.531,0
-7.957,-0.093,5.235,0
-7.686,0.145,5.363,0
-7.446,0.204,5.708,0
-7.203,0.195,5.884,0
-7.147,0.132,5.824,0
-7.266,-0.066,5.648,0
-7.489,-0.196,5.408,0
-7.619,-0.238,5.097,0
-7.588,-0.215,4.855,0
-7.379,-0.113,4.758,0
-7.174,-0.008,4.744,0
-6.975,-0.005,4.81,0
-6.717,-0.193,5.029,0
-6.551,-0.359,5.386,0
-6.684,-0.426,5.547,0
-6.866,-0.5,5.334,0
-7.02,-0.555,5.136,0
-7.151,-0.558,5.077,0
-7.245,-0.583,5.048,0
-7.305,-0.681,5.052,0
-7.349,-0.755,5.036,0
-7.427,-0.794,4.958,0
-7.441,-0.886,4.949,0
-7.219,-0.988,5.041,0
-6.993,-1.022,5.1,0
-7.0,-0.987,5.131,0
-7.235,-0.918,5.116,0
-7.417,-0.884,5.197,0
-7.489,-0.726,5.31,0
-7.537,-0.464,5.135,0
-7.553,-0.239,4.934,0
-7.412,-0.227,5.04,0
-7.242,-0.3,5.173,0
-7.191,-0.334,5.007,0
-7.275,-0.423,4.709,0
-7.517,-0.508,4.535,0
-7.785,-0.641,4.312,0
-7.873,-0.691,4.144,0
-7.84,-0.702,4.157,0
-7.862,-0.799,4.316,0
-7.734,-0.777,4.226,0
-7.589,-0.642,3.979,0
-7.664,-0.611,3.559,0
-7.826,-0.606,3.203,0
-8.061,-0.66,3.145,0
-8.558,-0.936,3.257,0
-9.135,-1.333,3.636,0
-10.193,-1.645,4.005,0
-11.519,-1.796,3.651,0
-12.808,-1.973,3.098,0
-13.871,-2.034,2.636,0
-14.6,-1.798,2.095,0
-15.025,-1.451,1.736,0
-15.09,-1.162,1.566,0
-14.777,-1.161,1.33,0
-14.056,-1.53,1.114,0
-13.12,-1.799,0.639,0
-12.424,-1.845,-0.011,0
-12.06,-1.697,-0.881,0
-11.666,-1.55,-1.458,0
-10.993,-1.457,-1.501,0
-10.33,-1.489,-1.15,0
-9.686,-1.577,-0.705,0
-9.604,-1.605,-0.289,0
-9.784,-1.99,0.913,0
-9.352,-1.624,0.533,0
-9.234,-1.384,-0.343,0
-9.283,-1.435,-0.771,0
-9.35,-1.262,-1.383,0
-9.361,-0.971,-1.909,0
-9.542,-0.977,-1.695,0
-9.499,-1.258,1.569,0
-9.55,-0.369,0.092,0
-9.613,0.114,0.976,0
-10.417,-0.574,-3.754,0
-11.022,-0.396,-6.572,0
-10.777,-0.868,-5.282,0
-9.631,-0.694,-2.266,0
-10.112,-0.148,1.187,0
-11.87,-0.377,-1.92,0
-10.265,-0.798,-0.242,0
-9.73,-0.662,-0.953,0
-10.233,-0.65,-0.272,0
-10.854,-0.769,0.488,0
-10.502,-0.334,0.183,0
-10.346,-0.401,-0.606,0
-10.209,-0.887,-0.023,0
-10.559,-0.899,-0.178,0
-10.406,-0.85,-0.149,0
-10.409,-0.949,-0.208,0
-10.348,-0.989,-0.213,0
-10.483,-1.011,-0.172,0
-10.634,-0.999,-0.144,0
-10.469,-0.988,-0.196,0
-10.834,-0.833,-0.379,0
-11.086,-0.74,-0.32,0
-10.8,-0.852,-0.418,0
-10.938,-0.653,-0.566,0
-10.924,-0.567,-0.734,0
-10.757,-0.623,-0.721,0
-10.446,-0.597,-0.78,0
-9.854,-0.64,-0.651,0
-9.618,-0.633,-0.48,0
-9.612,-0.568,-0.358,0
-9.469,-0.636,-0.304,0
-9.48,-0.674,-0.355,0
-9.682,-0.699,-0.382,0
-9.557,-0.758,-0.373,0
-9.45,-0.744,-0.354,0
-9.402,-0.623,-0.328,0
-9.221,-0.651,-0.29,0
-8.777,-0.874,-0.249,0
-9.009,-0.652,-0.098,0
-9.006,-0.59,-0.049,0
-9.069,-0.71,0.037,0
-9.631,-0.254,0.087,0
-9.634,-0.371,0.155,0
-9.731,-0.387,0.206,0
-10.115,-0.306,0.024,0
-10.242,-0.417,0.121,0
-10.107,-0.426,-0.021,0
-9.947,-0.408,-0.168,0
-10.361,-0.291,-0.247,0
-10.064,-0.377,-0.204,0
-9.866,-0.348,-0.118,0
-9.679,-0.345,-0.064,0
-9.657,-0.338,-0.13,0
-9.588,-0.407,-0.254,0
-9.563,-0.51,-0.283,0
-9.542,-0.603,-0.299,0
-9.557,-0.673,-0.319,0
-9.59,-0.67,-0.351,0
-9.595,-0.683,-0.462,0
-9.418,-0.621,-0.514,0
-9.162,-0.553,-0.476,0
-9.02,-0.577,-0.312,0
-9.038,-0.547,-0.178,0
-9.077,-0.526,0.016,0
-9.021,-0.578,0.105,0
-8.961,-0.605,0.085,0
-9.33,-0.515,0.166,0
-9.348,-0.488,0.181,0
-9.608,-0.345,0.233,0
-9.721,-0.304,0.301,0
-9.835,-0.19,0.295,0
-10.231,0.001,0.22,0
-9.935,-0.184,0.263,0
-9.876,-0.189,0.177,0
-9.843,-0.266,0.102,0
-9.862,-0.255,0.082,0
-9.934,-0.24,0.082,0
-9.834,-0.253,0.044,0
-9.715,-0.266,0.027,0
-9.713,-0.289,-0.002,0
-9.759,-0.306,-0.067,0
-9.615,-0.402,-0.207,0
-9.796,-0.319,-0.172,0
-9.655,-0.348,-0.19,0
-9.625,-0.376,-0.165,0
-9.616,-0.394,-0.124,0
-9.663,-0.404,-0.119,0
-9.696,-0.408,-0.114,0
-9.621,-0.401,-0.115,0
-9.542,-0.384,-0.14,0
-9.532,-0.386,-0.139,0
-9.552,-0.383,-0.148,0
-9.568,-0.383,-0.162,0
-9.384,-0.357,-0.148,0
-9.367,-0.358,-0.147,0
-9.497,-0.328,-0.07,0
-9.602,-0.302,-0.027,0
-9.668,-0.292,0.018,0
-9.735,-0.3,0.052,0
-9.626,-0.314,0.051,0
-9.532,-0.31,0.022,0
-9.529,-0.328,0.0,0
-9.535,-0.38,-0.02,0
-9.633,-0.399,-0.051,0
-9.636,-0.393,-0.076,0
-9.803,-0.384,-0.083,0
-9.724,-0.389,-0.08,0
-9.584,-0.39,-0.079,0
-9.622,-0.391,-0.073,0
-9.65,-0.382,-0.04,0
-9.626,-0.358,-0.022,0
-9.61,-0.34,-0.002,0
-9.58,-0.328,0.008,0
-9.607,-0.353,-0.013,0
-9.587,-0.367,-0.009,0
-9.582,-0.387,-0.015,0
-9.602,-0.405,-0.007,0
-9.557,-0.383,-0.004,0
-9.524,-0.378,-0.002,0
-9.596,-0.367,0.016,0
-9.601,-0.386,0.016,0
-9.679,-0.408,-0.031,0
-9.658,-0.445,-0.063,0
-9.601,-0.457,-0.087,0
-9.586,-0.444,-0.104,0
-9.642,-0.422,-0.087,0
-9.62,-0.425,-0.071,0
-9.588,-0.4,-0.06,0
-9.609,-0.403,-0.065,0
-9.605,-0.376,-0.072,0
-9.576,-0.37,-0.075,0
-9.574,-0.366,-0.057,0
-9.592,-0.36,-0.036,0
-9.614,-0.365,-0.036,0
-9.623,-0.371,-0.019,0
-9.621,-0.364,-0.031,0
-9.632,-0.378,-0.047,0
-9.602,-0.369,-0.058,0
-9.594,-0.365,-0.065,0
-9.597,-0.386,-0.066,0
-9.57,-0.398,-0.06,0
-9.55,-0.399,-0.042,0
-9.516,-0.408,-0.033,0
-9.505,-0.415,-0.031,0
-9.539,-0.411,-0.034,0
-9.562,-0.381,-0.007,0
-9.609,-0.38,-0.004,0
-9.579,-0.389,0.01,0
-9.552,-0.401,0.008,0
-9.564,-0.41,-0.008,0
-9.573,-0.403,0.001,0
-9.654,-0.396,0.014,0
-9.663,-0.379,0.028,0
-9.627,-0.382,0.003,0
-9.58,-0.378,-0.006,0
-9.578,-0.381,-0.013,0
-9.566,-0.394,-0.015,0
-9.591,-0.394,-0.022,0
-9.61,-0.378,-0.02,0
-9.607,-0.371,-0.015,0
-9.607,-0.366,-0.01,0
-9.616,-0.382,-0.013,0
-9.614,-0.374,-0.007,0
-9.612,-0.376,0.001,0
-9.627,-0.366,-0.006,0
-9.602,-0.36,-0.003,0
-9.614,-0.362,-0.012,0
-9.612,-0.372,-0.016,0
-9.609,-0.373,-0.024,0
-9.612,-0.376,-0.027,0
-9.6,-0.365,-0.027,0
-9.6,-0.362,-0.031,0
-9.607,-0.36,-0.027,0
-9.594,-0.351,-0.027,0
-9.582,-0.362,-0.031,0
-9.583,-0.368,-0.036,0
-9.58,-0.374,-0.031,0
-9.578,-0.369,-0.033,0
-9.58,-0.378,-0.013,0
-9.573,-0.385,-0.006,0
-9.576,-0.377,-0.004,0
-9.573,-0.376,-0.006,0
-9.56,-0.375,-0.004,0
-9.564,-0.384,-0.002,0
-9.578,-0.385,-0.006,0
-9.575,-0.38,-0.004,0
-9.58,-0.379,-0.006,0
-9.603,-0.369,0.01,0
-9.604,-0.375,0.001,0
-9.603,-0.378,0.002,0
-9.603,-0.374,-0.011,0
-9.6,-0.374,-0.011,0
-9.598,-0.378,-0.011,0
-9.593,-0.38,-0.022,0
-9.605,-0.387,-0.036,0
-9.611,-0.396,-0.038,0
-9.6,-0.396,-0.04,0
-9.612,-0.387,-0.045,0
-9.605,-0.383,-0.036,0
-9.592,-0.383,-0.041,0
-9.594,-0.376,-0.04,0
-9.598,-0.379,-0.038,0
-9.594,-0.367,-0.04,0
-9.592,-0.372,-0.045,0
-9.596,-0.374,-0.06,0
-9.586,-0.392,-0.051,0
-9.586,-0.394,-0.065,0
-9.593,-0.391,-0.078,0
-9.591,-0.387,-0.069,0
-9.6,-0.394,-0.045,0
-9.598,-0.387,-0.04,0
-9.595,-0.398,-0.013,0
-9.593,-0.403,-0.011,0
-9.596,-0.394,-0.007,0
-9.602,-0.392,-0.006,0
-9.605,-0.385,0.001,0
-9.603,-0.386,0.008,0
-9.592,-0.367,-0.002,0
-9.591,-0.385,-0.002,0
-9.586,-0.394,-0.008,0
-9.594,-0.397,-0.009,0
-9.589,-0.39,-0.011,0
-9.575,-0.396,-0.017,0
-9.579,-0.392,-0.024,0
-9.591,-0.387,-0.042,0
-9.589,-0.392,-0.045,0
-9.582,-0.385,-0.043,0
-9.587,-0.376,-0.04,0
-9.592,-0.36,-0.031,0
-9.594,-0.347,-0.02,0
-9.594,-0.346,-0.022,0
-9.598,-0.342,-0.006,0
-9.603,-0.351,-0.004,0
-9.587,-0.374,-0.007,0
-9.603,-0.378,-0.004,0
-9.591,-0.369,-0.013,0
-9.587,-0.378,-0.006,0
-9.596,-0.367,-0.017,0
-9.594,-0.376,-0.022,0
-9.591,-0.389,-0.033,0
-9.591,-0.398,-0.04,0
-9.591,-0.408,-0.024,0
-9.589,-0.41,-0.036,0
-9.589,-0.408,-0.011,0
-9.584,-0.39,-0.018,0
-9.589,-0.394,-0.018,0
-9.586,-0.389,-0.01,0
-9.582,-0.396,-0.006,0
-9.58,-0.39,-0.006,0
-9.584,-0.394,-0.004,0
-9.591,-0.401,-0.008,0
-9.58,-0.367,-0.009,0
-9.582,-0.36,-0.02,0
-9.58,-0.369,-0.022,0
-9.582,-0.367,-0.022,0
-9.58,-0.376,-0.04,0
-9.57,-0.378,-0.044,0
-9.582,-0.38,-0.047,0
-9.591,-0.387,-0.045,0
-9.6,-0.384,-0.049,0
-9.595,-0.391,-0.044,0
-9.599,-0.404,-0.026,0
-9.592,-0.402,-0.012,0
-9.588,-0.391,-0.001,0
-9.598,-0.389,-0.001,0
-9.591,-0.385,-0.004,0
-9.584,-0.383,0.003,0
-9.582,-0.378,-0.006,0
-9.589,-0.376,-0.003,0
-9.585,-0.376,-0.006,0
-9.575,-0.372,-0.022,0
-9.586,-0.369,-0.026,0
-9.578,-0.376,-0.029,0
-9.573,-0.362,-0.04,0
-9.573,-0.371,-0.035,0
-9.579,-0.385,-0.044,0
-9.582,-0.389,-0.035,0
-9.579,-0.384,-0.026,0
-9.578,-0.394,-0.006,0
-9.586,-0.405,-0.017,0
-9.586,-0.396,-0.008,0
-9.596,-0.383,-0.004,0
-9.602,-0.382,0.001,0
-9.595,-0.384,0.006,0
-9.586,-0.389,0.017,0
-9.593,-0.382,0.01,0
-9.585,-0.374,-0.013,0
-9.587,-0.383,-0.024,0
-9.58,-0.385,-0.022,0
-9.575,-0.387,-0.033,0
-9.575,-0.371,-0.065,0
-9.589,-0.381,-0.079,0
-9.593,-0.38,-0.076,0
-9.593,-0.398,-0.076,0
-9.602,-0.402,-0.071,0
-9.584,-0.396,-0.069,0
-9.592,-0.402,-0.071,0
-9.589,-0.397,-0.05,0
-9.591,-0.385,-0.035,0
-9.591,-0.381,-0.018,0
-9.593,-0.38,-0.024,0
-9.587,-0.369,-0.004,0
-9.583,-0.365,-0.002,0
-9.593,-0.369,0.003,0
-9.596,-0.364,0.019,0
-9.596,-0.392,0.007,0
-9.594,-0.385,-0.009,0
-9.6,-0.383,0.001,0
-9.595,-0.401,-0.004,0
-9.589,-0.387,-0.006,0
-9.582,-0.383,-0.004,0
-9.584,-0.392,-0.006,0
-9.582,-0.383,-0.006,0
-9.584,-0.385,-0.003,0
-9.595,-0.384,0.003,0
-9.591,-0.376,0.003,0
-9.58,-0.39,-0.004,0
-9.587,-0.39,-0.006,0
-9.579,-0.385,-0.003,0
-9.577,-0.39,-0.031,0
-9.582,-0.398,-0.056,0
-9.581,-0.396,-0.076,0
-9.582,-0.392,-0.076,0
-9.582,-0.387,-0.074,0
-9.591,-0.389,-0.078,0
-9.595,-0.401,-0.074,0
-9.591,-0.387,-0.067,0
-9.589,-0.403,-0.067,0
-9.595,-0.398,-0.045,0
-9.588,-0.405,-0.044,0
-9.593,-0.408,-0.036,0
-9.595,-0.412,-0.02,0
-9.598,-0.399,-0.029,0
-9.598,-0.392,-0.007,0
-9.589,-0.383,-0.004,0
