AccV,AccML,AccAP,FoG
-9.177,0.029,-2.602,0
-9.182,0.007,-2.592,0
-9.187,-0.022,-2.602,0
-9.186,-0.038,-2.59,0
-9.186,-0.049,-2.59,0
-9.184,-0.042,-2.617,0
-9.178,-0.045,-2.638,0
-9.155,-0.041,-2.642,0
-9.16,-0.034,-2.656,0
-9.157,-0.031,-2.649,0
-9.159,-0.031,-2.687,0
-9.153,-0.032,-2.696,0
-9.153,-0.041,-2.699,0
-9.16,-0.046,-2.695,0
-9.157,-0.043,-2.674,0
-9.161,-0.052,-2.676,0
-9.173,-0.063,-2.685,0
-9.156,-0.079,-2.656,0
-9.159,-0.079,-2.633,0
-9.166,-0.072,-2.627,0
-9.159,-0.05,-2.645,0
-9.198,-0.029,-2.737,0
-9.189,-0.043,-2.834,0
-9.157,-0.045,-2.805,0
-9.155,-0.057,-2.69,0
-9.152,-0.084,-2.581,0
-9.16,-0.052,-2.57,0
-9.164,-0.075,-2.59,0
-9.163,-0.081,-2.552,0
-9.159,-0.104,-2.518,0
-9.159,-0.063,-2.543,0
-9.153,-0.021,-2.554,0
-9.158,-0.032,-2.552,0
-9.162,-0.039,-2.557,0
-9.172,0.027,-2.575,0
-9.188,0.033,-2.588,0
-9.181,0.027,-2.552,0
-9.204,0.027,-2.523,0
-9.169,0.027,-2.532,0
-9.173,0.021,-2.57,0
-9.171,0.01,-2.594,0
-9.166,-0.013,-2.572,0
-9.187,0.001,-2.524,0
-9.181,0.009,-2.521,0
-9.208,0.014,-2.509,0
-9.205,-0.011,-2.495,0
-9.189,-0.001,-2.504,0
-9.205,0.032,-2.491,0
-9.201,0.027,-2.52,0
-9.178,0.023,-2.529,0
-9.185,0.026,-2.576,0
-9.167,0.027,-2.606,0
-9.17,0.069,-2.663,0
-9.18,0.104,-2.737,0
-9.171,0.124,-2.771,0
-9.189,0.133,-2.76,0
-9.203,0.133,-2.728,0
-9.205,0.133,-2.76,0
-9.223,0.168,-2.812,0
-9.196,0.165,-2.721,0
-9.152,0.136,-2.591,0
-9.171,0.144,-2.568,0
-9.222,0.073,-2.59,0
-9.194,0.048,-2.552,0
-9.181,0.047,-2.579,0
-9.186,0.07,-2.577,0
-9.188,0.079,-2.55,0
-9.215,0.075,-2.57,0
-9.233,0.084,-2.55,0
-9.227,0.052,-2.523,0
-9.201,0.039,-2.464,0
-9.214,0.014,-2.396,0
-9.219,0.007,-2.376,0
-9.212,0.015,-2.373,0
-9.219,0.019,-2.403,0
-9.207,-0.009,-2.446,0
-9.22,-0.015,-2.475,0
-9.207,-0.013,-2.479,0
-9.198,-0.015,-2.507,0
-9.201,-0.009,-2.527,0
-9.184,-0.006,-2.54,0
-9.184,-0.013,-2.551,0
-9.18,-0.018,-2.579,0
-9.177,-0.015,-2.61,0
-9.177,-0.015,-2.622,0
-9.194,-0.009,-2.624,0
-9.196,-0.011,-2.627,0
-9.196,-0.008,-2.624,0
-9.185,-0.009,-2.642,0
-9.18,-0.011,-2.656,0
-9.193,-0.001,-2.653,0
-9.191,0.019,-2.635,0
-9.185,0.032,-2.62,0
-9.184,0.035,-2.612,0
-9.176,0.046,-2.603,0
-9.194,0.059,-2.59,0
-9.204,0.059,-2.565,0
-9.193,0.063,-2.554,0
-9.203,0.066,-2.552,0
-9.186,0.069,-2.564,0
-9.193,0.07,-2.595,0
-9.188,0.086,-2.633,0
-9.179,0.095,-2.651,0
-9.195,0.1,-2.649,0
-9.197,0.093,-2.626,0
-9.199,0.08,-2.572,0
-9.195,0.082,-2.556,0
-9.202,0.079,-2.552,0
-9.209,0.075,-2.554,0
-9.215,0.068,-2.547,0
-9.211,0.068,-2.543,0
-9.197,0.063,-2.55,0
-9.195,0.059,-2.531,0
-9.203,0.055,-2.545,0
-9.206,0.029,-2.554,0
-9.19,0.032,-2.554,0
-9.188,0.038,-2.552,0
-9.188,0.036,-2.563,0
-9.183,0.043,-2.588,0
-9.179,0.038,-2.606,0
-9.17,0.038,-2.638,0
-9.172,0.033,-2.633,0
-9.17,0.056,-2.635,0
-9.175,0.058,-2.647,0
-9.176,0.047,-2.633,0
-9.165,0.036,-2.626,0
-9.17,0.042,-2.629,0
-9.177,0.033,-2.611,0
-9.182,0.058,-2.588,0
-9.191,0.083,-2.552,0
-9.199,0.103,-2.567,0
-9.191,0.091,-2.577,0
-9.195,0.077,-2.557,0
-9.197,0.063,-2.534,0
-9.199,0.061,-2.493,0
-9.193,0.072,-2.5,0
-9.196,0.095,-2.534,0
-9.187,0.092,-2.545,0
-9.191,0.094,-2.557,0
-9.196,0.072,-2.559,0
-9.195,0.066,-2.552,0
-9.195,0.063,-2.57,0
-9.195,0.056,-2.564,0
-9.197,0.061,-2.559,0
-9.19,0.047,-2.557,0
-9.194,0.025,-2.559,0
-9.208,0.028,-2.57,0
-9.195,0.034,-2.577,0
-9.193,0.065,-2.654,0
-9.169,0.065,-2.659,0
-9.163,0.054,-2.609,0
-9.182,0.06,-2.622,0
-9.193,0.076,-2.665,0
-9.153,0.098,-2.647,0
-9.155,0.107,-2.67,0
-9.19,0.043,-2.74,0
-9.188,0.031,-2.681,0
-9.179,0.031,-2.636,0
-9.154,0.125,-2.562,0
-9.197,0.146,-2.661,0
-9.188,0.13,-2.704,0
-9.178,0.085,-2.668,0
-9.163,0.038,-2.586,0
-9.163,0.004,-2.523,0
-9.188,0.027,-2.521,0
-9.195,0.05,-2.541,0
-9.209,0.068,-2.532,0
-9.2,0.072,-2.511,0
-9.198,0.056,-2.473,0
-9.204,0.027,-2.464,0
-9.224,0.014,-2.457,0
-9.224,0.037,-2.489,0
-9.211,0.048,-2.52,0
-9.22,0.073,-2.516,0
-9.206,0.068,-2.529,0
-9.195,0.059,-2.525,0
-9.183,0.041,-2.536,0
-9.175,0.047,-2.568,0
-9.163,0.044,-2.611,0
-9.166,0.071,-2.647,0
-9.176,0.087,-2.704,0
-9.159,0.092,-2.699,0
-9.162,0.094,-2.693,0
-9.159,0.083,-2.685,0
-9.175,0.04,-2.661,0
-9.192,0.016,-2.652,0
-9.181,0.02,-2.625,0
-9.161,0.027,-2.586,0
-9.176,-0.014,-2.55,0
-9.196,-0.021,-2.55,0
-9.193,-0.034,-2.568,0
-9.205,-0.018,-2.575,0
-9.216,-0.01,-2.57,0
-9.217,0.009,-2.609,0
-9.194,0.027,-2.599,0
-9.196,0.025,-2.595,0
-9.208,0.034,-2.604,0
-9.194,0.032,-2.599,0
-9.204,0.034,-2.591,0
-9.212,0.041,-2.599,0
-9.206,0.037,-2.55,0
-9.211,0.045,-2.525,0
-9.208,0.043,-2.52,0
-9.226,0.036,-2.491,0
-9.217,0.035,-2.466,0
-9.23,0.033,-2.468,0
-9.213,0.038,-2.482,0
-9.194,0.059,-2.491,0
-9.198,0.076,-2.541,0
-9.196,0.105,-2.575,0
-9.194,0.11,-2.634,0
-9.187,0.113,-2.651,0
-9.182,0.111,-2.658,0
-9.168,0.099,-2.672,0
-9.159,0.106,-2.69,0
-9.171,0.106,-2.697,0
-9.162,0.103,-2.697,0
-9.16,0.121,-2.699,0
-9.16,0.144,-2.701,0
-9.162,0.144,-2.697,0
-9.164,0.128,-2.697,0
-9.175,0.115,-2.706,0
-9.177,0.095,-2.71,0
-9.16,0.071,-2.684,0
-9.159,0.051,-2.67,0
-9.161,0.019,-2.663,0
-9.173,0.01,-2.66,0
-9.171,0.014,-2.638,0
-9.164,0.025,-2.599,0
-9.192,0.025,-2.566,0
-9.177,0.038,-2.552,0
-9.194,0.023,-2.55,0
-9.183,0.041,-2.577,0
-9.174,0.018,-2.527,0
-9.177,-0.003,-2.505,0
-9.192,0.009,-2.532,0
-9.198,-0.009,-2.556,0
-9.203,-0.011,-2.561,0
-9.189,-0.013,-2.552,0
-9.184,-0.052,-2.518,0
-9.184,-0.054,-2.538,0
-9.191,-0.038,-2.554,0
-9.187,-0.013,-2.584,0
-9.171,0.007,-2.606,0
-9.169,-0.0,-2.636,0
-9.162,0.002,-2.663,0
-9.155,0.012,-2.664,0
-9.144,0.038,-2.694,0
-9.143,0.04,-2.697,0
-9.152,0.049,-2.697,0
-9.158,0.054,-2.687,0
-9.155,0.051,-2.681,0
-9.163,0.043,-2.66,0
-9.168,0.063,-2.613,0
-9.183,0.05,-2.579,0
-9.186,0.057,-2.568,0
-9.177,0.042,-2.588,0
-9.176,0.032,-2.602,0
-9.179,0.041,-2.631,0
-9.19,0.041,-2.619,0
-9.179,0.036,-2.599,0
-9.183,0.037,-2.606,0
-9.171,0.016,-2.593,0
-9.174,-0.0,-2.59,0
-9.18,0.014,-2.599,0
-9.181,0.034,-2.624,0
-9.171,0.032,-2.629,0
-9.181,0.034,-2.629,0
-9.171,0.034,-2.631,0
-9.172,0.049,-2.647,0
-9.179,0.07,-2.685,0
-9.167,0.072,-2.692,0
-9.159,0.067,-2.717,0
-9.162,0.069,-2.718,0
-9.159,0.087,-2.708,0
-9.161,0.074,-2.719,0
-9.156,0.074,-2.696,0
-9.154,0.067,-2.676,0
-9.159,0.072,-2.676,0
-9.159,0.067,-2.692,0
-9.162,0.071,-2.692,0
-9.154,0.076,-2.678,0
-9.155,0.099,-2.688,0
-9.162,0.09,-2.697,0
-9.159,0.092,-2.692,0
-9.164,0.078,-2.659,0
-9.179,0.063,-2.631,0
-9.178,0.057,-2.624,0
-9.178,0.048,-2.617,0
-9.17,0.049,-2.627,0
-9.181,0.043,-2.647,0
-9.165,0.052,-2.66,0
-9.172,0.059,-2.678,0
-9.166,0.067,-2.681,0
-9.164,0.053,-2.659,0
-9.168,0.053,-2.668,0
-9.159,0.039,-2.67,0
-9.163,0.036,-2.649,0
-9.168,0.047,-2.668,0
-9.177,0.052,-2.658,0
-9.159,0.051,-2.649,0
-9.166,0.047,-2.661,0
-9.163,0.056,-2.667,0
-9.168,0.054,-2.66,0
-9.175,0.056,-2.663,0
-9.164,0.058,-2.659,0
-9.159,0.056,-2.66,0
-9.157,0.051,-2.665,0
-9.159,0.063,-2.674,0
-9.161,0.056,-2.694,0
-9.17,0.072,-2.685,0
-9.166,0.072,-2.683,0
-9.17,0.058,-2.67,0
-9.184,0.059,-2.658,0
-9.175,0.042,-2.65,0
-9.157,0.042,-2.668,0
-9.175,0.049,-2.647,0
-9.183,0.032,-2.658,0
-9.17,0.052,-2.713,0
-9.154,0.031,-2.656,0
-9.156,0.015,-2.638,0
-9.175,0.015,-2.675,0
-9.172,0.049,-2.701,0
-9.161,0.069,-2.708,0
-9.152,0.065,-2.697,0
-9.156,0.063,-2.655,0
-9.164,0.06,-2.618,0
-9.173,0.063,-2.607,0
-9.187,0.074,-2.604,0
-9.176,0.094,-2.62,0
-9.169,0.087,-2.629,0
-9.177,0.081,-2.649,0
-9.154,0.072,-2.667,0
-9.159,0.056,-2.679,0
-9.161,0.051,-2.699,0
-9.163,0.032,-2.694,0
-9.158,0.045,-2.705,0
-9.161,0.049,-2.699,0
-9.159,0.051,-2.667,0
-9.161,0.045,-2.656,0
-9.164,0.035,-2.647,0
-9.167,0.039,-2.646,0
-9.165,0.038,-2.649,0
-9.177,0.033,-2.658,0
-9.175,0.058,-2.64,0
-9.166,0.056,-2.647,0
-9.161,0.049,-2.678,0
-9.151,0.038,-2.669,0
-9.149,0.038,-2.674,0
-9.147,0.035,-2.685,0
-9.161,0.031,-2.699,0
-9.156,0.045,-2.697,0
-9.154,0.033,-2.697,0
-9.154,0.028,-2.672,0
-9.141,0.035,-2.665,0
-9.165,0.063,-2.681,0
-9.171,0.06,-2.673,0
-9.156,0.074,-2.69,0
-9.162,0.071,-2.704,0
-9.154,0.056,-2.697,0
-9.159,0.042,-2.695,0
-9.159,0.035,-2.67,0
-9.158,0.036,-2.667,0
-9.159,0.04,-2.683,0
-9.155,0.048,-2.695,0
-9.162,0.069,-2.702,0
-9.16,0.083,-2.708,0
-9.151,0.096,-2.708,0
-9.155,0.105,-2.708,0
-9.162,0.115,-2.724,0
-9.146,0.098,-2.722,0
-9.151,0.101,-2.711,0
-9.155,0.09,-2.701,0
-9.159,0.106,-2.699,0
-9.16,0.105,-2.688,0
-9.16,0.094,-2.686,0
-9.16,0.073,-2.679,0
-9.161,0.058,-2.674,0
-9.164,0.044,-2.663,0
-9.161,0.056,-2.688,0
-9.153,0.06,-2.695,0
-9.154,0.054,-2.681,0
-9.154,0.058,-2.685,0
-9.161,0.035,-2.706,0
-9.152,0.04,-2.697,0
-9.157,0.035,-2.715,0
-9.156,0.042,-2.726,0
-9.14,0.04,-2.728,0
-9.152,0.045,-2.735,0
-9.156,0.047,-2.719,0
-9.154,0.051,-2.692,0
-9.152,0.04,-2.67,0
-9.154,0.047,-2.663,0
-9.163,0.051,-2.663,0
-9.155,0.058,-2.686,0
-9.143,0.056,-2.699,0
-9.149,0.049,-2.696,0
-9.159,0.047,-2.699,0
-9.159,0.056,-2.699,0
-9.159,0.046,-2.708,0
-9.159,0.058,-2.717,0
-9.159,0.058,-2.703,0
-9.154,0.058,-2.692,0
-9.148,0.051,-2.67,0
-9.146,0.037,-2.677,0
-9.159,0.052,-2.697,0
-9.158,0.042,-2.683,0
-9.161,0.065,-2.735,0
-9.152,0.056,-2.719,0
-9.146,0.051,-2.656,0
-9.156,0.038,-2.694,0
-9.157,0.049,-2.722,0
-9.166,0.067,-2.706,0
-9.154,0.06,-2.69,0
-9.158,0.054,-2.653,0
-9.152,0.037,-2.636,0
-9.175,0.045,-2.652,0
-9.175,0.047,-2.672,0
-9.163,0.05,-2.692,0
-9.153,0.058,-2.706,0
-9.145,0.058,-2.726,0
-9.143,0.051,-2.765,0
-9.141,0.038,-2.771,0
-9.138,0.035,-2.765,0
-9.154,0.047,-2.731,0
-9.157,0.063,-2.701,0
-9.15,0.069,-2.69,0
-9.157,0.072,-2.683,0
-9.151,0.059,-2.685,0
-9.159,0.053,-2.681,0
-9.154,0.04,-2.708,0
-9.147,0.058,-2.692,0
-9.16,0.061,-2.671,0
-9.161,0.068,-2.671,0
-9.161,0.065,-2.683,0
-9.155,0.069,-2.695,0
-9.154,0.065,-2.687,0
-9.159,0.06,-2.681,0
-9.163,0.052,-2.683,0
-9.156,0.054,-2.701,0
-9.152,0.051,-2.717,0
-9.16,0.034,-2.699,0
-9.154,0.036,-2.701,0
-9.158,0.043,-2.708,0
-9.159,0.053,-2.713,0
-9.159,0.063,-2.706,0
-9.152,0.06,-2.703,0
-9.156,0.045,-2.701,0
-9.15,0.04,-2.699,0
-9.151,0.038,-2.696,0
-9.161,0.047,-2.697,0
-9.158,0.059,-2.694,0
-9.161,0.063,-2.696,0
-9.152,0.062,-2.704,0
-9.148,0.049,-2.697,0
-9.15,0.033,-2.708,0
-9.149,0.041,-2.708,0
-9.15,0.047,-2.703,0
-9.158,0.052,-2.701,0
-9.159,0.04,-2.697,0
-9.158,0.057,-2.694,0
-9.161,0.052,-2.69,0
-9.156,0.051,-2.69,0
-9.168,0.053,-2.668,0
-9.159,0.04,-2.681,0
-9.163,0.052,-2.681,0
-9.161,0.056,-2.69,0
-9.155,0.072,-2.744,0
-9.15,0.099,-2.845,0
-9.122,0.139,-3.011,0
-9.095,0.195,-3.193,0
-9.062,0.21,-3.264,0
-9.057,0.185,-3.261,0
-9.112,0.103,-3.223,0
-9.167,-0.002,-2.988,0
-9.2,-0.038,-2.665,0
-9.283,-0.1,-2.457,0
-9.343,-0.135,-2.335,0
-9.355,-0.115,-2.186,0
-9.316,-0.055,-2.071,0
-9.273,-0.049,-1.974,0
-9.226,-0.02,-1.94,0
-9.208,-0.027,-1.969,0
-9.181,-0.023,-2.053,0
-9.167,0.031,-2.204,0
-9.16,0.094,-2.376,0
-9.119,0.118,-2.496,0
-9.127,0.133,-2.596,0
-9.115,0.134,-2.654,0
-9.122,0.134,-2.749,0
-9.126,0.111,-2.83,0
-9.13,0.105,-2.862,0
-9.133,0.094,-2.882,0
-9.128,0.096,-2.894,0
-9.142,0.112,-2.828,0
-9.147,0.12,-2.765,0
-9.16,0.142,-2.789,0
-9.164,0.096,-2.731,0
-9.159,0.04,-2.604,0
-9.21,-0.036,-2.622,0
-9.224,-0.119,-2.557,0
-9.223,-0.153,-2.536,0
-9.262,-0.177,-2.493,0
-9.292,-0.262,-2.342,0
-9.315,-0.228,-2.231,0
-9.334,-0.167,-2.245,0
-9.298,-0.163,-2.338,0
-9.269,-0.116,-2.297,0
-9.256,-0.084,-2.202,0
-9.248,-0.056,-2.187,0
-9.243,-0.058,-2.284,0
-9.224,-0.101,-2.29,0
-9.218,-0.097,-2.345,0
-9.214,-0.066,-2.415,0
-9.2,-0.043,-2.496,0
-9.173,-0.036,-2.525,0
-9.167,-0.023,-2.568,0
-9.176,-0.03,-2.595,0
-9.151,-0.023,-2.611,0
-9.14,-0.046,-2.611,0
-9.137,-0.042,-2.627,0
-9.149,-0.053,-2.668,0
-9.157,-0.091,-2.654,0
-9.17,-0.126,-2.631,0
-9.186,-0.118,-2.593,0
-9.175,-0.057,-2.57,0
-9.176,0.009,-2.568,0
-9.163,0.058,-2.559,0
-9.178,0.078,-2.55,0
-9.18,0.062,-2.528,0
-9.175,0.058,-2.525,0
-9.173,0.056,-2.548,0
-9.169,-0.016,-2.55,0
-9.183,-0.023,-2.541,0
-9.171,-0.023,-2.532,0
-9.181,-0.09,-2.588,0
-9.207,-0.027,-2.638,0
-9.178,-0.028,-2.677,0
-9.168,0.043,-2.679,0
-9.171,0.085,-2.74,0
-9.18,0.092,-2.742,0
-9.189,0.096,-2.722,0
-9.182,0.115,-2.728,0
-9.148,0.049,-2.661,0
-9.166,0.019,-2.643,0
-9.186,0.029,-2.688,0
-9.163,0.027,-2.699,0
-9.159,0.036,-2.694,0
-9.159,0.053,-2.713,0
-9.146,0.069,-2.737,0
-9.139,0.073,-2.747,0
-9.148,0.103,-2.778,0
-9.132,0.09,-2.789,0
-9.127,0.083,-2.803,0
-9.125,0.092,-2.816,0
-9.132,0.097,-2.834,0
-9.128,0.107,-2.828,0
-9.139,0.094,-2.812,0
-9.129,0.088,-2.803,0
-9.135,0.091,-2.765,0
-9.144,0.085,-2.76,0
-9.153,0.071,-2.738,0
-9.154,0.06,-2.731,0
-9.152,0.065,-2.715,0
-9.152,0.062,-2.71,0
-9.159,0.06,-2.699,0
-9.159,0.07,-2.697,0
-9.161,0.062,-2.699,0
-9.163,0.052,-2.69,0
-9.154,0.044,-2.683,0
-9.134,0.058,-2.708,0
-9.139,0.065,-2.724,0
-9.128,0.082,-2.756,0
-9.123,0.073,-2.783,0
-9.143,0.035,-2.796,0
-9.143,0.031,-2.76,0
-9.149,0.031,-2.737,0
-9.136,0.056,-2.746,0
-9.121,0.076,-2.753,0
-9.13,0.089,-2.783,0
-9.144,0.087,-2.785,0
-9.127,0.071,-2.767,0
-9.121,0.082,-2.738,0
-9.13,0.078,-2.722,0
-9.134,0.055,-2.738,0
-9.128,0.057,-2.801,0
-9.119,0.066,-2.801,0
-9.123,0.06,-2.756,0
-9.143,0.072,-2.755,0
-9.159,0.087,-2.762,0
-9.161,0.095,-2.739,0
-9.152,0.093,-2.721,0
-9.15,0.07,-2.676,0
-9.146,0.071,-2.656,0
-9.154,0.056,-2.665,0
-9.155,0.074,-2.686,0
-9.152,0.076,-2.708,0
-9.139,0.069,-2.735,0
-9.139,0.076,-2.76,0
-9.139,0.071,-2.776,0
-9.144,0.062,-2.763,0
-9.143,0.058,-2.755,0
-9.14,0.047,-2.755,0
-9.127,0.049,-2.749,0
-9.134,0.044,-2.747,0
-9.125,0.042,-2.74,0
-9.136,0.056,-2.744,0
-9.138,0.062,-2.742,0
-9.135,0.05,-2.749,0
-9.131,0.043,-2.753,0
-9.138,0.031,-2.751,0
-9.138,0.038,-2.749,0
-9.119,0.078,-2.701,0
-9.162,0.062,-2.738,0
-9.178,-0.011,-2.778,0
-9.142,-0.019,-2.728,0
-9.108,0.091,-2.692,0
-9.135,0.134,-2.71,0
-9.159,0.115,-2.733,0
-9.153,0.076,-2.756,0
-9.143,0.06,-2.767,0
-9.141,0.072,-2.758,0
-9.116,0.053,-2.742,0
-9.129,0.035,-2.722,0
-9.14,0.051,-2.73,0
-9.142,0.075,-2.733,0
-9.143,0.072,-2.737,0
-9.141,0.071,-2.735,0
-9.146,0.08,-2.72,0
-9.141,0.094,-2.726,0
-9.144,0.11,-2.744,0
-9.142,0.116,-2.756,0
-9.13,0.114,-2.771,0
-9.125,0.098,-2.769,0
-9.123,0.087,-2.778,0
-9.126,0.087,-2.774,0
-9.124,0.075,-2.767,0
-9.129,0.067,-2.771,0
-9.147,0.07,-2.76,0
-9.143,0.051,-2.742,0
-9.136,0.044,-2.735,0
-9.15,0.056,-2.735,0
-9.145,0.056,-2.728,0
-9.146,0.064,-2.715,0
-9.137,0.062,-2.722,0
-9.128,0.057,-2.733,0
-9.109,0.087,-2.687,0
-9.13,0.1,-2.692,0
-9.18,0.007,-2.787,0
-9.172,-0.07,-2.805,0
-9.119,0.008,-2.703,0
-9.119,0.107,-2.674,0
-9.144,0.135,-2.731,0
-9.151,0.112,-2.763,0
-9.143,0.08,-2.771,0
-9.129,0.058,-2.782,0
-9.121,0.039,-2.747,0
-9.14,0.029,-2.699,0
-9.151,0.022,-2.701,0
-9.145,0.04,-2.73,0
-9.143,0.069,-2.765,0
-9.137,0.089,-2.767,0
-9.135,0.096,-2.756,0
-9.145,0.109,-2.738,0
-9.148,0.105,-2.753,0
-9.138,0.114,-2.772,0
-9.143,0.109,-2.765,0
-9.144,0.105,-2.751,0
-9.139,0.087,-2.763,0
-9.119,0.073,-2.762,0
-9.132,0.072,-2.762,0
-9.14,0.063,-2.764,0
-9.125,0.069,-2.787,0
-9.123,0.062,-2.778,0
-9.123,0.055,-2.751,0
-9.143,0.064,-2.774,0
-9.155,0.071,-2.769,0
-9.155,0.087,-2.76,0
-9.136,0.095,-2.743,0
-9.13,0.087,-2.726,0
-9.138,0.051,-2.69,0
-9.149,0.04,-2.678,0
-9.163,0.034,-2.699,0
-9.145,0.047,-2.715,0
-9.138,0.049,-2.737,0
-9.127,0.051,-2.755,0
-9.129,0.056,-2.771,0
-9.124,0.063,-2.768,0
-9.145,0.06,-2.762,0
-9.145,0.042,-2.755,0
-9.129,0.049,-2.741,0
-9.129,0.056,-2.735,0
-9.146,0.062,-2.733,0
-9.145,0.054,-2.737,0
-9.134,0.053,-2.74,0
-9.13,0.055,-2.747,0
-9.143,0.063,-2.735,0
-9.138,0.069,-2.73,0
-9.145,0.083,-2.744,0
-9.132,0.085,-2.748,0
-9.145,0.079,-2.733,0
-9.139,0.087,-2.733,0
-9.136,0.077,-2.741,0
-9.132,0.085,-2.753,0
-9.125,0.087,-2.753,0
-9.132,0.085,-2.749,0
-9.137,0.082,-2.756,0
-9.128,0.087,-2.765,0
-9.137,0.078,-2.767,0
-9.127,0.067,-2.755,0
-9.128,0.071,-2.753,0
-9.13,0.064,-2.762,0
-9.144,0.066,-2.742,0
-9.134,0.051,-2.742,0
-9.141,0.06,-2.733,0
-9.139,0.049,-2.731,0
-9.13,0.053,-2.733,0
-9.132,0.069,-2.749,0
-9.136,0.062,-2.753,0
-9.127,0.058,-2.762,0
-9.123,0.053,-2.78,0
-9.127,0.04,-2.782,0
-9.118,0.065,-2.787,0
-9.127,0.065,-2.796,0
-9.123,0.074,-2.782,0
-9.125,0.058,-2.771,0
-9.127,0.06,-2.764,0
-9.124,0.047,-2.762,0
-9.13,0.059,-2.742,0
-9.141,0.06,-2.733,0
-9.141,0.076,-2.733,0
-9.139,0.074,-2.733,0
-9.142,0.075,-2.729,0
-9.141,0.062,-2.722,0
-9.137,0.051,-2.715,0
-9.151,0.062,-2.727,0
-9.155,0.067,-2.719,0
-9.139,0.083,-2.731,0
-9.142,0.084,-2.747,0
-9.137,0.078,-2.744,0
-9.148,0.071,-2.749,0
-9.143,0.072,-2.776,0
-9.142,0.078,-2.783,0
-9.118,0.085,-2.782,0
-9.128,0.085,-2.771,0
-9.118,0.069,-2.755,0
-9.134,0.067,-2.773,0
-9.124,0.058,-2.78,0
-9.123,0.065,-2.794,0
-9.134,0.069,-2.778,0
-9.145,0.067,-2.76,0
-9.128,0.064,-2.749,0
-9.137,0.067,-2.735,0
-9.139,0.06,-2.744,0
-9.136,0.04,-2.737,0
-9.129,0.04,-2.782,0
-9.119,0.059,-2.765,0
-9.139,0.06,-2.749,0
-9.153,0.058,-2.765,0
-9.15,0.067,-2.78,0
-9.136,0.074,-2.758,0
-9.141,0.058,-2.735,0
-9.136,0.063,-2.728,0
-9.136,0.055,-2.715,0
-9.141,0.069,-2.717,0
-9.132,0.057,-2.733,0
-9.134,0.064,-2.737,0
-9.136,0.063,-2.744,0
-9.147,0.045,-2.75,0
-9.141,0.054,-2.742,0
-9.132,0.062,-2.76,0
-9.13,0.084,-2.771,0
-9.123,0.082,-2.769,0
-9.125,0.083,-2.771,0
-9.127,0.072,-2.755,0
-9.126,0.066,-2.758,0
-9.141,0.056,-2.76,0
-9.136,0.06,-2.753,0
-9.139,0.058,-2.758,0
-9.138,0.056,-2.742,0
-9.134,0.064,-2.731,0
-9.152,0.06,-2.735,0
-9.15,0.058,-2.719,0
-9.15,0.062,-2.708,0
-9.156,0.07,-2.723,0
-9.161,0.076,-2.708,0
-9.143,0.045,-2.697,0
-9.14,0.022,-2.696,0
-9.147,-0.008,-2.704,0
-9.161,-0.037,-2.727,0
-9.187,-0.011,-2.764,0
-9.178,0.014,-2.735,0
-9.183,0.041,-2.613,0
-9.199,0.027,-2.586,0
-9.192,0.014,-2.604,0
-9.162,-0.071,-2.539,0
-9.156,-0.135,-2.498,0
-9.16,-0.129,-2.577,0
-9.176,0.018,-2.717,0
-9.155,0.124,-2.78,0
-9.037,0.047,-2.751,0
-9.028,0.044,-2.774,0
-9.104,0.055,-2.889,0
-9.098,0.078,-2.895,0
-9.11,0.091,-2.9,0
-9.128,0.092,-2.886,0
-9.146,0.135,-2.895,0
-9.123,0.096,-2.895,0
-9.172,0.047,-2.916,0
-9.224,0.046,-2.882,0
-9.251,0.145,-2.918,0
-9.322,0.27,-2.979,0
-9.382,0.422,-2.937,0
-9.49,0.435,-2.993,0
-9.398,0.352,-3.011,0
-9.105,0.233,-3.063,0
-9.231,0.238,-3.069,0
-9.379,0.292,-3.268,0
-9.594,0.061,-3.385,0
-9.857,-0.519,-3.041,0
-10.452,-1.417,-2.835,0
-10.835,-1.523,-2.956,0
-11.225,-1.386,-3.148,0
-11.905,-1.01,-3.071,0
-11.989,-0.854,-3.035,0
-11.493,-0.826,-2.807,0
-11.111,-0.941,-2.677,0
-10.829,-0.476,-2.805,0
-10.268,0.022,-2.802,0
-9.752,0.335,-2.712,0
-9.507,0.502,-2.625,0
-9.602,0.574,-2.726,0
-9.931,0.934,-2.668,0
-10.08,0.763,-2.472,0
-10.038,0.319,-2.552,0
-10.062,0.09,-2.554,0
-10.188,-0.074,-2.624,0
-10.296,-0.221,-2.563,0
-10.318,-0.323,-2.583,0
-10.276,-0.336,-2.483,0
-10.217,-0.317,-2.391,0
-10.066,-0.349,-2.391,0
-10.062,-0.47,-2.048,0
-10.318,-0.644,-1.866,0
-10.455,-0.723,-1.713,0
-10.71,-0.874,-1.333,0
-11.122,-0.902,-0.583,0
-11.543,-0.789,-0.248,0
-11.931,-0.66,-0.195,0
-12.24,-0.534,0.052,0
-12.26,-0.389,0.149,0
-12.15,-0.403,0.867,0
-12.022,-0.424,1.648,0
-11.821,-0.473,1.774,0
-11.637,-0.639,1.854,0
-11.028,-0.66,1.402,0
-10.405,-0.547,1.019,0
-10.938,-0.548,1.767,0
-10.749,-0.915,1.781,0
-10.228,-1.365,2.278,0
-10.579,-1.282,2.922,0
-11.059,-0.687,2.54,0
-11.331,-0.267,2.248,0
-11.23,-0.11,2.481,0
-10.491,-0.057,2.932,0
-9.779,-0.149,3.218,0
-9.415,-0.39,3.29,0
-9.322,-0.62,3.226,0
-9.605,-0.758,3.289,0
-10.056,-0.785,3.354,0
-10.326,-0.688,3.37,0
-10.374,-0.489,3.465,0
-10.285,-0.313,3.749,0
-10.185,-0.135,3.943,0
-10.078,0.106,3.897,0
-9.988,0.242,3.782,0
-9.984,0.141,3.943,0
-10.084,-0.027,4.088,0
-10.173,-0.137,4.009,0
-10.303,-0.338,3.997,0
-10.438,-0.574,4.021,0
-10.485,-0.78,3.969,0
-10.543,-0.916,3.917,0
-10.57,-0.936,3.829,0
-10.548,-0.926,3.815,0
-10.579,-0.851,3.811,0
-10.632,-0.762,3.716,0
-10.587,-0.718,3.723,0
-10.368,-0.719,3.774,0
-10.199,-0.755,3.63,0
-10.075,-0.687,3.397,0
-9.949,-0.723,3.198,0
-9.72,-0.78,2.943,0
-9.502,-0.701,2.823,0
-9.253,-0.736,2.667,0
-9.036,-0.748,2.516,0
-8.836,-0.756,2.349,0
-8.734,-0.8,2.154,0
-8.62,-0.836,1.98,0
-8.381,-0.857,1.942,0
-8.221,-0.824,1.852,0
-8.019,-0.921,1.666,0
-7.852,-0.969,1.628,0
-7.741,-0.955,1.627,0
-7.518,-0.914,1.585,0
-7.414,-0.828,1.566,0
-7.354,-0.734,1.514,0
-7.277,-0.679,1.449,0
-7.278,-0.587,1.304,0
-7.225,-0.538,1.259,0
-7.173,-0.516,1.306,0
-7.148,-0.476,1.207,0
-7.074,-0.461,1.112,0
-6.997,-0.492,1.229,0
-6.96,-0.567,1.293,0
-6.968,-0.643,1.347,0
-6.981,-0.645,1.433,0
-6.992,-0.544,1.44,0
-7.006,-0.476,1.514,0
-7.085,-0.367,1.647,0
-7.193,-0.233,1.792,0
-7.363,-0.203,1.984,0
-7.572,-0.112,2.244,0
-7.763,0.102,2.238,0
-7.985,0.272,2.139,0
-8.009,0.353,2.078,0
-7.867,0.261,2.044,0
-7.585,0.047,2.082,0
-7.312,-0.258,2.013,0
-7.129,-0.587,1.747,0
-7.025,-0.945,1.591,0
-7.067,-1.349,1.605,0
-7.307,-1.716,1.624,0
-7.766,-2.046,1.512,0
-8.324,-2.307,1.464,0
-8.806,-2.463,1.426,0
-9.074,-2.553,1.391,0
-9.25,-2.422,1.522,0
-9.344,-2.162,1.556,0
-9.329,-1.716,1.643,0
-9.248,-1.315,1.837,0
-9.051,-1.087,1.895,0
-8.754,-0.937,1.935,0
-8.334,-0.891,1.886,0
-8.054,-0.968,1.89,0
-7.98,-0.969,1.662,0
-7.968,-0.978,1.316,0
-7.946,-1.034,1.116,0
-7.944,-1.025,0.917,0
-8.114,-0.962,0.698,0
-8.237,-0.946,0.458,0
-8.43,-0.965,0.248,0
-8.673,-0.997,0.192,0
-8.836,-1.055,0.197,0
-8.963,-1.143,0.15,0
-9.071,-1.204,0.127,0
-9.16,-1.268,0.078,0
-9.175,-1.285,-0.078,0
-9.222,-1.334,-0.072,0
-9.341,-1.323,-0.182,0
-9.413,-1.331,-0.31,0
-9.532,-1.358,-0.407,0
-9.627,-1.32,-0.52,0
-9.599,-1.343,-0.638,0
-9.586,-1.35,-0.588,0
-9.533,-1.393,-0.717,0
-9.463,-1.435,-0.767,0
-9.44,-1.452,-0.794,0
-9.456,-1.442,-0.836,0
-9.515,-1.419,-0.898,0
-9.587,-1.332,-0.858,0
-9.543,-1.215,-0.832,0
-9.378,-1.104,-0.674,0
-9.217,-1.071,-0.483,0
-8.976,-1.043,-0.465,0
-8.757,-1.047,-0.415,0
-8.642,-1.123,-0.287,0
-8.552,-1.165,-0.268,0
-8.505,-1.17,-0.395,0
-8.466,-1.112,-0.492,0
-8.38,-1.105,-0.58,0
-8.255,-1.115,-0.668,0
-8.106,-1.112,-0.821,0
-7.927,-1.165,-0.901,0
-7.846,-1.283,-0.989,0
-7.836,-1.488,-1.0,0
-7.894,-1.669,-0.785,0
-8.075,-1.873,-0.4,0
-8.416,-2.179,0.451,0
-9.304,-2.302,1.849,0
-10.868,-2.233,3.364,0
-12.625,-1.88,3.378,0
-13.505,-1.104,1.662,0
-13.747,-0.226,0.979,0
-13.453,0.016,1.712,0
-12.912,0.138,1.608,0
-12.483,0.124,1.17,0
-12.364,-0.075,1.075,0
-12.672,-0.471,1.374,0
-12.947,-0.901,1.569,0
-12.824,-1.121,1.365,0
-12.825,-1.184,1.119,0
-12.79,-1.263,0.993,0
-12.297,-1.206,1.209,0
-11.407,-0.904,1.73,0
-10.493,-0.528,2.093,0
-9.698,-0.201,2.166,0
-9.113,0.086,2.036,0
-8.744,0.157,1.761,0
-8.55,0.017,1.526,0
-8.431,-0.187,1.321,0
-8.387,-0.397,1.172,0
-8.213,-0.577,1.027,0
-7.885,-0.646,1.041,0
-7.557,-0.575,1.065,0
-7.416,-0.357,0.995,0
-7.51,-0.134,0.965,0
-7.725,0.067,0.907,0
-7.99,0.15,0.929,0
-8.209,0.183,1.013,0
-8.349,0.138,1.169,0
-8.57,0.121,1.243,0
-8.807,0.033,1.185,0
-9.089,-0.059,1.136,0
-9.254,-0.182,1.043,0
-9.334,-0.388,0.994,0
-9.277,-0.576,0.94,0
-9.096,-0.75,0.881,0
-8.918,-0.856,0.816,0
-8.796,-0.855,0.676,0
-8.715,-0.82,0.577,0
-8.677,-0.745,0.538,0
-8.623,-0.606,0.429,0
-8.618,-0.446,0.334,0
-8.648,-0.295,0.257,0
-8.636,-0.201,0.117,0
-8.675,-0.121,-0.05,0
-8.606,-0.059,-0.163,0
-8.472,0.036,-0.317,0
-8.347,0.108,-0.45,0
-8.226,0.149,-0.583,0
-8.061,0.146,-0.64,0
-7.946,0.195,-0.863,0
-7.817,0.233,-0.995,0
-7.659,0.422,-0.909,0
-7.561,0.615,-0.824,0
-7.566,0.768,-0.88,0
-7.489,1.021,-0.219,0
-7.563,1.192,0.684,0
-7.747,1.271,1.341,0
-7.983,1.422,2.893,0
-9.019,1.194,4.597,0
-11.106,-0.111,4.256,0
-13.229,-2.079,2.382,0
-13.407,-3.855,0.138,0
-11.678,-4.658,-0.89,0
-10.163,-4.627,-0.726,0
-9.276,-3.748,-0.239,0
-8.671,-2.449,-0.075,0
-9.415,-0.678,1.342,0
-12.074,1.282,2.327,0
-14.461,3.16,-0.02,0
-15.509,4.733,-1.166,0
-15.784,5.104,1.528,0
-14.802,3.982,3.375,0
-13.629,2.127,3.198,0
-13.48,-0.325,2.476,0
-13.568,-2.378,1.229,0
-12.827,-3.338,0.284,0
-11.015,-3.162,-0.386,0
-9.269,-2.964,-0.32,0
-8.084,-2.935,0.422,0
-7.505,-2.78,1.163,0
-7.502,-2.448,1.679,0
-8.097,-2.104,2.018,0
-8.882,-1.749,1.937,0
-9.45,-1.613,1.872,0
-9.906,-1.599,1.704,0
-10.214,-1.474,1.351,0
-10.292,-1.239,1.215,0
-10.238,-0.988,1.219,0
-10.004,-0.812,1.139,0
-9.593,-0.667,1.162,0
-9.08,-0.734,1.331,0
-8.692,-0.919,1.432,0
-8.608,-1.107,1.417,0
-8.781,-1.128,1.363,0
-8.976,-1.044,1.261,0
-9.13,-0.87,1.221,0
-9.113,-0.664,1.254,0
-8.926,-0.358,1.231,0
-8.688,-0.025,1.183,0
-8.403,0.157,1.212,0
-8.168,0.19,1.226,0
-8.115,0.122,1.183,0
-8.186,-0.001,1.185,0
-8.426,-0.193,1.127,0
-8.746,-0.389,0.958,0
-8.976,-0.6,0.687,0
-9.036,-0.824,0.509,0
-9.026,-1.011,0.451,0
-8.959,-1.118,0.414,0
-8.919,-1.179,0.36,0
-9.038,-1.225,0.292,0
-9.137,-1.205,0.117,0
-9.206,-1.156,-0.042,0
-9.218,-1.093,-0.177,0
-9.181,-0.994,-0.31,0
-9.068,-0.904,-0.376,0
-8.931,-0.85,-0.39,0
-8.754,-0.819,-0.345,0
-8.582,-0.819,-0.404,0
-8.444,-0.851,-0.496,0
-8.314,-0.923,-0.517,0
-8.198,-0.987,-0.532,0
-8.099,-1.009,-0.569,0
-7.981,-1.038,-0.637,0
-7.914,-1.008,-0.661,0
-7.926,-0.936,-0.682,0
-7.996,-0.838,-0.7,0
-8.124,-0.692,-0.621,0
-8.311,-0.561,-0.519,0
-8.506,-0.522,-0.321,0
-8.682,-0.503,-0.146,0
-8.819,-0.427,-0.043,0
-8.895,-0.302,0.032,0
-8.967,-0.202,0.056,0
-8.858,-0.183,-0.054,0
-8.677,-0.094,-0.262,0
-8.665,-0.022,-0.47,0
-8.747,-0.135,-0.714,0
-8.826,-0.372,-0.939,0
-8.815,-0.846,-1.045,0
-8.715,-1.505,-0.884,0
-8.905,-2.311,-0.337,0
-9.708,-3.07,0.773,0
-11.288,-3.548,2.277,0
-13.786,-3.47,3.179,0
-15.709,-2.56,2.2,0
-16.623,-0.274,1.1,0
-17.393,1.411,1.648,0
-16.008,2.224,1.544,0
-12.866,2.061,1.145,0
-10.321,1.127,0.612,0
-9.071,0.643,0.205,0
-8.646,0.34,0.306,0
-9.141,0.052,0.327,0
-10.154,-0.14,0.154,0
-11.027,-0.216,0.415,0
-11.625,-0.09,1.37,0
-11.927,0.242,2.397,0
-11.953,0.506,2.705,0
-11.805,0.609,2.584,0
-11.324,0.502,2.388,0
-10.74,0.258,2.227,0
-10.344,0.093,1.935,0
-10.006,-0.028,1.757,0
-9.838,-0.28,1.622,0
-9.581,-0.392,1.19,0
-9.273,-0.309,0.903,0
-9.107,-0.09,0.772,0
-9.121,0.341,0.803,0
-9.314,0.828,1.141,0
-9.394,1.162,1.36,0
-9.473,1.408,1.538,0
-9.651,1.649,1.517,0
-9.825,1.724,1.353,0
-9.885,1.6,1.08,0
-9.558,1.397,0.96,0
-9.184,1.024,1.141,0
-8.94,0.583,1.279,0
-8.879,0.184,1.291,0
-8.982,-0.21,1.278,0
-9.134,-0.502,0.962,0
-9.156,-0.709,0.727,0
-9.05,-0.832,0.694,0
-8.826,-0.894,0.791,0
-8.704,-0.919,0.939,0
-8.735,-0.92,1.012,0
-8.835,-0.849,0.972,0
-8.879,-0.657,0.924,0
-8.856,-0.443,0.844,0
-8.832,-0.205,0.786,0
-8.759,0.003,0.81,0
-8.728,0.164,0.679,0
-8.697,0.319,0.498,0
-8.636,0.439,0.484,0
-8.634,0.507,0.579,0
-8.663,0.51,0.579,0
-8.657,0.478,0.669,0
-8.667,0.397,1.087,0
-8.691,0.345,1.279,0
-8.892,0.369,1.128,0
-9.244,0.413,1.458,0
-9.749,0.249,2.875,0
-10.507,-0.198,3.223,0
-11.954,-0.02,1.494,0
-13.978,-0.044,1.62,0
-14.628,-0.578,2.215,0
-13.765,-1.118,1.06,0
-12.73,-1.491,0.234,0
-11.399,-1.227,-0.002,0
-10.207,-0.794,0.243,0
-9.436,-0.794,0.66,0
-9.059,-1.09,0.879,0
-8.923,-1.421,0.863,0
-8.938,-1.477,0.73,0
-8.998,-1.223,0.566,0
-9.194,-0.978,0.518,0
-9.542,-0.824,0.646,0
-9.85,-0.765,0.904,0
-9.748,-0.76,1.089,0
-9.413,-0.835,1.256,0
-9.071,-0.931,1.604,0
-8.817,-1.043,1.848,0
-8.75,-0.993,1.766,0
-8.752,-0.839,1.522,0
-8.753,-0.801,1.249,0
-8.684,-0.912,0.984,0
-8.534,-1.042,0.775,0
-8.378,-1.11,0.553,0
-8.197,-1.261,0.377,0
-8.079,-1.459,0.258,0
-8.103,-1.649,0.27,0
-8.241,-1.787,0.235,0
-8.436,-1.907,0.184,0
-8.616,-1.974,0.126,0
-8.757,-2.003,0.024,0
-8.937,-2.007,-0.064,0
-9.143,-1.994,-0.08,0
-9.254,-1.941,-0.1,0
-9.265,-1.851,-0.107,0
-9.321,-1.724,-0.093,0
-9.477,-1.557,-0.107,0
-9.6,-1.355,-0.186,0
-9.66,-1.23,-0.252,0
-9.61,-1.244,-0.193,0
-9.527,-1.381,-0.139,0
-9.512,-1.606,-0.17,0
-9.5,-1.907,-0.133,0
-9.579,-2.071,-0.072,0
-9.587,-1.996,-0.113,0
-9.48,-1.809,-0.033,0
-9.272,-1.552,0.037,0
-9.007,-1.268,0.003,0
-8.891,-1.038,0.102,0
-8.691,-0.898,0.251,0
-8.483,-0.84,0.416,0
-8.482,-0.798,0.569,0
-8.639,-0.744,0.537,0
-8.897,-0.635,0.228,0
-9.139,-0.606,-0.158,0
-9.121,-0.82,-0.049,0
-9.155,-1.174,0.324,0
-9.23,-1.576,0.636,0
-9.481,-1.895,0.86,0
-9.905,-2.183,0.791,0
-10.125,-2.352,0.637,0
-9.916,-2.374,0.709,0
-9.544,-2.241,0.892,0
-9.173,-2.245,1.125,0
-8.856,-2.39,1.413,0
-8.574,-2.397,1.422,0
-8.4,-2.258,1.454,0
-8.497,-2.173,1.474,0
-9.043,-2.005,1.225,0
-10.102,-1.602,0.989,0
-11.416,-1.048,0.657,0
-12.26,-0.41,0.101,0
-12.205,0.127,-0.053,0
-11.31,0.39,0.121,0
-10.155,0.348,0.305,0
-9.58,0.161,0.352,0
-9.635,-0.02,0.099,0
-9.979,-0.073,-0.23,0
-10.367,-0.103,-0.564,0
-10.623,-0.157,-0.573,0
-10.667,-0.188,-0.37,0
-10.546,-0.151,-0.309,0
-10.417,-0.078,-0.232,0
-10.499,0.014,-0.149,0
-10.53,0.125,-0.108,0
-10.559,0.218,-0.024,0
-10.575,0.234,0.039,0
-10.427,0.306,-0.058,0
-10.071,0.403,-0.021,0
-9.757,0.532,0.04,0
-9.54,0.617,0.132,0
-9.454,0.645,0.182,0
-9.434,0.637,0.125,0
-9.439,0.577,0.135,0
-9.408,0.502,0.062,0
-9.376,0.435,0.083,0
-9.362,0.357,0.23,0
-9.346,0.314,0.202,0
-9.368,0.281,0.182,0
-9.324,0.249,0.264,0
-9.281,0.21,0.284,0
-9.321,0.083,0.416,0
-9.499,-0.1,0.61,0
-9.714,-0.331,0.655,0
-9.827,-0.603,0.703,0
-9.838,-0.733,0.803,0
-9.806,-0.669,0.879,0
-9.826,-0.579,1.254,0
-10.046,-0.477,1.529,0
-10.454,-0.321,1.047,0
-10.842,-0.148,0.549,0
-10.877,0.019,0.696,0
-10.686,0.09,0.994,0
-10.544,0.056,1.127,0
-10.771,0.065,1.13,0
-11.236,0.221,0.644,0
-11.352,0.448,0.111,0
-10.91,0.606,0.036,0
-10.335,0.592,0.346,0
-9.864,0.432,0.605,0
-9.484,0.247,0.639,0
-9.26,0.061,0.623,0
-9.105,-0.07,0.636,0
-8.93,-0.19,0.643,0
-8.73,-0.428,0.605,0
-8.561,-0.691,0.564,0
-8.377,-0.844,0.608,0
-8.343,-0.886,0.696,0
-8.365,-0.807,0.621,0
-8.346,-0.692,0.621,0
-8.344,-0.413,0.589,0
-8.273,-0.095,0.349,0
-8.077,0.206,-0.001,0
-7.741,0.215,-0.193,0
-7.485,-0.093,-0.137,0
-7.522,-0.464,-0.012,0
-7.812,-0.788,-0.077,0
-8.249,-1.098,-0.294,0
-8.704,-1.4,-0.512,0
-9.148,-1.661,-0.658,0
-9.569,-1.832,-0.741,0
-9.878,-1.962,-0.802,0
-9.969,-2.054,-0.81,0
-9.759,-2.081,-0.682,0
-9.52,-2.002,-0.509,0
-9.419,-1.897,-0.488,0
-9.356,-1.788,-0.452,0
-9.147,-1.688,-0.328,0
-8.765,-1.636,-0.046,0
-8.343,-1.549,0.231,0
-8.004,-1.446,0.4,0
-7.851,-1.456,0.716,0
-7.965,-1.547,1.489,0
-8.423,-1.457,1.941,0
-9.237,-1.177,2.04,0
-10.385,-1.165,2.305,0
-11.7,-1.255,1.669,0
-12.769,-1.359,1.322,0
-12.937,-1.498,1.219,0
-11.795,-1.77,0.678,0
-10.272,-2.028,0.549,0
-9.346,-2.019,0.41,0
-8.77,-1.819,0.2,0
-8.311,-1.718,0.152,0
-8.128,-1.514,0.256,0
-8.301,-1.363,0.382,0
-8.892,-1.246,0.47,0
-9.853,-1.077,0.552,0
-10.529,-0.798,0.134,0
-10.845,-0.331,-0.094,0
-11.099,0.003,-0.058,0
-11.517,0.295,0.12,0
-11.49,0.61,0.046,0
-11.103,0.903,-0.019,0
-10.726,0.886,0.137,0
-10.49,0.641,0.173,0
-10.439,0.321,-0.036,0
-10.365,0.127,-0.212,0
-10.21,-0.024,-0.305,0
-9.994,-0.118,-0.415,0
-9.667,-0.148,-0.309,0
-9.355,-0.186,-0.135,0
-9.191,-0.174,0.004,0
-9.172,-0.208,0.267,0
-9.242,-0.324,0.33,0
-9.234,-0.397,0.166,0
-9.153,-0.436,0.086,0
-9.024,-0.577,0.429,0
-8.937,-0.849,1.102,0
-9.09,-1.181,1.787,0
-9.45,-1.483,2.034,0
-9.929,-1.498,1.785,0
-10.406,-1.179,1.476,0
-10.676,-0.627,0.977,0
-10.564,0.075,0.506,0
-10.182,0.472,0.429,0
-9.753,0.534,0.503,0
-9.429,0.592,0.627,0
-9.486,0.606,1.079,0
-9.933,0.37,1.68,0
-10.752,-0.175,1.984,0
-11.821,-1.006,1.309,0
-12.631,-1.873,0.119,0
-12.464,-2.291,-0.561,0
-11.481,-2.317,-0.25,0
-10.39,-2.288,0.456,0
-9.549,-2.196,0.968,0
-9.0,-2.021,1.182,0
-8.717,-1.672,0.983,0
-8.605,-1.332,0.743,0
-8.602,-0.798,0.388,0
-8.554,-0.114,0.083,0
-8.603,0.377,0.012,0
-8.641,0.69,-0.182,0
-8.452,0.852,-0.467,0
-8.128,0.795,-0.634,0
-7.814,0.587,-0.558,0
-7.693,0.32,-0.397,0
-7.949,-0.005,-0.295,0
-8.416,-0.375,-0.341,0
-8.916,-0.69,-0.445,0
-9.412,-0.95,-0.53,0
-9.843,-1.229,-0.477,0
-10.143,-1.492,-0.493,0
-10.355,-1.657,-0.599,0
-10.356,-1.789,-0.666,0
-10.104,-1.899,-0.634,0
-9.699,-2.027,-0.474,0
-9.404,-2.14,-0.298,0
-9.271,-2.163,-0.237,0
-9.199,-2.133,-0.344,0
-9.142,-2.039,-0.551,0
-9.063,-1.878,-0.755,0
-8.923,-1.758,-0.834,0
-8.811,-1.686,-0.872,0
-8.722,-1.692,-0.886,0
-8.689,-1.71,-0.902,0
-8.63,-1.77,-0.922,0
-8.599,-1.748,-0.909,0
-8.643,-1.703,-0.783,0
-8.592,-1.661,-0.595,0
-8.477,-1.627,-0.349,0
-8.343,-1.601,-0.207,0
-8.097,-1.575,-0.058,0
-7.866,-1.69,0.56,0
-7.891,-1.951,2.187,0
-8.941,-1.796,3.491,0
-11.159,-1.019,3.728,0
-13.289,0.001,2.254,0
-13.959,0.762,0.831,0
-12.51,0.657,1.194,0
-10.264,0.164,1.612,0
-9.02,-0.324,1.54,0
-8.95,-1.018,1.34,0
-9.194,-1.682,0.72,0
-9.143,-2.26,-0.039,0
-8.856,-2.611,-0.28,0
-8.67,-2.65,-0.124,0
-8.674,-2.554,0.198,0
-8.832,-2.409,0.327,0
-9.185,-2.291,0.513,0
-9.454,-2.042,0.684,0
-9.566,-1.797,0.799,0
-9.682,-1.496,0.961,0
-9.915,-1.31,1.126,0
-10.168,-0.966,1.016,0
-10.208,-0.459,0.803,0
-10.291,-0.039,0.726,0
-10.375,0.275,0.533,0
-10.445,0.525,0.644,0
-10.463,0.663,1.021,0
-10.457,0.676,0.962,0
-10.523,0.623,0.885,0
-10.684,0.581,0.77,0
-10.655,0.554,0.734,0
-10.569,0.532,0.804,0
-10.501,0.549,0.768,0
-10.462,0.519,0.77,0
-10.329,0.44,0.677,0
-10.076,0.285,0.68,0
-9.688,0.073,0.653,0
-9.36,-0.133,0.452,0
-9.076,-0.284,0.294,0
-8.788,-0.365,0.309,0
-8.597,-0.478,0.407,0
-8.463,-0.527,0.452,0
-8.413,-0.596,0.888,0
-8.625,-0.575,1.023,0
-9.149,-0.461,0.851,0
-9.735,-0.152,0.696,0
-10.204,0.18,0.94,0
-10.371,0.265,1.211,0
-10.489,0.017,1.272,0
-10.864,-0.454,1.548,0
-11.76,-0.849,1.708,0
-12.971,-1.024,0.9,0
-13.109,-0.82,-0.387,0
-11.794,-0.585,-0.605,0
-10.316,-0.656,-0.041,0
-9.459,-0.844,0.254,0
-9.186,-0.899,0.326,0
-9.18,-0.829,0.181,0
-9.228,-0.805,0.179,0
-9.131,-0.903,0.1,0
-8.86,-1.005,0.072,0
-8.585,-1.076,0.044,0
-8.583,-1.164,0.04,0
-8.775,-1.224,0.041,0
-8.911,-1.262,0.001,0
-8.821,-1.275,0.03,0
-8.491,-1.312,0.057,0
-8.134,-1.378,0.163,0
-8.013,-1.334,0.217,0
-8.186,-1.191,0.121,0
-8.521,-1.017,-0.056,0
-8.909,-0.849,-0.23,0
-9.24,-0.845,-0.329,0
-9.503,-0.958,-0.329,0
-9.675,-1.135,-0.376,0
-9.819,-1.384,-0.384,0
-9.959,-1.683,-0.458,0
-10.034,-1.954,-0.567,0
-10.031,-2.11,-0.698,0
-10.049,-2.159,-0.759,0
-10.052,-2.074,-0.766,0
-9.989,-1.962,-0.709,0
-9.886,-1.795,-0.664,0
-9.722,-1.625,-0.685,0
-9.569,-1.552,-0.721,0
-9.436,-1.516,-0.685,0
-9.342,-1.493,-0.631,0
-9.324,-1.475,-0.622,0
-9.283,-1.42,-0.676,0
-9.144,-1.361,-0.733,0
-9.02,-1.329,-0.715,0
-8.982,-1.315,-0.613,0
-8.996,-1.346,-0.451,0
-9.05,-1.355,-0.417,0
-9.095,-1.487,-0.322,0
-9.126,-1.623,-0.202,0
-9.184,-1.713,-0.162,0
-9.264,-1.756,-0.077,0
-9.246,-1.764,-0.03,0
-9.18,-1.8,0.146,0
-9.074,-1.832,0.313,0
-9.074,-1.791,0.232,0
-9.027,-1.776,0.175,0
-8.857,-1.663,0.063,0
-8.728,-1.546,0.212,0
-8.842,-1.525,0.509,0
-9.159,-1.595,1.099,0
-9.625,-1.545,1.824,0
-10.262,-1.177,1.82,0
-11.154,-0.575,1.469,0
-11.883,-0.07,0.961,0
-11.603,0.052,0.923,0
-10.382,-0.073,1.276,0
-9.325,-0.331,1.457,0
-8.672,-0.809,1.357,0
-8.218,-1.37,1.1,0
-7.96,-1.835,1.004,0
-7.986,-2.219,1.013,0
-8.306,-2.466,0.751,0
-8.909,-2.392,0.517,0
-9.539,-2.045,0.56,0
-9.989,-1.419,0.657,0
-10.209,-0.646,0.575,0
-10.316,-0.059,0.583,0
-10.435,0.211,0.599,0
-10.45,0.274,0.583,0
-10.207,0.36,0.511,0
-10.08,0.387,0.528,0
-10.017,0.39,0.345,0
-9.891,0.292,0.259,0
-9.798,0.128,0.244,0
-9.709,-0.005,0.086,0
-9.728,-0.122,0.014,0
-9.751,-0.23,-0.047,0
-9.766,-0.207,-0.032,0
-9.883,-0.167,0.165,0
-9.973,-0.064,0.179,0
-10.146,0.069,0.186,0
-10.219,0.266,0.052,0
-10.143,0.456,-0.138,0
-9.933,0.653,-0.17,0
-9.755,0.717,-0.059,0
-9.658,0.586,0.002,0
-9.565,0.368,0.081,0
-9.488,0.113,0.136,0
-9.396,-0.184,0.204,0
-9.328,-0.435,0.154,0
-9.272,-0.594,0.122,0
-9.215,-0.676,0.16,0
-9.216,-0.7,0.247,0
-9.185,-0.624,0.197,0
-9.125,-0.475,0.117,0
-9.061,-0.424,0.639,0
-9.134,-0.763,2.581,0
-10.153,-1.169,2.63,0
-11.937,-1.578,0.086,0
-11.936,-1.555,-0.753,0
-10.694,-1.192,0.749,0
-9.935,-1.43,1.481,0
-9.896,-1.88,1.414,0
-10.379,-1.716,0.904,0
-10.546,-0.993,0.3,0
-10.303,-0.243,-0.035,0
-9.915,0.275,0.124,0
-9.507,0.654,0.546,0
-9.193,0.881,0.794,0
-9.026,0.756,0.796,0
-9.006,0.331,0.695,0
-9.105,-0.23,0.575,0
-9.171,-0.726,0.526,0
-9.146,-1.25,0.435,0
-9.016,-1.79,0.399,0
-8.9,-2.301,0.374,0
-8.821,-2.662,0.235,0
-8.787,-2.786,0.21,0
-8.851,-2.753,0.294,0
-9.047,-2.635,0.454,0
-9.329,-2.498,0.54,0
-9.492,-2.409,0.446,0
-9.496,-2.34,0.31,0
-9.385,-2.254,0.257,0
-9.312,-2.154,0.214,0
-9.285,-1.997,0.23,0
-9.265,-1.835,0.268,0
-9.258,-1.752,0.304,0
-9.269,-1.761,0.318,0
-9.337,-1.827,0.262,0
-9.444,-1.945,0.167,0
-9.493,-2.083,0.129,0
-9.492,-2.171,0.091,0
-9.461,-2.23,0.113,0
-9.434,-2.275,0.165,0
-9.445,-2.3,0.19,0
-9.468,-2.294,0.196,0
-9.543,-2.231,0.224,0
-9.617,-2.102,0.257,0
-9.699,-1.943,0.241,0
-9.788,-1.744,0.261,0
-9.826,-1.592,0.34,0
-9.823,-1.511,0.435,0
-9.804,-1.522,0.476,0
-9.747,-1.619,0.51,0
-9.67,-1.793,0.569,0
-9.6,-1.95,0.596,0
-9.532,-2.092,0.619,0
-9.422,-2.204,0.657,0
-9.283,-2.274,0.691,0
-9.154,-2.31,0.734,0
-9.004,-2.288,0.761,0
-8.847,-2.246,0.749,0
-8.727,-2.211,0.729,0
-8.698,-2.147,0.728,0
-8.773,-2.044,0.733,0
-8.94,-1.934,0.726,0
-9.124,-1.816,0.733,0
-9.302,-1.684,0.742,0
-9.468,-1.564,0.747,0
-9.632,-1.467,0.695,0
-9.802,-1.449,0.618,0
-9.878,-1.448,0.548,0
-9.853,-1.468,0.537,0
-9.773,-1.521,0.555,0
-9.709,-1.586,0.557,0
-9.699,-1.678,0.589,0
-9.706,-1.734,0.628,0
-9.718,-1.752,0.625,0
-9.695,-1.73,0.628,0
-9.703,-1.687,0.637,0
-9.713,-1.619,0.672,0
-9.693,-1.507,0.686,0
-9.67,-1.341,0.704,0
-9.629,-1.213,0.729,0
-9.617,-1.093,0.759,0
-9.592,-0.958,0.845,0
-9.521,-0.853,0.92,0
-9.43,-0.769,0.965,0
-9.358,-0.68,1.033,0
-9.271,-0.567,0.98,0
-9.188,-0.505,0.987,0
-9.108,-0.496,0.98,0
-9.022,-0.506,0.928,0
-8.938,-0.532,0.81,0
-8.81,-0.572,0.691,0
-8.762,-0.661,0.659,0
-8.848,-0.763,0.644,0
-9.035,-0.838,0.543,0
-9.325,-0.829,0.427,0
-9.614,-0.678,0.303,0
-9.857,-0.459,0.248,0
-9.958,-0.241,0.2,0
-9.982,-0.067,0.314,0
-10.067,0.045,0.513,0
-10.173,0.072,0.543,0
-10.215,0.014,0.405,0
-10.246,-0.046,0.231,0
-10.189,-0.063,0.095,0
-10.004,-0.078,0.075,0
-9.841,-0.089,0.016,0
-9.726,-0.082,-0.027,0
-9.703,-0.014,-0.09,0
-9.698,0.15,-0.228,0
-9.639,0.406,-0.305,0
-9.513,0.671,-0.123,0
-9.498,0.832,0.103,0
-9.51,0.889,0.198,0
-9.604,0.866,0.311,0
-9.676,0.808,0.467,0
-9.676,0.682,0.677,0
-9.749,0.593,0.797,0
-9.861,0.321,1.924,0
-10.216,-0.16,2.756,0
-10.866,-0.666,2.122,0
-11.206,-1.103,1.343,0
-10.686,-1.44,1.226,0
-9.956,-1.425,1.42,0
-9.337,-1.214,1.489,0
-8.83,-0.928,1.645,0
-8.383,-0.537,1.646,0
-8.033,-0.136,1.542,0
-7.755,0.156,1.41,0
-7.522,0.277,1.281,0
-7.406,0.293,1.317,0
-7.464,0.265,1.331,0
-7.724,0.1,1.27,0
-8.168,-0.187,1.21,0
-8.835,-0.469,1.079,0
-9.778,-0.844,0.911,0
-10.868,-1.34,0.741,0
-11.549,-1.96,0.658,0
-11.49,-2.553,0.654,0
-10.989,-3.011,0.589,0
-10.541,-3.237,0.503,0
-10.346,-3.303,0.496,0
-10.233,-3.235,0.647,0
-10.119,-3.015,0.891,0
-10.129,-2.683,1.047,0
-10.315,-2.258,1.062,0
-10.5,-1.849,0.868,0
-10.441,-1.47,0.662,0
-10.144,-1.194,0.656,0
-9.791,-1.031,0.722,0
-9.452,-0.931,0.769,0
-9.198,-0.886,0.834,0
-9.148,-0.897,0.913,0
-9.236,-0.903,0.899,0
-9.308,-0.911,0.829,0
-9.392,-1.006,0.952,0
-9.46,-1.158,1.094,0
-9.517,-1.344,1.126,0
-9.526,-1.517,1.182,0
-9.462,-1.694,1.192,0
-9.381,-1.706,1.072,0
-9.244,-1.677,0.893,0
-9.099,-1.612,0.739,0
-9.001,-1.597,0.688,0
-8.984,-1.715,0.979,0
-9.145,-1.818,1.076,0
-9.524,-1.602,0.656,0
-9.803,-1.086,-0.272,0
-9.772,-0.82,-0.523,0
-9.51,-0.808,-0.198,0
-9.326,-0.763,0.055,0
-9.341,-0.657,0.285,0
-9.541,-0.736,0.425,0
-9.989,-0.904,0.545,0
-10.506,-0.952,0.643,0
-10.945,-0.781,0.762,0
-11.163,-0.388,0.911,0
-11.195,0.026,1.121,0
-11.126,0.371,1.446,0
-10.927,0.723,1.603,0
-10.481,0.981,1.555,0
-9.89,1.168,1.449,0
-9.305,1.096,1.451,0
-8.805,0.864,1.398,0
-8.371,0.649,1.175,0
-7.995,0.427,0.938,0
-7.731,0.134,0.694,0
-7.667,-0.087,0.653,0
-7.923,-0.076,0.649,0
-8.447,0.12,0.641,0
-9.072,0.377,0.674,0
-9.683,0.684,0.659,0
-10.099,0.99,0.582,0
-10.237,1.208,0.523,0
-10.162,1.288,0.554,0
-9.889,1.142,0.663,0
-9.715,0.858,0.796,0
-9.761,0.584,0.758,0
-9.872,0.372,0.584,0
-9.898,0.332,0.309,0
-9.791,0.38,0.09,0
-9.618,0.391,0.031,0
-9.435,0.41,0.035,0
-9.304,0.408,0.101,0
-9.291,0.428,0.25,0
-9.315,0.409,0.341,0
-9.137,0.213,0.835,0
-9.059,-0.272,1.818,0
-9.433,-0.865,2.311,0
-10.301,-1.301,2.014,0
-11.314,-1.54,1.547,0
-11.76,-1.366,1.229,0
-11.246,-0.745,1.146,0
-9.997,-0.272,1.511,0
-8.766,0.092,1.88,0
-7.91,0.559,1.974,0
-7.559,0.875,1.843,0
-7.588,1.018,1.597,0
-7.746,0.977,1.458,0
-7.955,0.716,1.518,0
-8.267,0.289,1.594,0
-8.731,-0.248,1.537,0
-9.487,-0.874,1.53,0
-10.534,-1.501,1.228,0
-11.392,-1.999,0.669,0
-11.447,-2.295,0.295,0
-10.911,-2.513,0.281,0
-10.39,-2.584,0.457,0
-10.081,-2.448,0.569,0
-10.026,-2.221,0.454,0
-10.112,-2.017,0.305,0
-10.161,-1.839,0.255,0
-10.18,-1.71,0.314,0
-10.179,-1.652,0.447,0
-10.192,-1.544,0.404,0
-10.138,-1.421,0.261,0
-9.946,-1.307,0.11,0
-9.654,-1.188,0.006,0
-9.357,-1.113,-0.035,0
-9.149,-1.07,-0.078,0
-9.026,-1.007,0.003,0
-8.974,-0.927,0.088,0
-9.011,-0.861,0.093,0
-9.12,-0.888,0.003,0
-9.225,-0.919,0.002,0
-9.251,-0.895,0.003,0
-9.167,-0.825,0.032,0
-9.026,-0.748,0.095,0
-8.895,-0.771,0.477,0
-8.829,-0.851,0.953,0
-8.929,-0.713,1.355,0
-9.375,-0.315,1.461,0
-10.086,0.391,0.54,0
-10.36,1.072,-0.219,0
-10.026,1.115,0.234,0
-9.693,0.86,1.153,0
-9.755,0.631,1.698,0
-10.31,0.479,1.375,0
-10.686,0.277,0.737,0
-10.459,0.013,0.36,0
-9.835,-0.213,0.441,0
-9.095,-0.41,0.447,0
-8.521,-0.624,0.266,0
-8.252,-0.907,0.018,0
-8.136,-1.106,-0.289,0
-8.163,-1.074,-0.501,0
-8.491,-0.866,-0.616,0
-9.207,-0.409,-0.822,0
-9.977,0.117,-0.953,0
-10.481,0.707,-0.944,0
-10.529,1.228,-0.809,0
-10.182,1.502,-0.613,0
-9.81,1.452,-0.451,0
-9.626,1.251,-0.317,0
-9.544,0.984,-0.239,0
-9.572,0.649,-0.141,0
-9.76,0.436,0.09,0
-9.963,0.192,0.605,0
-10.099,-0.122,1.195,0
-10.22,-0.318,1.177,0
-10.068,-0.494,1.06,0
-9.499,-0.674,1.118,0
-9.067,-1.048,1.216,0
-8.818,-1.41,1.315,0
-8.467,-1.492,1.263,0
-8.035,-1.255,0.922,0
-7.626,-0.829,0.504,0
-7.359,-0.355,0.369,0
-7.382,0.048,0.473,0
-7.875,0.407,0.642,0
-8.814,0.593,0.789,0
-9.942,0.336,1.09,0
-11.078,-0.074,1.049,0
-11.973,-0.537,0.631,0
-12.373,-1.153,0.479,0
-12.298,-1.701,0.516,0
-11.934,-2.054,0.645,0
-11.306,-2.36,0.72,0
-10.768,-2.479,0.708,0
-10.462,-2.334,0.725,0
-10.366,-2.126,0.791,0
-10.444,-1.992,0.942,0
-10.622,-1.9,1.03,0
-10.831,-1.689,0.98,0
-10.969,-1.377,0.969,0
-10.945,-1.046,0.987,0
-10.727,-0.723,1.108,0
-10.382,-0.444,1.295,0
-10.019,-0.319,1.446,0
-9.684,-0.276,1.547,0
-9.53,-0.305,1.606,0
-9.524,-0.395,1.577,0
-9.502,-0.51,1.462,0
-9.408,-0.631,1.31,0
-9.337,-0.744,1.247,0
-9.248,-0.885,1.229,0
-9.115,-0.977,1.191,0
-8.986,-1.04,1.148,0
-8.881,-1.062,1.112,0
-8.817,-1.009,1.057,0
-8.783,-0.927,0.998,0
-8.795,-0.82,0.963,0
-8.849,-0.707,0.964,0
-8.887,-0.576,0.987,0
-8.93,-0.487,1.009,0
-8.986,-0.446,1.064,0
-9.078,-0.473,1.071,0
-9.174,-0.531,1.064,0
-9.262,-0.568,1.034,0
-9.327,-0.584,0.971,0
-9.388,-0.577,0.94,0
-9.392,-0.583,0.922,0
-9.355,-0.611,0.913,0
-9.326,-0.639,0.885,0
-9.324,-0.65,0.856,0
-9.4,-0.66,0.838,0
-9.484,-0.649,0.883,0
-9.567,-0.65,0.852,0
-9.635,-0.665,0.804,0
-9.616,-0.717,0.77,0
-9.565,-0.794,0.757,0
-9.511,-0.873,0.712,0
-9.513,-0.889,0.649,0
-9.538,-0.918,0.676,0
-9.541,-0.947,0.708,0
-9.544,-0.941,0.759,0
-9.577,-0.911,0.816,0
-9.636,-0.845,0.84,0
-9.667,-0.766,0.863,0
-9.584,-0.67,0.886,0
-9.507,-0.588,0.942,0
-9.461,-0.508,1.026,0
-9.391,-0.484,1.089,0
-9.373,-0.519,1.276,0
-9.377,-0.476,1.172,0
-9.372,-0.46,0.987,0
-9.353,-0.625,1.139,0
-9.393,-0.79,1.331,0
-9.575,-0.851,1.331,0
-9.716,-0.895,1.191,0
-9.779,-0.937,1.123,0
-9.776,-0.948,1.144,0
-9.722,-0.972,1.198,0
-9.643,-1.016,1.22,0
-9.585,-1.055,1.144,0
-9.612,-1.077,1.081,0
-9.648,-1.072,1.094,0
-9.648,-1.083,1.223,0
-9.666,-1.099,1.376,0
-9.692,-1.047,1.415,0
-9.681,-0.99,1.37,0
-9.607,-0.978,1.358,0
-9.529,-1.033,1.401,0
-9.513,-1.109,1.437,0
-9.59,-1.185,1.465,0
-9.704,-1.247,1.489,0
-9.814,-1.285,1.512,0
-9.877,-1.3,1.463,0
-9.879,-1.298,1.392,0
-9.889,-1.273,1.372,0
-9.896,-1.239,1.304,0
-9.925,-1.214,1.243,0
-9.903,-1.2,1.131,0
-9.833,-1.199,0.986,0
-9.766,-1.189,0.848,0
-9.617,-1.185,0.755,0
-9.427,-1.219,0.651,0
-9.202,-1.29,0.563,0
-9.069,-1.472,0.633,0
-9.072,-1.713,0.796,0
-9.243,-1.997,0.925,0
-9.524,-2.114,0.86,0
-9.801,-2.102,0.804,0
-9.932,-1.91,0.854,0
-9.882,-1.529,0.867,0
-9.799,-1.174,0.956,0
-9.732,-0.913,1.118,0
-9.662,-0.686,1.253,0
-9.584,-0.473,1.362,0
-9.517,-0.26,1.439,0
-9.421,-0.048,1.411,0
-9.221,0.132,1.427,0
-8.967,0.291,1.442,0
-8.721,0.354,1.406,0
-8.454,0.368,1.374,0
-8.203,0.315,1.519,0
-8.078,0.193,1.613,0
-8.106,0.007,1.623,0
-8.294,-0.176,1.526,0
-8.459,-0.368,1.372,0
-8.508,-0.481,1.219,0
-8.558,-0.64,1.086,0
-8.747,-0.794,1.021,0
-9.1,-0.84,0.985,0
-9.589,-0.722,1.021,0
-10.112,-0.435,0.913,0
-10.505,-0.061,0.798,0
-10.707,0.406,0.777,0
-10.821,0.918,0.776,0
-10.754,1.399,0.792,0
-10.439,1.789,1.01,0
-10.11,1.968,1.231,0
-9.934,1.895,1.403,0
-9.865,1.545,1.441,0
-9.806,1.144,1.397,0
-9.649,0.729,1.374,0
-9.557,0.21,1.786,0
-9.629,-0.223,1.813,0
-9.774,-0.571,1.349,0
-9.747,-0.839,1.114,0
-9.532,-1.016,1.213,0
-9.298,-1.157,1.295,0
-9.126,-1.242,1.399,0
-9.028,-1.087,1.405,0
-9.008,-0.758,1.297,0
-9.009,-0.43,1.199,0
-8.942,-0.18,1.176,0
-8.833,-0.085,1.293,0
-8.804,-0.177,1.483,0
-8.932,-0.47,1.601,0
-9.203,-0.877,1.606,0
-9.487,-1.282,1.539,0
-9.721,-1.708,1.461,0
-9.894,-2.191,1.389,0
-10.02,-2.618,1.322,0
-10.08,-2.809,1.089,0
-10.01,-2.789,0.87,0
-9.897,-2.68,0.802,0
-9.785,-2.59,0.816,0
-9.784,-2.545,0.802,0
-9.816,-2.511,0.714,0
-9.923,-2.414,0.579,0
-10.007,-2.303,0.458,0
-10.062,-2.097,0.377,0
-10.107,-1.824,0.327,0
-10.094,-1.546,0.29,0
-10.039,-1.313,0.311,0
-9.954,-1.134,0.342,0
-9.858,-1.057,0.378,0
-9.814,-1.111,0.491,0
-9.836,-1.278,0.613,0
-9.868,-1.426,0.602,0
-9.834,-1.529,0.492,0
-9.739,-1.589,0.413,0
-9.574,-1.572,0.318,0
-9.329,-1.511,0.293,0
-9.06,-1.425,0.281,0
-8.827,-1.336,0.355,0
-8.683,-1.197,0.683,0
-8.655,-1.014,1.222,0
-8.794,-0.632,1.384,0
-8.976,0.276,0.823,0
-9.206,1.243,0.38,0
-9.635,1.633,0.924,0
-10.112,1.342,1.74,0
-10.591,0.879,1.89,0
-10.822,0.563,1.134,0
-10.443,0.147,0.4,0
-9.621,-0.372,0.117,0
-8.916,-0.773,0.246,0
-8.589,-1.055,0.35,0
-8.62,-1.198,0.066,0
-8.996,-1.187,-0.221,0
-9.743,-1.097,-0.32,0
-10.511,-0.807,-0.306,0
-10.811,-0.244,-0.338,0
-10.765,0.549,-0.147,0
-10.586,1.306,0.261,0
-10.196,1.718,0.608,0
-9.835,1.786,0.779,0
-9.573,1.642,0.804,0
-9.543,1.334,0.64,0
-9.641,0.971,0.552,0
-9.718,0.748,0.397,0
-9.596,0.615,0.141,0
-9.417,0.44,-0.041,0
-9.317,0.247,-0.091,0
-9.308,0.096,-0.097,0
-9.362,0.074,-0.206,0
-9.419,0.246,-0.285,0
-9.423,0.51,-0.24,0
-9.475,0.821,-0.075,0
-9.619,1.029,0.545,0
-9.826,0.937,1.555,0
-10.355,0.757,1.833,0
-11.109,0.649,1.522,0
-11.698,0.729,1.5,0
-11.524,0.834,1.384,0
-10.61,0.336,1.477,0
-9.35,-0.612,1.644,0
-8.361,-1.352,1.67,0
-7.709,-1.731,1.376,0
-7.376,-1.86,1.148,0
-7.346,-1.803,1.059,0
-7.653,-1.503,1.179,0
-8.213,-0.925,1.35,0
-8.786,-0.299,1.501,0
-9.141,0.182,1.526,0
-9.081,0.347,1.591,0
-8.828,0.138,1.647,0
-8.744,-0.289,1.715,0
-8.967,-0.827,1.83,0
-9.54,-1.365,1.799,0
-10.274,-1.818,1.558,0
-10.856,-2.211,1.295,0
-11.078,-2.522,1.171,0
-10.993,-2.702,1.099,0
-10.714,-2.814,1.06,0
-10.421,-2.906,1.072,0
-10.229,-2.952,1.047,0
-10.144,-2.731,0.929,0
-10.029,-2.44,0.856,0
-9.978,-2.144,0.809,0
-9.99,-1.799,0.765,0
-9.949,-1.384,0.742,0
-9.807,-1.033,0.782,0
-9.609,-0.802,0.88,0
-9.528,-0.609,1.016,0
-9.519,-0.449,1.095,0
-9.503,-0.312,1.131,0
-9.464,-0.296,1.168,0
-9.432,-0.399,1.206,0
-9.397,-0.543,1.319,0
-9.355,-0.69,1.41,0
-9.347,-0.778,1.484,0
-9.346,-0.821,1.538,0
-9.344,-0.8,1.512,0
-9.287,-0.721,1.45,0
-9.215,-0.624,1.34,0
-9.118,-0.568,1.251,0
-9.08,-0.559,1.204,0
-9.059,-0.614,1.26,0
-9.099,-0.652,1.378,0
-9.262,-0.577,1.364,0
-9.462,-0.475,1.272,0
-9.578,-0.36,1.168,0
-9.601,-0.243,1.048,0
-9.481,-0.146,0.975,0
-9.292,-0.135,0.921,0
-9.108,-0.228,0.973,0
-9.015,-0.34,0.916,0
-9.028,-0.362,0.573,0
-9.081,-0.357,0.304,0
-9.188,-0.427,0.266,0
-9.379,-0.533,0.4,0
-9.583,-0.78,0.565,0
-9.847,-1.08,0.703,0
-10.194,-1.319,0.808,0
-10.561,-1.448,0.887,0
-10.93,-1.339,0.986,0
-11.259,-1.005,1.0,0
-11.51,-0.52,0.912,0
-11.507,-0.02,0.717,0
-11.109,0.421,0.714,0
-10.557,0.697,1.072,0
-10.093,0.883,1.541,0
-9.717,1.034,1.873,0
-9.421,1.162,1.909,0
-9.248,1.204,1.904,0
-9.118,1.076,1.956,0
-8.81,0.87,1.94,0
-8.202,0.624,1.992,0
-7.561,0.347,2.078,0
-7.157,-0.007,1.999,0
-7.023,-0.47,1.699,0
-7.072,-0.965,0.939,0
-7.146,-1.435,0.036,0
-7.239,-1.674,-0.406,0
-7.627,-1.598,-0.44,0
-8.509,-1.254,0.145,0
-10.07,-0.683,1.145,0
-12.192,0.072,1.524,0
-14.098,1.132,0.444,0
-14.19,2.09,-0.144,0
-12.334,2.503,0.41,0
-10.399,2.254,1.408,0
-9.357,1.784,2.128,0
-9.36,1.368,2.146,0
-9.96,0.853,1.891,0
-10.627,0.167,1.683,0
-10.886,-0.53,1.462,0
-10.557,-1.17,1.205,0
-9.784,-1.621,0.959,0
-9.032,-1.804,0.819,0
-8.587,-1.653,0.713,0
-8.527,-1.232,0.703,0
-8.728,-0.606,0.742,0
-8.92,-0.103,0.889,0
-9.149,0.274,0.991,0
-9.282,0.553,1.122,0
-9.44,0.663,1.223,0
-9.626,0.572,1.164,0
-9.779,0.343,1.154,0
-9.852,0.049,1.176,0
-9.816,-0.295,1.193,0
-9.653,-0.631,1.193,0
-9.485,-0.946,1.241,0
-9.403,-1.157,1.25,0
-9.436,-1.244,1.252,0
-9.536,-1.204,1.25,0
-9.693,-1.06,1.23,0
-9.758,-0.845,1.207,0
-9.777,-0.677,1.292,0
-9.769,-0.607,1.408,0
-9.621,-0.562,1.421,0
-9.519,-0.609,1.572,0
-9.501,-0.598,1.73,0
-9.477,-0.524,1.762,0
-9.431,-0.444,1.773,0
-9.382,-0.418,1.827,0
-9.296,-0.424,1.832,0
-9.223,-0.481,1.818,0
-9.163,-0.579,1.834,0
-9.161,-0.71,1.764,0
-9.166,-0.851,1.678,0
-9.213,-0.981,1.635,0
-9.317,-1.091,1.534,0
-9.412,-1.171,1.478,0
-9.467,-1.172,1.464,0
-9.505,-1.158,1.46,0
-9.541,-1.103,1.408,0
-9.556,-1.042,1.381,0
-9.54,-0.971,1.342,0
-9.501,-0.926,1.365,0
-9.495,-0.895,1.426,0
-9.55,-0.867,1.408,0
-9.571,-0.83,1.408,0
-9.531,-0.772,1.426,0
-9.495,-0.686,1.446,0
-9.412,-0.633,1.437,0
-9.36,-0.627,1.457,0
-9.36,-0.64,1.414,0
-9.359,-0.715,1.362,0
-9.387,-0.757,1.342,0
-9.388,-0.817,1.354,0
-9.365,-0.913,1.419,0
-9.458,-1.031,1.378,0
-9.61,-1.084,1.268,0
-9.711,-1.066,1.169,0
-9.758,-0.991,1.103,0
-9.764,-0.874,1.06,0
-9.744,-0.728,1.06,0
-9.656,-0.581,1.008,0
-9.561,-0.464,0.958,0
-9.511,-0.39,0.953,0
-9.494,-0.374,0.988,0
-9.434,-0.367,1.046,0
-9.425,-0.353,1.123,0
-9.459,-0.394,1.168,0
-9.503,-0.451,1.188,0
-9.562,-0.518,1.231,0
-9.562,-0.576,1.24,0
-9.527,-0.628,1.227,0
-9.441,-0.646,1.202,0
-9.339,-0.631,1.206,0
-9.249,-0.61,1.168,0
-9.178,-0.58,1.154,0
-9.129,-0.545,1.129,0
-9.12,-0.52,1.132,0
-9.175,-0.477,1.113,0
-9.271,-0.435,1.068,0
-9.375,-0.39,1.007,0
-9.451,-0.342,0.924,0
-9.515,-0.271,0.844,0
-9.518,-0.201,0.777,0
-9.505,-0.15,0.729,0
-9.449,-0.109,0.653,0
-9.373,-0.1,0.585,0
-9.328,-0.11,0.532,0
-9.334,-0.136,0.508,0
-9.336,-0.14,0.481,0
-9.354,-0.131,0.513,0
-9.378,-0.095,0.564,0
-9.375,-0.149,0.641,0
-9.38,-0.233,0.718,0
-9.374,-0.314,0.761,0
-9.377,-0.415,0.842,0
-9.365,-0.467,0.867,0
-9.346,-0.516,0.859,0
-9.301,-0.551,0.853,0
-9.21,-0.557,0.831,0
-9.123,-0.502,0.833,0
-9.044,-0.416,0.849,0
-8.964,-0.294,0.916,0
-8.869,-0.162,0.928,0
-8.801,-0.067,0.927,0
-8.724,0.015,0.916,0
-8.665,0.051,0.855,0
-8.664,0.057,0.787,0
-8.796,0.028,0.749,0
-9.117,-0.068,0.708,0
-9.576,-0.265,0.793,0
-10.212,-0.466,1.006,0
-11.018,-0.604,1.006,0
-11.741,-0.669,0.871,0
-12.054,-0.715,0.696,0
-11.905,-0.76,0.58,0
-11.427,-0.799,0.555,0
-10.852,-0.925,0.539,0
-10.406,-1.059,0.431,0
-10.212,-1.141,0.248,0
-9.967,-1.277,0.098,0
-9.667,-1.424,0.019,0
-9.342,-1.495,-0.047,0
-9.137,-1.576,-0.017,0
-9.075,-1.627,-0.022,0
-9.148,-1.686,-0.051,0
-9.335,-1.729,-0.092,0
-9.608,-1.726,-0.229,0
-9.938,-1.671,-0.281,0
-10.147,-1.537,-0.184,0
-10.17,-1.373,0.065,0
-10.156,-1.189,0.259,0
-10.205,-1.044,0.286,0
-10.128,-0.949,0.202,0
-9.917,-0.88,0.136,0
-9.723,-0.854,0.042,0
-9.575,-0.854,-0.103,0
-9.529,-0.864,-0.194,0
-9.474,-0.9,-0.288,0
-9.446,-0.92,-0.311,0
-9.495,-0.916,-0.277,0
-9.573,-0.946,-0.291,0
-9.559,-0.928,-0.338,0
-9.544,-0.899,-0.379,0
-9.515,-0.861,-0.39,0
-9.534,-0.845,-0.379,0
-9.542,-0.775,-0.386,0
-9.564,-0.669,-0.397,0
-9.54,-0.593,-0.499,0
-9.451,-0.538,-0.558,0
-9.352,-0.508,-0.576,0
-9.282,-0.514,-0.551,0
-9.209,-0.569,-0.483,0
-9.154,-0.656,-0.488,0
-9.109,-0.723,-0.521,0
-9.131,-0.757,-0.544,0
-9.222,-0.868,-0.388,0
-9.278,-0.928,-0.429,0
-9.174,-0.95,-0.614,0
-9.038,-0.94,-0.609,0
-9.016,-0.905,-0.679,0
-9.126,-0.907,-0.749,0
-9.177,-0.974,-0.787,0
-9.152,-1.04,-0.797,0
-9.158,-1.037,-0.889,0
-9.167,-1.024,-0.932,0
-9.301,-1.088,-0.931,0
-9.447,-1.174,-0.916,0
-9.5,-1.27,-0.893,0
-9.51,-1.453,-0.855,0
-9.592,-1.682,-0.818,0
-9.865,-1.912,-0.698,0
-10.262,-2.084,-0.657,0
-10.682,-2.313,-0.485,0
-11.071,-2.384,0.13,0
-11.673,-2.146,1.119,0
-12.369,-1.654,1.397,0
-12.602,-0.879,0.436,0
-12.387,-0.346,-0.495,0
-11.421,-0.403,-0.685,0
-10.382,-0.258,-0.517,0
-10.126,0.108,-0.322,0
-10.132,0.429,-0.292,0
-9.951,0.527,-0.522,0
-9.653,0.422,-0.488,0
-9.571,0.062,0.576,0
-10.35,-0.091,1.92,0
-11.436,0.18,2.027,0
-11.794,0.375,1.699,0
-11.561,0.425,2.058,0
-11.177,0.395,2.581,0
-10.698,0.194,2.645,0
-10.187,-0.06,2.651,0
-9.709,-0.404,2.408,0
-9.376,-0.778,2.067,0
-9.043,-1.168,1.859,0
-8.837,-1.516,1.719,0
-8.557,-1.54,1.52,0
-8.331,-1.381,1.43,0
-8.088,-1.109,1.569,0
-7.832,-0.772,1.871,0
-7.902,-0.391,1.993,0
-8.324,-0.051,2.149,0
-8.973,0.31,2.187,0
-9.634,0.664,1.845,0
-9.719,0.968,1.47,0
-9.122,0.957,1.469,0
-8.528,0.862,1.646,0
-8.303,0.707,1.683,0
-8.444,0.468,1.6,0
-8.787,0.176,1.372,0
-9.015,-0.214,1.077,0
-9.07,-0.611,0.892,0
-8.915,-0.908,0.651,0
-8.805,-1.049,0.556,0
-8.694,-1.069,0.425,0
-8.618,-1.043,0.373,0
-8.602,-1.002,0.425,0
-8.636,-0.876,0.411,0
-8.681,-0.724,0.373,0
-8.721,-0.544,0.316,0
-8.749,-0.362,0.279,0
-8.86,-0.171,0.298,0
-8.99,0.045,0.247,0
-9.029,0.253,0.229,0
-8.985,0.441,0.234,0
-8.85,0.619,0.087,0
-8.722,0.718,0.057,0
-8.61,0.777,0.056,0
-8.51,0.828,-0.008,0
-8.386,1.034,0.036,0
-8.335,1.197,0.381,0
-8.542,1.36,0.553,0
-8.743,1.336,0.883,0
-8.43,1.255,1.109,0
-7.794,0.851,1.086,0
-8.047,0.525,1.784,0
-9.268,0.02,2.262,0
-10.411,-0.502,1.995,0
-10.754,-1.032,1.21,0
-10.392,-1.766,1.131,0
-10.49,-2.683,1.32,0
-11.842,-3.332,0.818,0
-13.287,-3.111,-0.094,0
-13.821,-2.272,-0.031,0
-14.013,-1.205,1.138,0
-14.528,-0.076,1.981,0
-15.122,0.729,1.575,0
-14.889,1.288,0.792,0
-13.697,0.987,0.593,0
-12.281,0.303,0.433,0
-11.236,-0.197,0.134,0
-10.458,-0.446,0.155,0
-9.685,-0.587,0.518,0
-8.936,-0.686,0.926,0
-8.308,-0.738,1.303,0
-7.784,-0.952,1.619,0
-7.444,-1.226,1.653,0
-7.329,-1.565,1.642,0
-7.281,-1.912,1.771,0
-7.407,-2.2,1.746,0
-7.903,-2.232,1.503,0
-8.69,-1.87,1.248,0
-9.35,-1.253,1.103,0
-9.636,-0.724,1.071,0
-9.77,-0.425,1.077,0
-9.62,-0.417,1.019,0
-9.325,-0.54,1.037,0
-9.258,-0.795,1.096,0
-9.458,-0.976,1.071,0
-9.524,-0.948,0.913,0
-9.362,-0.903,0.791,0
-9.035,-0.972,0.761,0
-8.724,-1.089,0.795,0
-8.58,-1.163,0.865,0
-8.516,-1.241,0.917,0
-8.601,-1.278,0.949,0
-8.725,-1.256,0.994,0
-8.871,-1.161,0.965,0
-9.016,-0.981,0.807,0
-9.071,-0.807,0.669,0
-9.023,-0.649,0.583,0
-8.895,-0.521,0.522,0
-8.742,-0.524,0.551,0
-8.67,-0.626,0.635,0
-8.687,-0.786,0.655,0
-8.712,-0.956,0.576,0
-8.785,-1.175,0.504,0
-8.901,-1.362,0.356,0
-9.007,-1.496,0.213,0
-9.058,-1.578,0.134,0
-9.085,-1.55,0.046,0
-9.091,-1.528,-0.058,0
-9.024,-1.461,-0.099,0
-8.925,-1.289,-0.193,0
-8.698,-1.095,-0.284,0
-8.439,-0.946,-0.278,0
-8.148,-0.965,-0.062,0
-8.094,-0.932,0.164,0
-8.511,-0.847,0.083,0
-9.204,-0.628,-0.232,0
-9.505,-0.384,-0.354,0
-9.302,-0.234,-0.185,0
-9.021,-0.093,0.024,0
-8.703,-0.124,0.159,0
-8.497,-0.158,0.017,0
-8.453,-0.133,-0.339,0
-8.44,-0.124,-0.579,0
-8.59,-0.075,-0.538,0
-8.944,-0.236,-0.0,0
-9.79,-0.802,1.13,0
-11.107,-1.199,1.845,0
-12.613,-1.357,1.69,0
-13.891,-1.457,0.826,0
-14.471,-1.267,0.092,0
-13.813,-0.905,-0.052,0
-12.2,-0.672,0.479,0
-11.209,-0.793,1.052,0
-11.2,-1.015,1.165,0
-11.206,-1.152,0.736,0
-10.868,-1.134,0.565,0
-10.768,-1.06,0.917,0
-11.016,-0.804,1.273,0
-11.226,-0.289,1.767,0
-11.193,0.279,2.159,0
-11.077,0.759,2.452,0
-10.941,0.979,2.66,0
-10.698,1.056,2.574,0
-10.514,1.087,2.312,0
-10.327,1.155,1.951,0
-10.091,1.031,1.675,0
-10.008,0.799,1.499,0
-9.848,0.65,1.198,0
-9.514,0.507,1.015,0
-9.239,0.354,1.287,0
-9.18,0.259,1.377,0
-9.334,0.311,1.395,0
-9.762,0.5,1.413,0
-10.096,0.645,1.312,0
-10.204,0.606,1.345,0
-9.957,0.44,1.339,0
-9.541,0.235,1.485,0
-9.171,0.076,1.576,0
-8.937,-0.013,1.659,0
-8.831,-0.047,1.686,0
-8.902,-0.154,1.767,0
-9.034,-0.198,1.589,0
-9.09,-0.188,1.461,0
-9.029,-0.128,1.303,0
-8.857,-0.088,1.192,0
-8.685,-0.015,1.201,0
-8.613,0.103,1.259,0
-8.609,0.295,1.121,0
-8.643,0.487,0.983,0
-8.749,0.717,0.978,0
-8.848,0.938,0.972,0
-8.915,1.146,0.976,0
-8.972,1.313,0.994,0
-8.962,1.371,0.93,0
-8.902,1.404,1.028,0
-8.905,1.455,1.226,0
-8.949,1.499,1.49,0
-9.043,1.541,1.877,0
-9.151,1.617,1.974,0
-9.455,1.581,2.598,0
-10.163,1.64,3.336,0
-11.412,1.62,3.122,0
-13.583,1.365,3.248,0
-15.583,0.669,3.06,0
-15.582,-0.292,1.797,0
-13.907,-1.329,1.041,0
-11.714,-1.823,0.726,0
-9.845,-1.698,0.804,0
-8.602,-1.247,1.136,0
-8.045,-0.939,1.169,0
-7.874,-0.626,0.74,0
-7.779,-0.24,0.647,0
-7.717,-0.084,0.522,0
-7.777,-0.031,0.67,0
-7.984,-0.105,1.011,0
-8.452,-0.071,1.453,0
-9.003,-0.17,1.68,0
-9.606,-0.068,1.7,0
-9.988,0.053,1.621,0
-10.285,0.061,1.5,0
-10.311,-0.014,1.714,0
-10.08,-0.24,1.802,0
-9.851,-0.599,1.807,0
-9.705,-0.937,1.681,0
-9.695,-1.139,1.406,0
-9.609,-1.248,1.139,0
-9.406,-1.422,1.063,0
-9.185,-1.579,1.067,0
-9.013,-1.62,1.017,0
-8.839,-1.566,0.855,0
-8.594,-1.454,0.8,0
-8.365,-1.356,0.82,0
-8.108,-1.399,0.924,0
-7.914,-1.528,1.012,0
-7.967,-1.759,1.154,0
-8.221,-2.054,1.261,0
-8.607,-2.322,1.338,0
-9.088,-2.518,1.373,0
-9.546,-2.646,1.355,0
-9.906,-2.663,1.383,0
-10.103,-2.518,1.389,0
-10.137,-2.335,1.392,0
-10.135,-2.141,1.417,0
-10.111,-2.003,1.475,0
-10.069,-1.927,1.511,0
-9.955,-1.922,1.429,0
-9.85,-1.987,1.352,0
-9.771,-2.109,1.269,0
-9.732,-2.141,1.231,0
-9.527,-2.035,1.219,0
-9.246,-1.96,1.267,0
-9.171,-1.854,1.325,0
-9.259,-1.686,1.343,0
-9.251,-1.531,1.359,0
-9.07,-1.455,1.331,0
-8.756,-1.499,1.36,0
-8.56,-1.583,1.482,0
-8.482,-1.802,1.63,0
-8.583,-2.123,1.722,0
-8.776,-2.351,1.768,0
-8.837,-2.427,1.779,0
-8.781,-2.423,1.725,0
-8.732,-2.392,1.689,0
-8.719,-2.343,1.68,0
-8.752,-2.248,1.716,0
-8.783,-2.112,1.741,0
-8.88,-1.945,1.661,0
-8.961,-1.793,1.51,0
-8.97,-1.673,1.455,0
-8.874,-1.566,1.451,0
-8.772,-1.566,1.5,0
-8.731,-1.646,1.568,0
-8.748,-1.8,1.614,0
-8.81,-2.018,1.643,0
-8.944,-2.211,1.628,0
-9.169,-2.323,1.623,0
-9.382,-2.341,1.696,0
-9.574,-2.262,1.74,0
-9.683,-2.042,1.684,0
-9.748,-1.771,1.664,0
-9.802,-1.468,1.636,0
-9.812,-1.216,1.594,0
-9.78,-1.057,1.581,0
-9.72,-0.975,1.561,0
-9.593,-0.921,1.545,0
-9.455,-0.914,1.516,0
-9.346,-0.972,1.488,0
-9.295,-1.049,1.525,0
-9.311,-1.193,1.636,0
-9.365,-1.314,1.803,0
-9.454,-1.4,1.972,0
-9.514,-1.458,1.927,0
-9.469,-1.494,1.889,0
-9.36,-1.535,1.862,0
-9.242,-1.55,1.817,0
-9.122,-1.524,1.785,0
-9.03,-1.515,1.756,0
-9.0,-1.489,1.76,0
-8.998,-1.45,1.762,0
-9.053,-1.357,1.735,0
-9.122,-1.272,1.704,0
-9.173,-1.188,1.719,0
-9.197,-1.145,1.764,0
-9.167,-1.148,1.787,0
-9.105,-1.257,1.947,0
-9.065,-1.357,2.044,0
-9.106,-1.478,2.101,0
-9.192,-1.614,2.09,0
-9.228,-1.71,2.047,0
-9.263,-1.769,2.005,0
-9.303,-1.738,1.948,0
-9.27,-1.632,1.914,0
-9.164,-1.469,1.919,0
-9.07,-1.277,1.862,0
-9.004,-1.185,1.825,0
-8.963,-1.196,1.866,0
-8.964,-1.289,1.896,0
-8.954,-1.377,1.884,0
-8.945,-1.455,1.889,0
-8.953,-1.534,1.932,0
-8.98,-1.433,1.923,0
-9.051,-1.233,1.918,0
-9.153,-1.095,1.9,0
-9.238,-0.951,1.879,0
-9.314,-0.761,1.813,0
-9.382,-0.616,1.759,0
-9.497,-0.436,1.71,0
-9.634,-0.31,1.597,0
-9.753,-0.141,1.455,0
-9.831,0.006,1.404,0
-9.899,0.183,1.337,0
-9.98,0.335,1.147,0
-10.114,0.436,1.009,0
-10.282,0.462,0.98,0
-10.417,0.444,1.068,0
-10.45,0.411,1.037,0
-10.311,0.277,1.077,0
-10.082,0.067,1.197,0
-9.957,-0.138,1.159,0
-9.961,-0.286,1.238,0
-10.06,-0.399,1.297,0
-10.243,-0.392,1.189,0
-10.343,-0.352,1.191,0
-10.386,-0.363,1.322,0
-10.433,-0.435,1.414,0
-10.519,-0.47,1.295,0
-10.593,-0.501,1.101,0
-10.627,-0.516,0.931,0
-10.442,-0.508,0.768,0
-10.127,-0.484,0.592,0
-9.849,-0.402,0.472,0
-9.61,-0.341,0.341,0
-9.484,-0.32,0.289,0
-9.531,-0.362,0.233,0
-9.613,-0.362,0.095,0
-9.665,-0.373,0.114,0
-9.757,-0.315,0.222,0
-9.836,-0.173,0.221,0
-9.881,-0.024,0.151,0
-9.83,0.165,0.117,0
-9.749,0.291,0.123,0
-9.66,0.362,0.099,0
-9.611,0.391,0.051,0
-9.618,0.402,-0.098,0
-9.714,0.471,-0.223,0
-9.834,0.694,-0.276,0
-9.92,0.949,-0.259,0
-9.999,1.131,-0.286,0
-10.07,1.282,-0.32,0
-10.076,1.416,-0.259,0
-10.016,1.513,-0.189,0
-9.965,1.571,-0.178,0
-9.934,1.571,-0.223,0
-9.923,1.469,-0.304,0
-9.867,1.329,-0.383,0
-9.79,1.154,-0.381,0
-9.681,0.982,-0.367,0
-9.635,0.792,-0.405,0
-9.618,0.594,-0.41,0
-9.596,0.426,-0.437,0
-9.55,0.294,-0.466,0
-9.538,0.12,-0.384,0
-9.563,-0.06,-0.28,0
-9.592,-0.215,-0.274,0
-9.666,-0.371,-0.332,0
-9.668,-0.479,-0.363,0
-9.606,-0.549,-0.365,0
-9.557,-0.619,-0.275,0
-9.516,-0.74,-0.189,0
-9.5,-0.875,-0.054,0
-9.47,-1.035,-0.031,0
-9.466,-1.132,-0.144,0
-9.463,-1.198,-0.225,0
-9.452,-1.204,-0.254,0
-9.421,-1.151,-0.212,0
-9.454,-1.088,-0.103,0
-9.464,-0.957,-0.16,0
-9.45,-0.849,-0.261,0
-9.466,-0.831,-0.32,0
-9.489,-0.839,-0.334,0
-9.514,-0.809,-0.435,0
-9.529,-0.69,-0.498,0
-9.648,-0.479,-0.553,0
-9.81,-0.229,-0.544,0
-9.972,0.062,-0.517,0
-10.129,0.393,-0.45,0
-10.164,0.704,-0.383,0
-10.208,0.966,-0.24,0
-10.247,1.151,-0.319,0
-10.211,1.269,-0.363,0
-10.155,1.311,-0.324,0
-10.058,1.316,-0.322,0
-9.941,1.328,-0.399,0
-9.866,1.311,-0.424,0
-9.851,1.221,-0.329,0
-9.833,1.083,-0.405,0
-9.836,0.847,-0.597,0
-9.933,0.538,-0.617,0
-10.036,0.216,-0.641,0
-10.022,0.031,-0.725,0
-9.836,0.008,-1.028,0
-9.589,-0.008,-1.122,0
-9.515,-0.182,-0.788,0
-9.618,-0.378,-0.626,0
-9.637,-0.562,-0.734,0
-9.536,-0.82,-0.756,0
-9.382,-0.986,-0.749,0
-9.202,-1.131,-0.738,0
-9.125,-1.313,-0.5,0
-9.172,-1.467,-0.211,0
-9.261,-1.527,-0.202,0
-9.295,-1.517,-0.191,0
-9.231,-1.469,-0.046,0
-9.139,-1.446,0.186,0
-9.07,-1.373,0.491,0
-9.097,-1.249,0.823,0
-9.161,-1.071,0.963,0
-9.213,-0.922,1.277,0
-9.402,-0.827,1.627,0
-9.788,-0.711,1.841,0
-10.258,-0.608,1.932,0
-10.7,-0.404,1.974,0
-11.028,-0.265,1.878,0
-11.326,-0.151,1.931,0
-11.585,0.108,1.893,0
-11.906,0.3,1.979,0
-12.182,0.376,2.031,0
-12.19,0.304,1.997,0
-12.032,0.171,2.13,0
-11.698,0.045,2.054,0
-11.473,-0.151,2.115,0
-11.181,-0.324,1.993,0
-10.748,-0.58,1.91,0
-10.207,-0.731,1.814,0
-9.695,-0.865,1.771,0
-9.204,-0.952,1.71,0
-8.723,-1.047,1.547,0
-8.327,-1.166,1.416,0
-8.017,-1.335,1.355,0
-7.899,-1.504,1.332,0
-7.937,-1.663,1.353,0
-8.03,-1.765,1.364,0
-8.058,-1.766,1.297,0
-8.092,-1.813,1.365,0
-8.187,-1.949,1.543,0
-8.32,-2.039,1.528,0
-8.472,-2.068,1.482,0
-8.679,-2.004,1.381,0
-8.932,-1.899,1.388,0
-9.16,-1.706,1.34,0
-9.233,-1.526,1.198,0
-9.067,-1.387,1.183,0
-8.747,-1.343,1.245,0
-8.494,-1.484,1.32,0
-8.401,-1.693,1.43,0
-8.452,-1.882,1.575,0
-8.603,-1.991,1.49,0
-8.782,-1.916,1.46,0
-8.909,-1.723,1.427,0
-9.034,-1.443,1.412,0
-9.061,-1.154,1.322,0
-8.989,-0.849,1.188,0
-8.847,-0.503,1.104,0
-8.575,-0.239,0.901,0
-8.249,-0.057,0.663,0
-7.974,-0.005,0.541,0
-7.845,-0.078,0.459,0
-7.912,-0.272,0.423,0
-8.08,-0.582,0.437,0
-8.306,-0.846,0.406,0
-8.528,-1.056,0.31,0
-8.738,-1.16,0.219,0
-9.021,-1.239,0.154,0
-9.297,-1.27,0.051,0
-9.334,-1.245,-0.088,0
-9.236,-1.154,-0.09,0
-9.193,-1.015,-0.108,0
-9.18,-0.853,-0.137,0
-9.226,-0.774,-0.112,0
-9.467,-0.664,-0.158,0
-9.758,-0.549,-0.318,0
-9.933,-0.447,-0.573,0
-9.946,-0.458,-0.625,0
-9.947,-0.53,-0.55,0
-9.952,-0.585,-0.688,0
-9.969,-0.584,-0.801,0
-9.897,-0.633,-0.957,0
-9.834,-0.662,-1.077,0
-9.813,-0.579,-1.178,0
-9.786,-0.413,-1.242,0
-9.834,-0.254,-1.359,0
-9.916,-0.181,-1.445,0
-9.921,-0.151,-1.571,0
-9.879,-0.146,-1.543,0
-9.915,-0.267,-1.391,0
-10.111,-0.453,-0.975,0
-10.689,-0.827,0.297,0
-11.82,-1.033,1.619,0
-13.236,-0.803,2.144,0
-14.536,-0.245,2.36,0
-15.3,0.805,2.067,0
-14.806,1.875,1.444,0
-12.998,2.177,0.634,0
-11.312,1.97,0.875,0
-10.704,1.57,1.295,0
-10.582,0.988,1.39,0
-10.538,0.338,2.165,0
-10.784,-0.019,2.06,0
-11.075,-0.077,1.444,0
-11.083,-0.217,1.342,0
-11.009,-0.383,2.04,0
-10.82,-0.355,2.505,0
-10.473,-0.183,2.557,0
-10.22,-0.049,2.541,0
-10.168,-0.048,2.365,0
-10.08,-0.081,1.935,0
-9.621,0.007,1.461,0
-8.967,0.091,1.318,0
-8.562,0.059,1.381,0
-8.533,-0.063,1.627,0
-8.603,-0.123,1.672,0
-8.72,-0.125,1.481,0
-8.994,-0.143,1.289,0
-9.253,-0.003,1.147,0
-9.189,0.084,1.059,0
-8.586,0.107,1.074,0
-7.814,0.097,1.193,0
-7.331,0.101,1.394,0
-7.365,0.072,1.582,0
-7.729,-0.004,1.539,0
-8.171,-0.048,1.345,0
-8.483,-0.108,1.164,0
-8.692,-0.111,1.144,0
-8.679,-0.041,1.027,0
-8.495,-0.004,0.907,0
-8.353,0.037,0.873,0
-8.264,0.166,0.757,0
-8.277,0.31,0.757,0
-8.339,0.495,0.68,0
-8.356,0.7,0.605,0
-8.489,0.899,0.552,0
-8.699,0.996,0.508,0
-8.887,1.09,0.475,0
-8.966,1.142,0.479,0
-8.94,1.252,0.479,0
-8.875,1.436,0.443,0
-8.83,1.609,0.447,0
-8.777,1.791,0.501,0
-8.808,1.88,0.519,0
-8.698,1.91,0.352,0
-8.512,1.848,0.227,0
-8.396,1.648,0.13,0
-8.365,1.478,-0.057,0
-8.404,1.352,-0.242,0
-8.621,1.277,-0.232,0
-8.827,1.182,-0.015,0
-9.128,1.019,0.515,0
-9.515,0.577,0.794,0
-9.751,0.1,0.465,0
-10.181,-0.359,0.667,0
-10.962,-0.841,1.185,0
-11.512,-1.294,1.052,0
-11.45,-1.625,0.325,0
-10.893,-1.554,-0.578,0
-10.372,-0.966,-1.221,0
-10.255,-0.426,-0.182,0
-10.713,0.098,2.559,0
-12.587,0.317,4.935,0
-15.685,0.698,3.097,0
-17.932,1.428,0.475,0
-16.924,1.852,0.745,0
-13.696,0.847,1.743,0
-12.454,-0.676,3.252,0
-12.189,-1.713,3.951,0
-11.934,-2.011,2.973,0
-11.215,-2.253,1.71,0
-10.041,-2.584,1.134,0
-8.722,-2.837,1.046,0
-7.758,-3.105,1.059,0
-7.436,-2.944,0.938,0
-7.417,-2.503,0.706,0
-7.606,-1.908,0.736,0
-7.866,-1.182,1.059,0
-7.997,-0.607,1.395,0
-8.043,-0.282,1.465,0
-8.102,-0.231,1.58,0
-8.157,-0.584,1.677,0
-8.366,-1.069,1.544,0
-8.571,-1.387,1.473,0
-8.539,-1.509,1.459,0
-8.363,-1.404,1.43,0
-8.133,-1.408,1.484,0
-8.078,-1.438,1.518,0
-8.233,-1.314,1.47,0
-8.462,-0.964,1.296,0
-8.719,-0.513,1.104,0
-8.974,0.001,0.893,0
-9.178,0.498,0.444,0
-9.06,0.881,-0.069,0
-8.591,0.932,-0.135,0
-8.135,0.763,0.071,0
-7.955,0.519,0.267,0
-8.157,0.282,0.245,0
-8.487,0.042,-0.048,0
-8.647,-0.207,-0.33,0
-8.842,-0.372,-0.531,0
-9.021,-0.523,-0.617,0
-9.107,-0.487,-0.682,0
-8.977,-0.42,-0.825,0
-8.779,-0.376,-0.845,0
-8.66,-0.243,-0.877,0
-8.572,-0.089,-1.028,0
-8.508,0.004,-0.742,0
-8.436,0.012,-0.225,0
-8.402,0.099,-0.121,0
-8.351,0.179,-0.363,0
-8.32,0.087,-0.351,0
-8.292,-0.008,-0.571,0
-8.154,-0.158,-0.852,0
-8.193,-0.266,-0.55,0
-8.683,-0.188,-0.466,0
-9.531,0.143,-0.567,0
-10.378,0.6,-0.865,0
-10.628,0.883,-1.148,0
-10.464,0.935,-1.046,0
-10.31,0.866,-0.498,0
-10.98,0.549,0.806,0
-12.755,-0.045,3.148,0
-15.075,-0.051,3.989,0
-16.48,0.582,1.826,0
-17.1,1.223,0.882,0
-17.48,1.535,0.997,0
-14.834,0.93,0.307,0
-11.602,-0.245,-0.057,0
-10.668,-0.97,-0.124,0
-10.758,-1.454,0.038,0
-10.964,-1.932,0.764,0
-11.605,-2.124,0.76,0
-12.156,-1.811,0.177,0
-12.09,-1.029,0.307,0
-11.76,-0.192,1.675,0
-11.3,0.486,2.564,0
-10.608,0.888,2.777,0
-9.834,1.019,2.598,0
-9.328,0.948,2.351,0
-9.287,0.786,1.878,0
-9.237,0.683,1.221,0
-8.936,0.43,0.958,0
-8.419,0.022,0.907,0
-8.151,-0.242,1.11,0
-8.021,-0.253,1.119,0
-7.898,-0.153,0.753,0
-8.037,-0.04,0.45,0
-8.474,-0.049,0.412,0
-8.631,-0.096,0.426,0
-8.262,-0.194,0.43,0
-7.592,-0.257,0.579,0
-7.156,-0.264,0.78,0
-7.116,-0.267,0.924,0
-7.456,-0.262,1.033,0
-7.992,-0.25,1.02,0
-8.498,-0.269,0.901,0
-8.881,-0.308,0.661,0
-9.014,-0.357,0.393,0
-8.795,-0.566,0.235,0
-8.46,-0.81,0.286,0
-8.121,-0.981,0.336,0
-7.837,-1.078,0.178,0
-7.625,-1.099,-0.043,0
-7.518,-1.004,-0.136,0
-7.538,-0.85,-0.183,0
-7.652,-0.644,-0.19,0
-7.814,-0.355,-0.33,0
-7.905,-0.089,-0.478,0
-7.986,0.111,-0.543,0
-8.077,0.268,-0.853,0
-8.013,0.515,-0.975,0
-7.91,1.217,-0.741,0
-8.012,1.773,0.008,0
-8.363,2.008,1.122,0
-8.753,2.12,0.968,0
-8.396,1.867,1.853,0
-8.579,1.352,3.557,0
-10.58,0.374,3.808,0
-12.973,-1.071,2.507,0
-13.263,-2.63,0.272,0
-11.926,-3.959,-1.151,0
-10.505,-4.554,-0.466,0
-9.877,-4.156,0.479,0
-9.937,-2.787,0.268,0
-10.433,-1.549,0.424,0
-12.125,-0.097,0.822,0
-14.266,1.781,0.266,0
-15.555,2.99,-0.406,0
-14.506,3.195,0.33,0
-12.633,1.969,2.074,0
-12.133,0.05,2.565,0
-12.78,-1.449,1.677,0
-13.066,-2.302,0.836,0
-12.552,-2.828,0.868,0
-11.812,-3.414,1.308,0
-11.141,-3.854,1.601,0
-10.644,-3.859,1.678,0
-10.281,-3.607,1.58,0
-10.159,-3.093,1.318,0
-10.043,-2.424,1.075,0
-9.831,-1.611,1.057,0
-9.718,-0.92,1.259,0
-9.533,-0.522,1.369,0
-9.236,-0.402,1.447,0
-8.896,-0.455,1.511,0
-8.734,-0.615,1.416,0
-8.685,-0.779,1.193,0
-8.39,-0.831,0.998,0
-7.901,-0.81,0.903,0
-7.496,-0.715,0.921,0
-7.24,-0.627,0.941,0
-7.019,-0.541,0.952,0
-6.816,-0.416,0.917,0
-6.72,-0.334,0.832,0
-6.79,-0.232,0.63,0
-7.141,-0.164,0.43,0
-7.639,-0.156,0.248,0
-8.137,-0.191,0.022,0
-8.282,-0.278,-0.08,0
-8.195,-0.39,-0.001,0
-8.107,-0.616,-0.013,0
-8.12,-0.835,-0.095,0
-8.178,-0.998,-0.248,0
-8.208,-1.109,-0.449,0
-8.16,-1.146,-0.569,0
-8.092,-1.168,-0.619,0
-8.016,-1.148,-0.761,0
-7.967,-1.086,-1.005,0
-7.938,-1.025,-1.312,0
-7.804,-0.982,-1.473,0
-7.64,-0.89,-1.441,0
-7.465,-0.851,-1.227,0
-7.245,-0.859,-0.825,0
-7.334,-0.784,-0.448,0
-7.974,-0.682,-0.215,0
-9.008,-0.483,-0.172,0
-9.651,-0.301,0.073,0
-9.827,-0.036,0.454,0
-9.79,0.22,0.653,0
-9.689,0.356,0.553,0
-9.367,0.119,0.234,0
-9.114,0.068,-0.301,0
-8.95,0.287,-0.615,0
-8.99,0.421,-0.389,0
-9.58,-0.499,1.241,0
-11.474,-1.724,3.532,0
-14.648,-2.289,3.633,0
-16.708,-1.951,0.621,0
-17.314,-0.743,-1.635,0
-16.984,-0.195,-0.591,0
-13.555,-0.744,0.794,0
-11.286,-1.302,0.874,0
-11.2,-1.511,-0.06,0
-11.061,-1.205,-0.515,0
-10.55,-0.775,-0.2,0
-10.511,-0.655,0.869,0
-11.04,-0.593,1.994,0
-11.489,-0.506,2.501,0
-11.811,-0.408,2.133,0
-11.837,-0.278,1.743,0
-11.597,-0.028,1.51,0
-11.265,0.228,1.304,0
-10.902,0.719,1.222,0
-10.413,1.058,1.151,0
-10.091,1.116,1.106,0
-9.766,1.086,0.837,0
-9.485,0.854,0.844,0
-9.372,0.679,0.907,0
-9.496,0.521,0.821,0
-9.697,0.414,0.63,0
-9.864,0.426,0.521,0
-9.617,0.498,0.483,0
-9.094,0.522,0.584,0
-8.612,0.498,0.771,0
-8.424,0.358,1.083,0
-8.468,0.144,1.065,0
-8.601,-0.061,0.97,0
-8.778,-0.242,0.889,0
-8.871,-0.301,0.657,0
-8.753,-0.338,0.445,0
-8.548,-0.427,0.35,0
-8.36,-0.52,0.364,0
-8.19,-0.575,0.408,0
-8.047,-0.649,0.354,0
-7.974,-0.684,0.32,0
-8.021,-0.697,0.343,0
-8.218,-0.662,0.185,0
-8.452,-0.67,0.12,0
-8.633,-0.673,-0.0,0
-8.666,-0.709,-0.147,0
-8.574,-0.75,-0.205,0
-8.504,-0.765,-0.255,0
-8.459,-0.66,-0.354,0
-8.383,-0.477,-0.371,0
-8.376,-0.299,-0.319,0
-8.482,-0.237,-0.145,0
-8.722,-0.161,0.339,0
-9.078,0.11,0.594,0
-9.641,0.202,0.542,0
-10.148,0.001,0.522,0
-10.405,-0.388,0.749,0
-10.377,-0.729,1.253,0
-10.316,-1.368,1.657,0
-10.565,-2.245,1.724,0
-10.817,-3.194,1.583,0
-11.176,-3.874,0.995,0
-11.515,-4.07,0.234,0
-11.393,-3.64,0.132,0
-10.98,-2.448,0.033,0
-10.377,-1.067,-0.413,0
-10.055,0.323,-0.697,0
-10.298,1.526,-0.805,0
-10.671,2.198,-0.973,0
-10.797,2.268,-1.083,0
-10.774,1.741,-0.719,0
-10.785,0.964,-0.271,0
-10.975,0.173,0.116,0
-11.067,-0.605,0.491,0
-10.959,-1.257,0.908,0
-10.734,-1.929,1.2,0
-10.549,-2.67,1.327,0
-10.172,-3.369,1.185,0
-9.637,-3.834,0.964,0
-9.216,-4.098,1.004,0
-8.906,-4.096,1.077,0
-8.818,-3.891,1.019,0
-8.732,-3.321,0.99,0
-8.625,-2.546,1.09,0
-8.631,-1.75,1.273,0
-8.9,-1.073,1.419,0
-9.555,-0.41,1.484,0
-10.208,0.194,1.237,0
-10.221,0.58,0.907,0
-9.706,0.799,0.934,0
-9.067,0.901,1.017,0
-8.467,0.857,0.94,0
-8.028,0.65,0.734,0
-7.863,0.378,0.563,0
-7.992,-0.025,0.532,0
-8.248,-0.379,0.424,0
-8.536,-0.684,0.212,0
-8.821,-0.957,0.009,0
-8.955,-1.233,-0.106,0
-8.986,-1.455,-0.096,0
-8.989,-1.644,-0.098,0
-9.007,-1.799,-0.085,0
-9.104,-1.898,-0.068,0
-9.299,-1.942,-0.068,0
-9.511,-1.95,-0.05,0
-9.603,-1.843,-0.149,0
-9.478,-1.773,-0.213,0
-9.296,-1.761,-0.145,0
-9.169,-1.791,-0.154,0
-9.024,-1.812,-0.234,0
-8.872,-1.783,-0.234,0
-8.668,-1.669,-0.313,0
-8.503,-1.528,-0.451,0
-8.485,-1.393,-0.429,0
-8.525,-1.174,-0.379,0
-8.559,-0.865,-0.336,0
-8.661,-0.537,-0.368,0
-8.72,-0.395,-0.391,0
-8.671,-0.375,-0.409,0
-8.539,-0.465,-0.42,0
-8.373,-0.682,-0.371,0
-8.236,-0.95,-0.192,0
-8.196,-1.178,-0.108,0
-8.094,-1.325,-0.187,0
-7.99,-1.365,-0.149,0
-7.993,-1.291,-0.171,0
-7.958,-1.155,-0.303,0
-7.887,-1.117,-0.296,0
-7.878,-1.232,-0.274,0
-7.985,-1.987,0.823,0
-8.734,-2.87,2.624,0
-10.618,-3.262,3.752,0
-14.0,-3.254,3.721,0
-17.312,-2.043,1.409,0
-19.194,-0.053,-0.701,0
-17.665,0.752,-0.034,0
-12.654,0.052,1.228,0
-9.76,-0.657,1.583,0
-9.326,-1.343,1.322,0
-9.444,-1.531,0.503,0
-9.254,-1.55,-0.091,0
-8.912,-1.489,0.02,0
-8.775,-1.232,0.511,0
-8.856,-0.986,1.216,0
-9.264,-0.762,1.723,0
-9.843,-0.638,1.71,0
-10.4,-0.388,1.423,0
-10.852,-0.009,1.24,0
-10.877,0.318,1.116,0
-10.155,0.602,0.962,0
-9.482,0.804,1.002,0
-9.308,0.619,0.749,0
-9.259,0.284,0.431,0
-9.2,0.101,0.088,0
-9.213,-0.032,-0.012,0
-9.448,-0.143,0.212,0
-9.618,-0.337,0.576,0
-9.559,-0.432,0.78,0
-9.383,-0.302,0.718,0
-9.503,-0.129,0.691,0
-9.71,0.241,0.616,0
-9.809,0.519,0.584,0
-9.624,0.674,0.582,0
-9.483,0.689,0.789,0
-9.473,0.66,0.785,0
-9.554,0.511,0.679,0
-9.652,0.269,0.564,0
-9.686,0.022,0.424,0
-9.654,-0.295,0.3,0
-9.517,-0.648,0.142,0
-9.404,-0.926,0.024,0
-9.347,-1.096,-0.094,0
-9.301,-1.159,-0.166,0
-9.272,-1.14,-0.23,0
-9.259,-1.108,-0.191,0
-9.384,-1.052,-0.098,0
-9.525,-0.974,-0.128,0
-9.628,-0.86,-0.074,0
-9.74,-0.759,-0.004,0
-9.785,-0.675,-0.015,0
-9.753,-0.57,0.01,0
-9.609,-0.426,0.077,0
-9.494,-0.291,0.172,0
-9.459,-0.176,0.19,0
-9.422,-0.13,0.121,0
-9.424,-0.132,0.011,0
-9.424,-0.159,-0.03,0
-9.531,0.116,-0.07,0
-9.832,0.454,-0.479,0
-9.971,0.687,-0.461,0
-10.036,0.781,-0.312,0
-9.923,0.487,-0.479,0
-9.601,-0.02,-0.669,0
-9.216,-0.283,-0.737,0
-8.857,-0.323,-0.764,0
-8.804,-0.384,-0.863,0
-9.129,-0.381,-0.669,0
-9.499,-0.369,-0.393,0
-9.606,-0.417,-0.334,0
-9.556,-0.586,-0.496,0
-9.495,-0.877,-0.505,0
-9.412,-1.01,-0.239,0
-9.374,-1.121,0.039,0
-9.459,-1.198,0.141,0
-9.575,-1.092,0.008,0
-9.742,-0.939,-0.062,0
-9.817,-0.762,-0.081,0
-9.674,-0.67,0.095,0
-9.5,-0.727,0.382,0
-9.539,-0.853,0.739,0
-9.777,-1.059,0.913,0
-10.132,-1.269,0.895,0
-10.45,-1.394,0.869,0
-10.607,-1.425,0.794,0
-10.591,-1.343,0.887,0
-10.469,-1.243,1.142,0
-10.423,-1.141,1.345,0
-10.553,-1.019,1.447,0
-10.739,-0.871,1.455,0
-10.71,-0.776,1.44,0
-10.515,-0.743,1.494,0
-10.235,-0.779,1.602,0
-9.854,-0.838,1.669,0
-9.458,-0.882,1.534,0
-9.009,-0.9,1.236,0
-8.586,-0.959,0.964,0
-8.354,-1.19,0.852,0
-8.357,-1.455,0.797,0
-8.413,-1.605,0.651,0
-8.453,-1.739,0.511,0
-8.489,-1.707,0.327,0
-8.512,-1.589,0.125,0
-8.698,-1.564,0.091,0
-9.047,-1.583,0.143,0
-9.606,-1.551,0.101,0
-10.22,-1.402,0.083,0
-10.708,-1.202,0.011,0
-11.014,-1.046,-0.229,0
-10.834,-1.051,-0.486,0
-10.079,-1.21,-0.492,0
-9.564,-1.412,-0.149,0
-9.608,-1.731,0.105,0
-9.897,-1.924,0.097,0
-10.189,-1.872,0.189,0
-10.498,-1.728,0.501,0
-10.65,-1.458,0.53,0
-10.449,-1.164,0.473,0
-9.96,-0.898,0.733,0
-9.449,-0.718,0.976,0
-9.031,-0.585,0.953,0
-8.819,-0.505,0.921,0
-8.775,-0.427,0.889,0
-8.813,-0.392,0.75,0
-8.881,-0.346,0.587,0
-8.935,-0.383,0.372,0
-8.948,-0.428,0.214,0
-8.978,-0.512,0.201,0
-9.068,-0.664,0.179,0
-9.08,-0.802,0.043,0
-9.057,-0.946,-0.106,0
-9.059,-1.083,-0.13,0
-9.087,-1.269,-0.164,0
-9.178,-1.414,-0.241,0
-9.294,-1.544,-0.375,0
-9.43,-1.638,-0.511,0
-9.482,-1.759,-0.685,0
-9.476,-1.782,-0.83,0
-9.48,-1.77,-0.854,0
-9.467,-1.77,-0.814,0
-9.426,-1.726,-0.814,0
-9.307,-1.705,-0.769,0
-9.102,-1.727,-0.703,0
-8.864,-1.81,-0.505,0
-8.657,-1.838,-0.308,0
-8.637,-1.89,-0.12,0
-8.758,-1.936,-0.032,0
-8.924,-2.005,0.044,0
-8.992,-2.035,0.053,0
-9.028,-2.012,-0.014,0
-8.997,-1.993,-0.093,0
-8.847,-2.035,-0.01,0
-8.658,-2.061,0.087,0
-8.57,-2.067,0.037,0
-8.756,-2.118,0.001,0
-8.998,-2.168,0.063,0
-9.202,-2.275,0.054,0
-9.501,-2.477,-0.07,0
-9.965,-2.694,-0.376,0
-10.618,-2.748,-0.952,0
-11.25,-2.832,-1.06,0
-11.862,-2.969,-0.138,0
-12.759,-2.914,1.055,0
-13.897,-2.571,1.222,0
-14.631,-2.037,0.524,0
-14.441,-1.763,0.328,0
-13.566,-1.638,0.729,0
-12.659,-1.513,0.903,0
-12.061,-1.296,0.705,0
-11.546,-0.943,0.361,0
-10.675,-0.73,0.216,0
-9.729,-0.685,0.292,0
-8.933,-0.631,0.239,0
-8.468,-0.564,0.288,0
-8.272,-0.659,0.632,0
-8.168,-0.887,0.986,0
-8.153,-1.067,1.258,0
-8.264,-1.064,1.592,0
-8.375,-1.078,1.861,0
-8.46,-1.162,2.103,0
-8.497,-1.293,2.348,0
-8.276,-1.386,2.435,0
-7.953,-1.522,2.448,0
-7.745,-1.636,2.443,0
-7.676,-1.668,2.274,0
-7.791,-1.506,2.075,0
-8.037,-1.052,1.849,0
-8.629,-0.547,1.915,0
-9.494,-0.093,1.924,0
-9.703,0.179,1.575,0
-9.335,0.306,1.499,0
-9.227,0.439,1.663,0
-9.402,0.516,1.523,0
-9.695,0.404,1.284,0
-9.832,0.099,0.994,0
-9.523,-0.115,0.858,0
-9.179,-0.348,1.023,0
-8.902,-0.478,0.919,0
-8.705,-0.559,0.91,0
-8.871,-0.578,0.994,0
-9.059,-0.573,0.765,0
-9.171,-0.63,0.7,0
-9.14,-0.661,0.73,0
-9.004,-0.717,0.714,0
-8.927,-0.782,0.725,0
-8.864,-0.742,0.605,0
-8.896,-0.715,0.499,0
-8.904,-0.652,0.431,0
-8.813,-0.559,0.361,0
-8.707,-0.427,0.384,0
-8.684,-0.286,0.51,0
-8.807,-0.104,0.564,0
-8.925,0.089,0.401,0
-8.962,0.269,0.313,0
-8.946,0.402,0.241,0
-8.88,0.498,0.204,0
-8.821,0.603,0.229,0
-8.784,0.87,-0.024,0
-9.027,1.129,-0.119,0
-9.258,1.449,0.163,0
-9.61,1.605,0.556,0
-9.911,1.491,0.707,0
-9.532,1.07,0.766,0
-8.877,0.388,1.383,0
-9.524,-0.456,2.116,0
-10.845,-1.196,2.228,0
-11.373,-1.81,1.794,0
-10.707,-2.486,1.119,0
-9.718,-3.093,0.699,0
-9.551,-3.433,0.751,0
-10.038,-3.187,1.261,0
-11.275,-2.412,1.616,0
-13.134,-1.655,1.614,0
-14.366,-0.598,1.496,0
-14.533,0.919,1.72,0
-14.176,2.43,1.748,0
-13.375,3.179,2.639,0
-12.41,2.762,2.946,0
-12.059,1.51,2.253,0
-11.663,0.524,1.541,0
-10.66,-0.023,1.075,0
-9.547,-0.504,0.718,0
-8.615,-0.972,0.585,0
-7.997,-1.544,1.028,0
-7.688,-2.08,1.333,0
-7.623,-2.383,1.286,0
-7.711,-2.681,1.108,0
-8.11,-2.944,0.887,0
-8.673,-3.088,0.991,0
-9.208,-2.929,1.122,0
-9.563,-2.617,1.154,0
-9.732,-2.301,1.188,0
-9.76,-2.078,1.113,0
-9.585,-1.741,0.98,0
-9.115,-1.294,1.123,0
-8.641,-0.81,1.475,0
-8.349,-0.304,1.582,0
-8.213,0.074,1.536,0
-8.201,0.249,1.522,0
-8.161,0.348,1.369,0
-8.094,0.365,1.152,0
-8.059,0.315,0.992,0
-8.206,0.178,0.913,0
-8.453,0.009,0.708,0
-8.626,-0.166,0.394,0
-8.606,-0.371,0.225,0
-8.389,-0.583,0.223,0
-8.16,-0.821,0.304,0
-8.144,-1.059,0.371,0
-8.274,-1.248,0.19,0
-8.34,-1.378,-0.047,0
-8.39,-1.474,-0.248,0
-8.488,-1.501,-0.428,0
-8.57,-1.455,-0.496,0
-8.634,-1.356,-0.471,0
-8.546,-1.271,-0.467,0
-8.375,-1.152,-0.407,0
-8.302,-1.018,-0.63,0
-8.119,-0.894,-0.754,0
-7.989,-0.882,-0.69,0
-7.96,-0.972,-0.454,0
-8.099,-1.078,-0.296,0
-8.477,-1.193,-0.185,0
-8.985,-1.329,-0.06,0
-9.428,-1.385,0.008,0
-9.694,-1.263,0.062,0
-9.9,-1.094,0.028,0
-10.029,-1.028,-0.179,0
-9.976,-0.943,-0.369,0
-9.891,-0.794,-0.683,0
-9.9,-0.757,-1.094,0
-10.145,-0.904,-1.329,0
-10.42,-1.205,-1.444,0
-10.783,-1.663,-1.01,0
-11.578,-2.09,0.46,0
-13.297,-2.323,2.168,0
-15.578,-2.018,2.222,0
-17.422,-0.875,0.668,0
-17.415,0.37,0.192,0
-15.131,0.721,0.721,0
-12.877,0.74,0.697,0
-12.029,0.589,0.595,0
-11.651,0.214,0.441,0
-11.036,-0.313,0.81,0
-10.556,-0.747,1.27,0
-10.711,-0.857,1.268,0
-11.058,-0.919,1.221,0
-11.231,-0.982,1.53,0
-11.043,-0.899,1.881,0
-10.615,-0.72,2.124,0
-10.096,-0.632,2.306,0
-9.668,-0.745,2.408,0
-9.162,-0.924,2.306,0
-8.517,-0.835,1.942,0
-8.268,-0.58,1.749,0
-8.54,-0.238,1.437,0
-8.827,0.155,1.013,0
-8.754,0.561,0.808,0
-8.293,0.813,0.919,0
-7.535,1.252,0.941,0
-7.133,1.721,1.243,0
-7.582,2.033,1.514,0
-8.394,1.951,1.454,0
-8.886,1.603,1.3,0
-9.031,1.032,1.249,0
-8.957,0.395,1.09,0
-8.543,-0.228,0.966,0
-8.163,-0.77,0.867,0
-7.955,-0.955,0.616,0
-7.792,-1.088,0.488,0
-7.658,-1.167,0.453,0
-7.573,-1.242,0.499,0
-7.666,-1.268,0.562,0
-7.871,-1.251,0.544,0
-8.174,-1.156,0.497,0
-8.362,-0.97,0.366,0
-8.419,-0.797,0.246,0
-8.394,-0.646,0.049,0
-8.273,-0.456,-0.21,0
-8.146,-0.321,-0.202,0
-8.063,-0.188,-0.127,0
-8.018,-0.065,-0.096,0
-8.012,0.016,-0.137,0
-8.012,0.145,-0.279,0
-8.01,0.183,-0.311,0
-8.063,0.389,-0.347,0
-8.23,0.813,-0.679,0
-8.389,1.176,-0.898,0
-8.441,1.425,-0.519,0
-8.463,1.476,0.194,0
-8.463,1.197,0.939,0
-8.579,0.555,1.211,0
-9.064,-0.427,1.917,0
-10.295,-1.551,2.789,0
-11.849,-2.745,2.536,0
-13.003,-3.545,1.136,0
-12.489,-3.641,0.218,0
-11.391,-3.755,1.423,0
-11.68,-4.012,2.352,0
-12.899,-4.018,1.485,0
-13.659,-3.13,1.216,0
-14.506,-0.971,1.79,0
-16.071,1.513,1.68,0
-17.368,3.798,1.268,0
-16.516,5.212,0.803,0
-13.379,4.556,1.045,0
-10.964,3.008,1.045,0
-10.014,1.52,0.593,0
-9.816,0.313,0.106,0
-9.676,-0.605,0.138,0
-9.166,-1.48,0.658,0
-8.417,-2.321,1.435,0
-7.922,-3.041,2.079,0
-7.908,-3.412,2.161,0
-8.133,-3.212,1.759,0
-8.466,-2.813,1.553,0
-8.859,-2.334,1.406,0
-9.084,-1.532,1.304,0
-9.161,-0.585,0.989,0
-9.493,0.027,1.165,0
-9.815,0.26,1.176,0
-9.625,0.232,0.733,0
-8.897,-0.123,0.582,0
-8.081,-0.524,0.726,0
-7.62,-0.912,0.945,0
-7.503,-1.062,0.929,0
-7.641,-0.985,0.905,0
-7.9,-0.909,0.823,0
-8.139,-0.741,0.69,0
-8.285,-0.642,0.501,0
-8.367,-0.568,0.345,0
-8.314,-0.429,0.171,0
-8.133,-0.264,-0.011,0
-7.955,-0.221,0.024,0
-7.839,-0.298,0.175,0
-7.744,-0.313,0.231,0
-7.729,-0.245,0.103,0
-7.863,-0.182,-0.155,0
-7.961,-0.151,-0.374,0
-7.93,-0.231,-0.41,0
-7.919,-0.314,-0.335,0
-7.858,-0.43,-0.381,0
-7.809,-0.558,-0.396,0
-7.897,-0.7,-0.606,0
-7.981,-0.818,-0.728,0
-8.11,-1.089,-0.465,0
-8.242,-1.271,-0.337,0
-8.327,-1.186,-0.951,0
-7.998,-1.263,-1.373,0
-7.56,-1.556,-1.118,0
-7.544,-1.842,-0.591,0
-8.01,-1.853,-0.454,0
-8.847,-1.804,0.089,0
-10.23,-1.487,0.625,0
-11.476,-0.803,0.435,0
-11.906,-0.018,0.021,0
-11.423,0.62,-0.33,0
-10.711,0.951,-0.699,0
-10.411,1.017,-1.121,0
-10.67,0.802,-0.644,0
-11.569,0.428,0.906,0
-13.006,-0.092,2.459,0
-14.868,-0.581,2.357,0
-16.341,-0.434,0.712,0
-16.624,-0.295,-0.714,0
-15.4,-0.672,-0.637,0
-13.148,-1.156,-0.044,0
-12.404,-1.391,0.342,0
-12.464,-1.521,0.303,0
-12.357,-1.541,0.726,0
-12.19,-1.328,0.931,0
-12.02,-0.776,1.039,0
-11.564,-0.033,1.268,0
-11.125,0.537,1.953,0
-10.819,0.853,2.384,0
-10.461,0.726,2.287,0
-10.042,0.47,2.011,0
-9.617,0.166,1.763,0
-9.311,-0.059,1.368,0
-8.962,-0.005,0.932,0
-8.561,0.15,0.697,0
-8.19,0.153,0.718,0
-7.77,0.249,0.81,0
-7.409,0.536,0.946,0
-7.713,0.818,0.826,0
-8.273,1.026,0.391,0
-8.675,1.093,0.262,0
-8.645,1.002,0.343,0
-8.25,0.611,0.497,0
-7.808,0.149,0.714,0
-7.594,-0.25,0.719,0
-7.535,-0.496,0.609,0
-7.512,-0.722,0.566,0
-7.649,-1.012,0.582,0
-7.825,-1.148,0.522,0
-8.005,-1.231,0.442,0
-8.146,-1.199,0.355,0
-8.183,-1.147,0.154,0
-8.13,-1.08,-0.072,0
-8.031,-0.978,-0.188,0
-7.957,-0.772,-0.208,0
-7.928,-0.487,-0.27,0
-7.883,-0.227,-0.385,0
-7.789,-0.028,-0.39,0
-7.747,0.192,-0.388,0
-7.857,0.389,-0.397,0
-8.017,0.568,-0.594,0
-8.134,0.773,-0.614,0
-8.136,1.114,-0.662,0
-8.104,1.627,-0.868,0
-8.116,2.059,-0.889,0
-8.064,2.231,-0.135,0
-7.908,2.368,1.276,0
-7.805,1.882,1.857,0
-8.296,0.949,2.959,0
-10.077,0.015,4.606,0
-12.853,-1.169,4.045,0
-14.677,-2.474,0.629,0
-13.119,-3.919,-1.814,0
-10.972,-4.61,-1.767,0
-10.566,-4.625,-0.889,0
-11.197,-3.806,0.305,0
-11.914,-2.752,0.738,0
-13.82,-1.308,1.117,0
-16.798,1.191,0.85,0
-19.175,3.435,0.032,0
-18.029,4.427,0.17,0
-13.884,3.97,1.554,0
-11.602,2.13,2.413,0
-11.718,0.236,1.441,0
-11.641,-0.732,0.086,0
-10.888,-1.201,-0.387,0
-9.615,-1.571,-0.071,0
-8.231,-2.123,0.469,0
-7.173,-2.856,1.322,0
-6.719,-3.481,1.806,0
-6.89,-3.676,1.831,0
-7.56,-3.219,1.478,0
-8.418,-2.55,1.015,0
-9.089,-1.819,0.875,0
-9.545,-0.905,0.895,0
-9.826,-0.119,0.772,0
-9.705,0.09,0.741,0
-9.165,-0.189,0.957,0
-8.661,-0.656,1.294,0
-8.526,-1.194,1.473,0
-8.629,-1.381,1.227,0
-8.548,-1.223,0.888,0
-8.337,-0.843,0.677,0
-8.146,-0.538,0.659,0
-7.91,-0.344,0.722,0
-7.576,-0.248,0.769,0
-7.335,-0.223,0.716,0
-7.298,-0.3,0.61,0
-7.47,-0.515,0.575,0
-7.874,-0.653,0.519,0
-8.349,-0.706,0.315,0
-8.66,-0.561,-0.003,0
-8.628,-0.415,-0.256,0
-8.44,-0.368,-0.301,0
-8.163,-0.436,-0.125,0
-7.911,-0.461,-0.008,0
-7.798,-0.453,-0.071,0
-7.842,-0.518,-0.225,0
-7.975,-0.637,-0.396,0
-8.097,-0.749,-0.495,0
-8.161,-0.843,-0.556,0
-8.131,-0.904,-0.631,0
-8.223,-1.015,-0.533,0
-8.353,-1.222,-0.383,0
-8.455,-1.229,-0.754,0
-8.293,-1.135,-1.224,0
-7.928,-1.152,-1.044,0
-7.793,-1.283,-0.603,0
-8.083,-1.353,-0.239,0
-8.847,-1.397,0.041,0
-9.704,-1.243,0.243,0
-10.329,-0.853,0.162,0
-10.631,-0.513,-0.259,0
-10.476,-0.33,-0.544,0
-10.078,0.071,-0.838,0
-9.544,0.649,-1.212,0
-9.282,0.923,-1.187,0
-9.605,0.067,0.049,0
-11.013,-1.074,2.703,0
-13.977,-1.487,4.534,0
-17.205,-1.313,3.319,0
-19.475,-0.112,0.113,0
-18.057,0.164,-0.324,0
-13.441,-0.614,0.597,0
-11.368,-0.967,0.404,0
-11.685,-1.396,0.258,0
-11.985,-1.869,0.641,0
-11.757,-1.989,0.839,0
-11.384,-1.671,0.502,0
-11.41,-1.286,0.944,0
-11.936,-1.009,2.17,0
-12.307,-0.837,2.609,0
-12.043,-0.573,2.262,0
-11.366,-0.424,1.81,0
-10.724,-0.414,1.758,0
-10.204,-0.204,1.493,0
-9.525,0.105,1.142,0
-9.048,0.68,1.092,0
-8.787,1.013,1.071,0
-8.303,1.057,1.115,0
-7.821,0.756,1.298,0
-7.704,0.534,1.116,0
-7.93,0.423,0.899,0
-8.356,0.327,0.78,0
-8.477,0.36,0.757,0
-8.197,0.362,0.775,0
-7.662,0.212,0.796,0
-7.115,-0.035,0.746,0
-6.676,-0.292,0.811,0
-6.645,-0.534,0.94,0
-6.991,-0.762,0.925,0
-7.537,-0.991,0.876,0
-8.074,-1.086,0.68,0
-8.362,-0.962,0.244,0
-8.262,-0.779,-0.008,0
-7.977,-0.673,0.051,0
-7.735,-0.621,0.057,0
-7.505,-0.559,0.04,0
-7.35,-0.508,0.119,0
-7.381,-0.42,-0.008,0
-7.525,-0.3,-0.069,0
-7.832,-0.128,-0.13,0
-8.089,0.027,-0.369,0
-8.242,0.158,-0.595,0
-8.26,0.291,-0.765,0
-8.269,0.36,-0.892,0
-8.272,0.485,-0.765,0
-8.318,0.91,-0.246,0
-8.401,1.378,0.415,0
-8.45,1.642,1.036,0
-8.474,1.66,1.483,0
-8.491,1.202,2.536,0
-9.755,0.56,3.64,0
-11.812,-0.655,3.434,0
-13.084,-2.346,1.418,0
-12.357,-3.959,-1.155,0
-10.54,-4.764,-2.251,0
-9.342,-4.772,-2.193,0
-9.047,-3.682,-1.419,0
-8.635,-2.334,0.352,0
-9.403,-1.264,2.236,0
-13.236,0.164,2.193,0
-17.348,1.78,-0.579,0
-17.689,2.777,-0.935,0
-14.037,3.287,0.81,0
-11.256,2.538,3.092,0
-11.163,0.743,4.207,0
-12.519,-0.711,3.419,0
-13.817,-1.963,1.856,0
-13.6,-2.931,0.771,0
-11.551,-3.277,0.451,0
-9.573,-3.507,0.599,0
-8.432,-3.787,0.624,0
-7.913,-3.791,0.605,0
-7.915,-3.42,0.666,0
-8.716,-2.644,0.792,0
-9.897,-1.857,0.704,0
-10.635,-1.388,0.286,0
-10.794,-1.302,0.006,0
-10.335,-1.478,0.271,0
-9.661,-1.764,0.835,0
-9.287,-2.07,1.025,0
-9.137,-2.176,0.88,0
-9.045,-1.956,0.815,0
-8.861,-1.503,0.841,0
-8.618,-0.947,0.829,0
-8.368,-0.378,0.816,0
-8.14,0.179,0.773,0
-8.023,0.591,0.741,0
-7.956,0.775,0.682,0
-7.959,0.829,0.501,0
-7.874,0.762,0.424,0
-7.807,0.649,0.413,0
-7.926,0.468,0.35,0
-8.13,0.242,0.258,0
-8.269,0.0,0.178,0
-8.208,-0.262,0.198,0
-8.103,-0.545,0.37,0
-8.04,-0.855,0.433,0
-8.046,-1.124,0.28,0
-8.126,-1.35,0.023,0
-8.219,-1.526,-0.184,0
-8.297,-1.641,-0.352,0
-8.395,-1.683,-0.431,0
-8.437,-1.75,-0.338,0
-8.493,-1.656,-0.415,0
-8.435,-1.393,-0.948,0
-8.092,-1.297,-1.142,0
-7.758,-1.218,-1.019,0
-7.623,-1.024,-0.945,0
-7.798,-0.918,-0.668,0
-8.31,-0.926,-0.129,0
-9.183,-0.685,0.187,0
-9.88,-0.1,0.117,0
-10.1,0.34,0.06,0
-9.858,0.358,0.261,0
-9.402,0.167,0.248,0
-9.001,0.134,-0.33,0
-8.695,0.109,-0.986,0
-8.667,-0.055,-1.349,0
-8.823,-0.417,-1.541,0
-8.828,-1.067,-1.291,0
-9.199,-1.869,-0.389,0
-10.538,-2.513,0.999,0
-13.031,-3.081,1.884,0
-15.97,-3.095,1.123,0
-17.887,-1.96,0.202,0
-17.348,0.035,0.689,0
-15.235,1.303,1.057,0
-13.36,1.49,1.006,0
-12.562,1.193,1.355,0
-12.078,0.822,1.019,0
-11.202,0.783,0.348,0
-10.245,0.766,0.02,0
-9.821,0.64,0.587,0
-10.12,0.312,1.422,0
-10.667,0.008,1.656,0
-10.873,-0.215,1.537,0
-10.701,-0.529,1.55,0
-10.421,-0.849,1.518,0
-10.027,-0.931,1.419,0
-9.839,-0.624,1.319,0
-9.697,-0.144,0.903,0
-9.718,0.288,0.846,0
-9.82,0.753,0.615,0
-9.429,0.982,0.177,0
-8.751,1.054,0.018,0
-8.286,1.154,0.142,0
-8.102,1.283,0.523,0
-8.147,1.288,1.149,0
-8.728,1.18,1.282,0
-9.413,0.933,0.888,0
-9.539,0.535,0.552,0
-9.266,-0.091,0.577,0
-8.725,-0.66,0.6,0
-8.14,-0.955,0.699,0
-7.919,-1.073,0.646,0
-7.89,-1.156,0.433,0
-7.905,-1.251,0.329,0
-7.976,-1.324,0.343,0
-8.027,-1.334,0.393,0
-8.095,-1.228,0.508,0
-8.169,-1.071,0.591,0
-8.334,-0.897,0.42,0
-8.429,-0.701,0.138,0
-8.343,-0.431,-0.012,0
-8.146,-0.144,-0.033,0
-7.985,0.097,0.019,0
-7.874,0.349,-0.054,0
-7.847,0.522,-0.106,0
-7.959,0.56,-0.33,0
-8.1,0.567,-0.483,0
-8.144,0.565,-0.357,0
-8.144,0.576,0.052,0
-8.18,0.587,0.753,0
-8.393,0.471,1.706,0
-8.799,0.323,2.594,0
-9.392,-0.039,3.012,0
-10.161,-0.821,3.28,0
-10.808,-1.824,4.411,0
-11.659,-2.847,6.574,0
-14.066,-4.531,7.198,0
-17.322,-5.925,2.981,0
-17.995,-4.986,-0.61,0
-15.838,-2.294,-1.077,0
-12.742,-0.016,-0.707,0
-10.666,1.834,0.371,0
-9.485,3.125,1.021,0
-8.862,3.832,0.467,0
-8.357,3.968,-0.098,0
-8.101,3.48,-0.392,0
-7.918,2.66,-0.28,0
-7.673,1.673,0.125,0
-7.311,0.478,0.501,0
-6.996,-0.829,1.255,0
-7.109,-1.999,2.033,0
-7.759,-2.949,2.368,0
-9.112,-3.492,2.338,0
-11.028,-3.86,1.699,0
-12.177,-4.016,0.808,0
-11.98,-3.929,0.451,0
-11.148,-3.367,0.686,0
-10.363,-2.448,0.978,0
-10.025,-1.628,0.989,0
-9.884,-1.109,0.954,0
-9.604,-0.778,1.116,0
-9.392,-0.491,1.105,0
-9.428,-0.331,1.089,0
-9.535,-0.257,0.964,0
-9.512,-0.304,0.806,0
-9.314,-0.537,0.854,0
-9.062,-0.892,0.773,0
-8.804,-1.281,0.586,0
-8.584,-1.523,0.612,0
-8.376,-1.655,0.809,0
-8.202,-1.73,1.12,0
-8.116,-1.682,1.15,0
-8.168,-1.498,1.037,0
-8.349,-1.274,1.088,0
-8.57,-1.112,1.084,0
-8.811,-1.037,1.24,0
-8.981,-1.083,1.441,0
-9.093,-1.158,1.376,0
-9.017,-1.361,1.282,0
-8.759,-1.847,1.315,0
-8.474,-2.464,1.44,0
-8.218,-2.943,1.26,0
-8.125,-3.124,0.925,0
-7.938,-2.938,0.641,0
-7.47,-2.592,0.459,0
-6.924,-2.353,0.581,0
-6.376,-2.284,1.05,0
-6.016,-2.408,1.881,0
-6.523,-2.619,2.796,0
-8.092,-2.832,3.371,0
-10.33,-2.787,3.422,0
-13.242,-2.262,2.827,0
-16.005,-1.112,0.784,0
-16.689,0.217,-0.698,0
-15.037,0.602,0.203,0
-11.998,0.103,1.108,0
-9.989,-0.255,1.22,0
-9.74,-0.601,0.994,0
-10.153,-0.928,0.464,0
-10.378,-0.972,0.089,0
-10.2,-0.808,0.168,0
-9.979,-0.56,0.396,0
-9.937,-0.244,0.372,0
-9.978,0.146,0.507,0
-10.056,0.568,0.735,0
-10.123,0.868,0.845,0
-10.176,0.993,0.968,0
-10.179,1.044,1.13,0
-10.12,0.891,1.203,0
-10.128,0.512,1.298,0
-10.075,0.039,1.131,0
-9.79,-0.381,0.899,0
-9.357,-0.692,0.779,0
-8.95,-0.896,0.626,0
-8.594,-0.983,0.475,0
-8.301,-0.981,0.323,0
-8.131,-0.902,0.282,0
-8.078,-0.683,0.182,0
-8.133,-0.381,0.191,0
-8.257,-0.098,0.353,0
-8.409,0.165,0.524,0
-8.693,0.419,0.734,0
-9.039,0.689,0.827,0
-9.443,0.878,0.904,0
-9.825,1.011,0.922,0
-10.048,1.139,0.931,0
-10.141,1.133,1.22,0
-10.139,1.025,1.442,0
-9.993,0.816,1.514,0
-9.683,0.483,1.601,0
-9.409,-0.022,1.512,0
-9.288,-0.628,1.38,0
-9.193,-1.251,1.168,0
-9.076,-1.857,1.002,0
-8.779,-2.279,1.42,0
-8.523,-2.543,2.572,0
-9.049,-2.544,3.027,0
-10.874,-2.197,2.767,0
-13.154,-1.355,2.057,0
-14.636,0.076,1.196,0
-13.611,1.611,0.976,0
-10.766,2.432,1.91,0
-8.475,2.164,2.902,0
-7.13,1.888,2.902,0
-6.717,1.794,2.792,0
-7.008,1.628,2.399,0
-7.469,1.123,1.898,0
-7.857,0.221,1.787,0
-8.169,-0.841,1.964,0
-8.743,-1.777,2.04,0
-9.409,-2.551,1.802,0
-9.808,-3.218,1.356,0
-9.832,-3.681,1.108,0
-9.623,-3.827,1.15,0
-9.54,-3.576,1.553,0
-9.714,-3.16,1.694,0
-10.118,-2.766,1.667,0
-10.592,-2.261,1.581,0
-10.814,-1.663,1.393,0
-10.793,-1.128,1.49,0
-10.632,-0.771,1.498,0
-10.425,-0.532,1.511,0
-10.249,-0.391,1.667,0
-10.089,-0.393,1.764,0
-9.974,-0.494,1.753,0
-9.899,-0.7,1.775,0
-9.854,-0.957,1.774,0
-9.816,-1.221,1.757,0
-9.686,-1.432,1.803,0
-9.508,-1.566,1.878,0
-9.314,-1.58,1.907,0
-9.141,-1.408,1.965,0
-9.041,-1.189,1.988,0
-8.958,-1.003,2.013,0
-8.881,-0.915,2.055,0
-8.757,-0.912,2.039,0
-8.626,-0.942,2.007,0
-8.537,-0.974,1.985,0
-8.527,-0.994,1.942,0
-8.534,-0.992,1.965,0
-8.593,-0.991,1.924,0
-8.649,-1.019,1.879,0
-8.645,-1.076,1.843,0
-8.662,-1.149,1.886,0
-8.726,-1.239,1.916,0
-8.828,-1.313,1.898,0
-8.89,-1.391,1.914,0
-8.879,-1.427,1.927,0
-8.849,-1.466,1.896,0
-8.795,-1.467,1.825,0
-8.759,-1.422,1.729,0
-8.768,-1.399,1.701,0
-8.809,-1.351,1.65,0
-8.849,-1.317,1.654,0
-8.887,-1.337,1.697,0
-8.929,-1.382,1.715,0
-8.95,-1.448,1.769,0
-8.97,-1.511,1.76,0
-9.023,-1.553,1.776,0
-9.106,-1.585,1.679,0
-9.198,-1.64,1.645,0
-9.175,-1.659,1.676,0
-9.092,-1.624,1.672,0
-9.031,-1.63,1.688,0
-9.01,-1.632,1.69,0
-9.026,-1.688,1.715,0
-9.034,-1.769,1.69,0
-9.005,-1.832,1.652,0
-8.998,-1.91,1.676,0
-8.992,-2.002,1.677,0
-8.983,-2.051,1.664,0
-8.981,-2.101,1.702,0
-9.009,-2.152,1.817,0
-9.013,-2.179,1.833,0
-9.073,-2.225,1.8,0
-9.158,-2.257,1.736,0
-9.252,-2.31,1.854,0
-9.431,-2.377,2.22,0
-9.728,-2.217,2.204,0
-10.0,-1.776,1.973,0
-10.199,-1.352,2.03,0
-10.289,-0.971,2.108,0
-10.276,-0.609,2.397,0
-10.442,-0.358,3.322,0
-10.939,-0.274,4.362,0
-11.671,0.28,4.485,0
-12.471,1.279,3.796,0
-12.832,2.33,2.858,0
-12.096,3.293,2.076,0
-10.319,3.538,2.137,0
-8.555,2.781,2.496,0
-7.742,1.575,2.766,0
-8.013,0.337,2.97,0
-8.97,-0.572,2.705,0
-9.883,-0.9,2.02,0
-10.391,-0.795,1.589,0
-10.444,-0.585,1.663,0
-10.232,-0.429,2.117,0
-9.902,-0.333,2.372,0
-9.631,-0.218,2.428,0
-9.568,0.021,2.299,0
-9.639,0.4,2.188,0
-9.765,0.803,2.063,0
-9.84,1.08,2.137,0
-9.844,1.173,2.169,0
-9.748,1.117,2.076,0
-9.632,0.906,2.106,0
-9.568,0.606,2.086,0
-9.514,0.292,1.862,0
-9.427,0.109,1.533,0
-9.325,0.06,1.41,0
-9.232,0.194,1.598,0
-9.226,0.531,1.657,0
-9.349,0.985,1.71,0
-9.466,1.545,1.653,0
-9.501,2.059,1.574,0
-9.433,2.399,1.666,0
-9.277,2.561,1.806,0
-9.14,2.597,1.966,0
-9.026,2.572,2.142,0
-8.939,2.53,2.21,0
-8.92,2.437,2.32,0
-8.983,2.317,2.336,0
-9.006,2.224,2.289,0
-9.076,2.126,2.326,0
-9.027,2.006,2.335,0
-8.906,1.904,2.409,0
-8.809,1.779,2.384,0
-8.693,1.705,2.366,0
-8.504,1.636,2.377,0
-8.34,1.582,2.326,0
-8.147,1.501,2.452,0
-8.025,1.336,3.301,0
-7.849,1.312,3.689,0
-7.698,1.301,3.161,0
-8.176,0.908,5.512,0
-9.826,-0.215,10.727,0
-11.938,-0.14,9.449,0
-13.61,-0.831,2.512,0
-12.936,-4.34,-0.165,0
-7.411,-5.952,0.795,0
-2.985,-5.954,0.869,0
-1.642,-4.58,1.989,0
-2.782,-2.926,3.77,0
-4.655,-1.744,4.867,0
-6.768,-1.218,5.36,0
-9.313,-0.869,4.535,0
-11.175,0.227,2.516,0
-11.01,0.915,1.819,0
-9.175,1.014,2.988,0
-7.735,0.929,4.232,0
-7.669,0.854,4.317,0
-7.857,0.652,3.999,0
-7.794,0.384,4.027,0
-7.733,-0.127,4.062,0
-7.94,-1.054,4.114,0
-8.256,-1.982,3.928,0
-8.031,-2.471,3.535,0
-7.513,-2.563,3.479,0
-7.22,-2.312,3.794,0
-7.356,-1.942,3.801,0
-7.64,-1.308,3.816,0
-7.832,-0.766,4.032,0
-7.904,-0.481,4.317,0
-7.855,-0.464,4.493,0
-7.741,-0.423,4.578,0
-7.632,-0.395,4.52,0
-7.565,-0.257,4.337,0
-7.502,-0.329,4.348,0
-7.484,-0.466,4.519,0
-7.219,-0.483,4.424,0
-7.106,-0.562,4.519,0
-7.248,-0.618,4.402,0
-7.36,-0.546,4.12,0
-7.171,-0.398,4.126,0
-7.275,-0.248,4.354,0
-7.419,-0.239,4.183,0
-7.386,-0.159,4.085,0
-7.3,-0.099,4.225,0
-7.374,-0.197,4.303,0
-7.461,-0.369,4.283,0
-7.342,-0.409,4.002,0
-7.247,-0.667,4.034,0
-7.157,-0.792,4.012,0
-7.035,-0.906,3.949,0
-6.973,-0.894,3.801,0
-6.896,-0.879,3.86,0
-6.974,-0.82,3.872,0
-7.008,-0.641,3.741,0
-7.004,-0.491,4.009,0
-7.129,-0.183,4.153,0
-7.268,0.227,4.173,0
-7.488,0.424,4.334,0
-7.652,0.552,4.309,0
-7.433,0.715,4.34,0
-7.384,0.802,4.27,0
-7.603,0.664,4.333,0
-7.611,0.601,4.505,0
-7.801,0.529,4.478,0
-8.007,0.405,4.397,0
-8.172,0.272,4.449,0
-8.22,0.075,4.483,0
-8.301,-0.088,4.423,0
-8.374,-0.174,4.382,0
-8.424,-0.277,4.621,0
-8.525,-0.305,4.653,0
-8.618,-0.274,4.522,0
-8.675,-0.246,4.667,0
-8.643,-0.166,4.761,0
-8.613,-0.139,4.656,0
-8.628,-0.218,4.599,0
-8.782,-0.301,4.592,0
-8.849,-0.322,4.439,0
-8.896,-0.398,4.43,0
-8.778,-0.427,4.615,0
-8.715,-0.398,4.661,0
-8.664,-0.249,4.551,0
-8.766,-0.083,4.54,0
-8.731,0.14,4.314,0
-8.708,0.279,4.108,0
-8.609,0.341,3.95,0
-8.407,0.218,3.975,0
-8.352,0.049,3.774,0
-8.173,-0.291,3.486,0
-8.067,-0.595,3.422,0
-7.928,-0.751,3.29,0
-7.744,-0.719,3.163,0
-7.955,-0.485,2.944,0
-7.897,-0.309,2.591,0
-7.567,-0.073,2.485,0
-7.522,0.052,2.563,0
-7.659,0.044,2.24,0
-7.634,0.071,1.965,0
-7.492,-0.123,2.128,0
-7.932,-0.627,2.824,0
-9.374,-1.126,2.704,0
-13.175,-1.425,2.045,0
-16.932,-1.822,2.575,0
-19.468,-1.546,2.144,0
-22.431,-0.436,0.627,0
-25.879,0.916,-1.226,0
-26.703,1.164,-2.48,0
-23.783,0.762,-2.681,0
-19.492,0.823,-1.942,0
-17.271,0.67,-2.002,0
-15.223,0.02,-2.937,0
-12.27,0.062,-3.239,0
-8.864,0.028,-2.869,0
-7.185,-0.209,-2.612,0
-6.503,-0.489,-2.892,0
-5.612,-0.726,-3.171,0
-4.92,-0.439,-2.996,0
-4.972,-0.166,-2.564,0
-5.72,-0.064,-2.144,0
-5.907,0.062,-1.995,0
-6.253,0.124,-1.778,0
-7.311,0.019,-1.434,0
-8.52,-0.116,-1.169,0
-9.523,-0.158,-1.46,0
-10.841,0.001,-1.691,0
-11.848,0.098,-1.657,0
-12.249,-0.084,-1.516,0
-12.253,-0.324,-1.178,0
-12.2,-0.39,-1.2,0
-12.418,-0.127,-1.263,0
-12.467,0.137,-0.97,0
-12.233,0.303,-0.459,0
-11.794,0.383,-0.316,0
-11.58,0.455,-0.275,0
-11.239,0.372,-0.165,0
-10.988,0.096,-0.119,0
-10.783,-0.221,-0.127,0
-10.686,-0.445,0.012,0
-10.738,-0.381,0.029,0
-10.604,-0.131,-0.131,0
-10.323,0.191,-0.357,0
-9.987,0.523,-0.52,0
-9.688,0.685,-0.966,0
-9.474,0.619,-1.21,0
-9.316,0.439,-1.246,0
-8.984,0.269,-1.44,0
-8.777,0.057,-1.752,0
-8.398,-0.347,-2.128,0
-8.942,-1.998,-2.343,0
-9.581,0.401,-1.713,0
-8.63,-0.736,-2.647,0
-9.044,0.173,-3.431,0
-9.055,-0.029,-3.599,0
-8.648,0.229,-2.817,0
-8.598,0.545,-2.184,0
-8.598,0.423,-2.057,0
-8.729,0.414,-1.788,0
-8.96,1.02,-1.502,0
-9.03,0.756,-1.486,0
-9.079,0.881,-1.413,0
-9.212,0.593,-1.603,0
-9.236,0.409,-1.643,0
-9.326,0.243,-1.636,0
-9.544,0.375,-1.645,0
-9.626,0.658,-1.668,0
-9.462,0.574,-1.756,0
-9.715,0.473,-1.74,0
-9.847,0.922,-1.795,0
-9.756,0.757,-1.883,0
-9.879,0.7,-1.697,0
-10.218,0.91,-1.65,0
-10.08,0.728,-1.808,0
-10.004,0.658,-1.679,0
-9.76,0.604,-1.799,0
-9.595,0.595,-1.869,0
-9.444,0.572,-1.86,0
-9.254,0.583,-1.772,0
-9.28,0.628,-1.878,0
-9.283,0.696,-2.011,0
-9.131,0.673,-1.907,0
-9.236,0.727,-2.569,0
-9.306,0.826,-2.199,0
-9.052,0.649,-1.903,0
-9.271,0.76,-2.021,0
-9.227,0.683,-1.969,0
-9.243,0.718,-2.047,0
-9.152,0.66,-1.998,0
-9.041,0.75,-1.922,0
-9.284,0.711,-2.109,0
-9.175,0.786,-1.987,0
-9.127,0.812,-2.176,0
-9.062,0.672,-2.061,0
-9.417,0.718,-2.228,0
-9.725,0.865,-2.332,0
-9.512,0.616,-2.124,0
-9.784,0.909,-2.295,0
-9.382,0.709,-2.196,0
-9.084,0.732,-1.944,0
-9.529,0.727,-2.16,0
-9.416,0.743,-2.079,0
-9.424,0.768,-2.174,0
-9.558,0.817,-2.235,0
-9.412,0.876,-2.249,0
-9.357,0.798,-2.359,0
-9.514,0.778,-2.298,0
-9.354,0.796,-2.368,0
-9.141,0.801,-2.27,0
-9.375,0.805,-2.35,0
-9.425,0.806,-2.323,0
-9.361,0.787,-2.264,0
-9.242,0.769,-2.193,0
-9.189,0.833,-2.055,0
-9.346,0.816,-2.05,0
-9.387,0.801,-2.084,0
-9.235,0.78,-2.066,0
-9.28,0.808,-1.986,0
-9.382,0.787,-2.034,0
-9.311,0.739,-2.115,0
-9.221,0.65,-2.284,0
-9.242,0.634,-2.258,0
-9.305,0.777,-2.222,0
-9.488,0.944,-2.208,0
-9.43,1.013,-2.192,0
-9.277,0.86,-2.183,0
-9.394,0.731,-2.122,0
-9.449,0.741,-2.136,0
-9.375,0.776,-2.054,0
-9.336,0.856,-2.034,0
-9.347,0.904,-2.185,0
-9.343,0.888,-2.253,0
-9.369,0.85,-2.423,0
-9.366,0.765,-2.396,0
-9.277,0.729,-2.228,0
-9.326,0.671,-2.147,0
-9.485,0.807,-2.072,0
-9.457,0.849,-1.95,0
-9.324,0.82,-1.792,0
-9.254,0.85,-1.838,0
-9.291,0.754,-1.896,0
-9.344,0.737,-1.891,0
-9.325,0.757,-1.941,0
-9.298,0.792,-1.946,0
-9.281,0.812,-1.903,0
-9.283,0.858,-1.93,0
-9.298,0.86,-2.059,0
-9.319,0.849,-2.104,0
-9.303,0.833,-2.079,0
-9.263,0.816,-2.041,0
-9.253,0.76,-1.985,0
-9.292,0.756,-1.96,0
-9.323,0.768,-1.98,0
-9.356,0.699,-1.958,0
-9.361,0.662,-1.958,0
-9.356,0.6,-1.948,0
-9.37,0.611,-1.975,0
-9.329,0.588,-2.009,0
-9.347,0.573,-1.987,0
-9.394,0.585,-2.038,0
-9.381,0.58,-2.047,0
-9.373,0.578,-2.056,0
-9.36,0.6,-2.099,0
-9.355,0.551,-2.081,0
-9.374,0.551,-2.095,0
-9.367,0.557,-2.129,0
-9.336,0.515,-2.099,0
-9.326,0.518,-2.077,0
-9.348,0.541,-2.081,0
-9.331,0.559,-2.077,0
-9.338,0.564,-2.102,0
-9.374,0.584,-2.233,0
-9.324,0.577,-2.07,0
-9.348,0.586,-2.068,0
-9.336,0.6,-2.041,0
-9.359,0.611,-2.045,0
-9.36,0.643,-2.041,0
-9.343,0.624,-2.057,0
-9.338,0.618,-2.036,0
-9.347,0.604,-2.011,0
-9.343,0.62,-2.0,0
-9.349,0.582,-2.023,0
-9.384,0.659,-1.969,0
-9.373,0.645,-2.038,0
-9.354,0.591,-1.987,0
-9.335,0.649,-1.962,0
-9.36,0.685,-1.946,0
-9.321,0.635,-1.955,0
-9.356,0.604,-1.927,0
-9.365,0.742,-1.901,0
-9.353,0.665,-1.998,0
-9.348,0.777,-1.905,0
-9.32,0.734,-1.968,0
-9.327,0.728,-1.973,0
-9.302,0.716,-1.955,0
-9.335,0.713,-1.977,0
-9.322,0.718,-1.994,0
-9.347,0.728,-2.014,0
-9.343,0.746,-1.996,0
-9.33,0.761,-1.984,0
-9.346,0.743,-1.989,0
-9.34,0.723,-2.007,0
-9.345,0.723,-1.994,0
-9.348,0.697,-1.977,0
-9.367,0.674,-1.98,0
-9.362,0.665,-1.957,0
-9.36,0.656,-1.951,0
-9.353,0.663,-1.939,0
-9.355,0.674,-1.91,0
-9.374,0.676,-1.894,0
-9.371,0.679,-1.874,0
-9.374,0.69,-1.894,0
-9.376,0.676,-1.89,0
-9.375,0.643,-1.885,0
-9.368,0.614,-1.882,0
-9.376,0.6,-1.891,0
-9.383,0.616,-1.867,0
-9.379,0.627,-1.856,0
-9.371,0.643,-1.849,0
-9.387,0.659,-1.84,0
-9.387,0.656,-1.828,0
-9.375,0.668,-1.873,0
-9.384,0.67,-1.894,0
-9.39,0.683,-1.845,0
-9.38,0.697,-1.828,0
-9.385,0.683,-1.871,0
-9.383,0.704,-1.86,0
-9.385,0.708,-1.839,0
-9.369,0.717,-1.847,0
-9.386,0.701,-1.831,0
-9.395,0.683,-1.836,0
-9.383,0.672,-1.845,0
-9.372,0.692,-1.856,0
-9.371,0.703,-1.869,0
-9.367,0.715,-1.871,0
-9.367,0.721,-1.867,0
-9.378,0.706,-1.865,0
-9.374,0.71,-1.869,0
-9.381,0.708,-1.883,0
-9.38,0.708,-1.883,0
-9.39,0.704,-1.869,0
-9.383,0.701,-1.858,0
-9.387,0.693,-1.853,0
-9.386,0.689,-1.85,0
-9.387,0.679,-1.831,0
-9.387,0.668,-1.817,0
-9.387,0.672,-1.808,0
-9.387,0.67,-1.806,0
-9.389,0.67,-1.828,0
-9.383,0.674,-1.82,0
-9.387,0.686,-1.808,0
-9.387,0.677,-1.795,0
-9.389,0.656,-1.797,0
-9.391,0.643,-1.795,0
-9.386,0.638,-1.783,0
-9.387,0.652,-1.799,0
-9.387,0.654,-1.815,0
-9.387,0.661,-1.804,0
-9.393,0.652,-1.817,0
-9.393,0.659,-1.831,0
-9.387,0.661,-1.831,0
