AccV,AccML,AccAP,FoG
-8.698,0.471,-4.256,0
-8.685,0.477,-4.243,0
-8.688,0.495,-4.25,0
-8.672,0.502,-4.238,0
-8.659,0.531,-4.225,0
-8.667,0.549,-4.234,0
-8.658,0.551,-4.252,0
-8.653,0.576,-4.241,0
-8.667,0.583,-4.228,0
-8.673,0.587,-4.209,0
-8.676,0.583,-4.198,0
-8.675,0.581,-4.198,0
-8.681,0.572,-4.201,0
-8.678,0.549,-4.209,0
-8.677,0.551,-4.211,0
-8.677,0.531,-4.204,0
-8.677,0.533,-4.218,0
-8.679,0.54,-4.215,0
-8.67,0.522,-4.207,0
-8.674,0.515,-4.191,0
-8.68,0.536,-4.191,0
-8.675,0.56,-4.218,0
-8.655,0.567,-4.216,0
-8.64,0.598,-4.234,0
-8.653,0.612,-4.232,0
-8.662,0.61,-4.25,0
-8.658,0.603,-4.266,0
-8.66,0.589,-4.266,0
-8.655,0.58,-4.259,0
-8.667,0.585,-4.239,0
-8.669,0.578,-4.225,0
-8.675,0.565,-4.216,0
-8.664,0.549,-4.211,0
-8.684,0.545,-4.222,0
-8.677,0.54,-4.223,0
-8.67,0.524,-4.209,0
-8.679,0.525,-4.229,0
-8.665,0.529,-4.222,0
-8.677,0.529,-4.227,0
-8.68,0.54,-4.225,0
-8.673,0.545,-4.234,0
-8.677,0.538,-4.227,0
-8.68,0.536,-4.236,0
-8.677,0.524,-4.234,0
-8.677,0.518,-4.236,0
-8.667,0.511,-4.233,0
-8.679,0.524,-4.227,0
-8.664,0.538,-4.229,0
-8.668,0.547,-4.223,0
-8.682,0.558,-4.218,0
-8.673,0.567,-4.218,0
-8.678,0.567,-4.214,0
-8.678,0.572,-4.207,0
-8.678,0.578,-4.213,0
-8.682,0.581,-4.205,0
-8.651,0.592,-4.211,0
-8.651,0.587,-4.193,0
-8.677,0.585,-4.193,0
-8.676,0.576,-4.178,0
-8.676,0.583,-4.189,0
-8.66,0.594,-4.202,0
-8.659,0.592,-4.222,0
-8.669,0.589,-4.223,0
-8.655,0.571,-4.223,0
-8.664,0.542,-4.227,0
-8.675,0.524,-4.239,0
-8.674,0.495,-4.227,0
-8.669,0.475,-4.227,0
-8.671,0.448,-4.248,0
-8.682,0.45,-4.274,0
-8.691,0.464,-4.279,0
-8.677,0.5,-4.254,0
-8.663,0.536,-4.211,0
-8.677,0.556,-4.202,0
-8.664,0.592,-4.266,0
-8.642,0.607,-4.27,0
-8.645,0.591,-4.214,0
-8.642,0.573,-4.207,0
-8.685,0.57,-4.245,0
-8.695,0.57,-4.238,0
-8.671,0.583,-4.18,0
-8.658,0.58,-4.15,0
-8.651,0.571,-4.128,0
-8.683,0.549,-4.153,0
-8.698,0.547,-4.202,0
-8.688,0.525,-4.24,0
-8.675,0.52,-4.229,0
-8.679,0.531,-4.209,0
-8.675,0.54,-4.191,0
-8.666,0.547,-4.194,0
-8.666,0.565,-4.236,0
-8.661,0.576,-4.263,0
-8.651,0.571,-4.243,0
-8.66,0.569,-4.225,0
-8.664,0.558,-4.218,0
-8.68,0.547,-4.232,0
-8.688,0.534,-4.232,0
-8.674,0.536,-4.231,0
-8.675,0.547,-4.243,0
-8.646,0.546,-4.254,0
-8.642,0.537,-4.295,0
-8.668,0.533,-4.275,0
-8.682,0.515,-4.225,0
-8.692,0.509,-4.204,0
-8.708,0.502,-4.191,0
-8.715,0.525,-4.206,0
-8.7,0.559,-4.22,0
-8.671,0.583,-4.193,0
-8.67,0.594,-4.16,0
-8.669,0.589,-4.168,0
-8.664,0.574,-4.222,0
-8.673,0.554,-4.259,0
-8.678,0.549,-4.266,0
-8.684,0.536,-4.212,0
-8.686,0.527,-4.148,0
-8.682,0.529,-4.146,0
-8.682,0.527,-4.169,0
-8.675,0.538,-4.2,0
-8.693,0.552,-4.232,0
-8.689,0.556,-4.23,0
-8.674,0.538,-4.187,0
-8.677,0.522,-4.22,0
-8.699,0.509,-4.3,0
-8.719,0.489,-4.34,0
-8.71,0.462,-4.387,0
-8.705,0.435,-4.417,0
-8.726,0.393,-4.407,0
-8.757,0.33,-4.306,0
-8.733,0.24,-4.218,0
-8.654,0.189,-4.148,0
-8.636,0.191,-4.191,0
-8.664,0.252,-4.214,0
-8.668,0.371,-4.157,0
-8.681,0.518,-4.263,0
-8.663,0.639,-4.322,0
-8.664,0.727,-4.288,0
-8.718,0.815,-4.223,0
-8.729,0.905,-4.14,0
-8.727,0.982,-4.087,0
-8.678,1.026,-4.011,0
-8.62,1.047,-3.947,0
-8.598,1.033,-3.876,0
-8.617,0.982,-3.839,0
-8.662,0.949,-3.835,0
-8.705,0.864,-3.826,0
-8.721,0.77,-3.864,0
-8.711,0.664,-3.918,0
-8.736,0.584,-3.972,0
-8.756,0.521,-4.031,0
-8.771,0.472,-4.091,0
-8.752,0.44,-4.168,0
-8.739,0.442,-4.214,0
-8.735,0.485,-4.223,0
-8.727,0.516,-4.239,0
-8.705,0.556,-4.268,0
-8.691,0.594,-4.25,0
-8.721,0.604,-4.205,0
-8.732,0.618,-4.254,0
-8.714,0.592,-4.241,0
-8.7,0.556,-4.198,0
-8.663,0.529,-4.202,0
-8.661,0.524,-4.265,0
-8.667,0.509,-4.398,0
-8.665,0.511,-4.376,0
-8.696,0.498,-4.292,0
-8.703,0.462,-4.216,0
-8.7,0.448,-4.18,0
-8.71,0.467,-4.173,0
-8.704,0.52,-4.141,0
-8.7,0.572,-4.114,0
-8.694,0.597,-4.107,0
-8.712,0.59,-4.085,0
-8.752,0.55,-4.06,0
-8.749,0.492,-4.065,0
-8.762,0.436,-4.072,0
-8.789,0.413,-4.085,0
-8.786,0.409,-4.099,0
-8.791,0.434,-4.137,0
-8.762,0.478,-4.159,0
-8.74,0.512,-4.153,0
-8.722,0.563,-4.168,0
-8.715,0.619,-4.13,0
-8.709,0.673,-4.072,0
-8.701,0.725,-4.081,0
-8.695,0.776,-4.108,0
-8.679,0.801,-4.139,0
-8.684,0.805,-4.108,0
-8.684,0.805,-4.058,0
-8.683,0.776,-4.044,0
-8.673,0.734,-4.044,0
-8.695,0.677,-4.047,0
-8.71,0.631,-4.049,0
-8.703,0.606,-4.033,0
-8.696,0.603,-4.044,0
-8.69,0.614,-4.105,0
-8.706,0.624,-4.139,0
-8.676,0.612,-4.198,0
-8.676,0.599,-4.247,0
-8.662,0.596,-4.291,0
-8.683,0.606,-4.318,0
-8.726,0.633,-4.295,0
-8.749,0.62,-4.191,0
-8.737,0.609,-4.069,0
-8.749,0.55,-4.003,0
-8.774,0.506,-3.988,0
-8.809,0.466,-4.035,0
-8.809,0.443,-4.062,0
-8.802,0.436,-4.049,0
-8.794,0.456,-4.01,0
-8.783,0.497,-4.024,0
-8.756,0.512,-4.082,0
-8.735,0.539,-4.13,0
-8.744,0.541,-4.114,0
-8.752,0.57,-4.099,0
-8.748,0.595,-4.087,0
-8.723,0.617,-4.053,0
-8.71,0.619,-4.042,0
-8.687,0.623,-4.089,0
-8.703,0.606,-4.114,0
-8.711,0.565,-4.157,0
-8.709,0.55,-4.2,0
-8.697,0.534,-4.182,0
-8.679,0.529,-4.128,0
-8.675,0.551,-4.082,0
-8.679,0.545,-4.105,0
-8.708,0.527,-4.093,0
-8.715,0.521,-4.098,0
-8.726,0.534,-4.114,0
-8.702,0.563,-4.141,0
-8.696,0.601,-4.173,0
-8.697,0.617,-4.209,0
-8.701,0.608,-4.245,0
-8.693,0.583,-4.245,0
-8.682,0.567,-4.232,0
-8.708,0.557,-4.204,0
-8.711,0.554,-4.18,0
-8.711,0.554,-4.096,0
-8.713,0.547,-4.055,0
-8.711,0.538,-4.062,0
-8.729,0.53,-4.103,0
-8.736,0.537,-4.139,0
-8.736,0.566,-4.137,0
-8.723,0.593,-4.155,0
-8.712,0.608,-4.114,0
-8.692,0.639,-4.114,0
-8.711,0.673,-4.142,0
-8.716,0.691,-4.103,0
-8.729,0.687,-4.072,0
-8.74,0.674,-4.042,0
-8.773,0.647,-4.01,0
-8.767,0.622,-3.952,0
-8.75,0.575,-3.897,0
-8.747,0.537,-3.879,0
-8.756,0.501,-3.915,0
-8.773,0.474,-3.972,0
-8.77,0.452,-4.026,0
-8.779,0.459,-4.075,0
-8.8,0.468,-4.11,0
-8.785,0.474,-4.105,0
-8.767,0.488,-4.1,0
-8.744,0.507,-4.091,0
-8.749,0.508,-4.08,0
-8.748,0.501,-4.127,0
-8.742,0.492,-4.184,0
-8.722,0.505,-4.191,0
-8.7,0.538,-4.153,0
-8.691,0.558,-4.13,0
-8.678,0.592,-4.117,0
-8.681,0.612,-4.121,0
-8.679,0.639,-4.123,0
-8.679,0.644,-4.116,0
-8.679,0.659,-4.144,0
-8.693,0.664,-4.158,0
-8.715,0.647,-4.159,0
-8.706,0.633,-4.153,0
-8.717,0.617,-4.128,0
-8.726,0.588,-4.121,0
-8.732,0.554,-4.078,0
-8.751,0.492,-4.058,0
-8.757,0.463,-4.06,0
-8.782,0.44,-4.069,0
-8.762,0.447,-4.078,0
-8.746,0.465,-4.078,0
-8.753,0.51,-4.127,0
-8.736,0.564,-4.141,0
-8.715,0.588,-4.111,0
-8.721,0.606,-4.107,0
-8.726,0.624,-4.103,0
-8.721,0.622,-4.094,0
-8.73,0.611,-4.089,0
-8.73,0.599,-4.098,0
-8.722,0.575,-4.102,0
-8.714,0.556,-4.101,0
-8.722,0.548,-4.112,0
-8.741,0.55,-4.137,0
-8.73,0.55,-4.166,0
-8.709,0.545,-4.167,0
-8.715,0.532,-4.157,0
-8.727,0.552,-4.132,0
-8.748,0.557,-4.126,0
-8.75,0.568,-4.074,0
-8.748,0.588,-4.01,0
-8.735,0.613,-3.999,0
-8.74,0.629,-4.01,0
-8.749,0.642,-3.997,0
-8.745,0.633,-3.977,0
-8.719,0.619,-3.963,0
-8.719,0.577,-4.008,0
-8.725,0.547,-4.051,0
-8.745,0.539,-4.089,0
-8.74,0.534,-4.107,0
-8.735,0.543,-4.143,0
-8.72,0.541,-4.13,0
-8.722,0.554,-4.096,0
-8.727,0.55,-4.094,0
-8.738,0.564,-4.112,0
-8.756,0.564,-4.119,0
-8.729,0.543,-4.103,0
-8.724,0.494,-4.064,0
-8.719,0.46,-4.065,0
-8.714,0.437,-4.087,0
-8.734,0.408,-4.134,0
-8.74,0.411,-4.193,0
-8.748,0.436,-4.198,0
-8.732,0.453,-4.155,0
-8.721,0.48,-4.146,0
-8.717,0.505,-4.123,0
-8.704,0.525,-4.126,0
-8.689,0.567,-4.187,0
-8.7,0.554,-4.189,0
-8.714,0.552,-4.137,0
-8.727,0.53,-4.123,0
-8.756,0.526,-4.15,0
-8.758,0.526,-4.114,0
-8.736,0.536,-4.047,0
-8.737,0.548,-3.987,0
-8.745,0.557,-3.979,0
-8.746,0.593,-4.008,0
-8.746,0.588,-4.035,0
-8.736,0.591,-4.071,0
-8.723,0.595,-4.089,0
-8.712,0.606,-4.082,0
-8.696,0.601,-4.071,0
-8.687,0.581,-4.085,0
-8.686,0.558,-4.103,0
-8.687,0.533,-4.155,0
-8.717,0.5,-4.189,0
-8.737,0.469,-4.198,0
-8.73,0.458,-4.175,0
-8.748,0.447,-4.137,0
-8.753,0.449,-4.078,0
-8.75,0.451,-4.064,0
-8.749,0.485,-4.067,0
-8.747,0.537,-4.076,0
-8.728,0.575,-4.051,0
-8.705,0.608,-4.026,0
-8.71,0.621,-4.026,0
-8.708,0.642,-4.044,0
-8.681,0.68,-4.087,0
-8.68,0.697,-4.099,0
-8.678,0.718,-4.133,0
-8.679,0.716,-4.186,0
-8.686,0.684,-4.218,0
-8.686,0.653,-4.198,0
-8.683,0.594,-4.166,0
-8.706,0.505,-4.157,0
-8.75,0.406,-4.139,0
-8.764,0.33,-4.123,0
-8.786,0.29,-4.109,0
-8.797,0.261,-4.125,0
-8.774,0.274,-4.136,0
-8.764,0.328,-4.096,0
-8.736,0.404,-4.078,0
-8.699,0.486,-4.085,0
-8.666,0.553,-4.101,0
-8.643,0.625,-4.146,0
-8.663,0.675,-4.168,0
-8.675,0.68,-4.214,0
-8.691,0.682,-4.237,0
-8.722,0.658,-4.211,0
-8.73,0.642,-4.132,0
-8.737,0.62,-4.071,0
-8.727,0.581,-4.06,0
-8.738,0.532,-4.083,0
-8.722,0.498,-4.067,0
-8.705,0.498,-4.064,0
-8.697,0.504,-4.085,0
-8.696,0.52,-4.094,0
-8.695,0.531,-4.107,0
-8.691,0.531,-4.155,0
-8.695,0.547,-4.191,0
-8.68,0.547,-4.236,0
-8.702,0.55,-4.281,0
-8.731,0.525,-4.258,0
-8.733,0.487,-4.209,0
-8.744,0.46,-4.139,0
-8.747,0.411,-4.078,0
-8.754,0.375,-4.031,0
-8.764,0.377,-4.066,0
-8.752,0.436,-4.112,0
-8.731,0.496,-4.105,0
-8.741,0.548,-4.081,0
-8.712,0.601,-4.065,0
-8.697,0.644,-4.085,0
-8.691,0.68,-4.103,0
-8.681,0.691,-4.127,0
-8.68,0.67,-4.167,0
-8.699,0.642,-4.157,0
-8.688,0.626,-4.157,0
-8.685,0.61,-4.168,0
-8.716,0.581,-4.155,0
-8.75,0.575,-4.128,0
-8.725,0.584,-4.197,0
-8.688,0.572,-4.209,0
-8.673,0.56,-4.143,0
-8.698,0.545,-4.146,0
-8.72,0.545,-4.186,0
-8.723,0.547,-4.183,0
-8.705,0.558,-4.112,0
-8.678,0.592,-4.046,0
-8.693,0.59,-4.03,0
-8.704,0.579,-4.05,0
-8.716,0.565,-4.094,0
-8.711,0.566,-4.152,0
-8.711,0.552,-4.207,0
-8.695,0.547,-4.211,0
-8.678,0.542,-4.225,0
-8.69,0.543,-4.229,0
-8.699,0.525,-4.211,0
-8.72,0.534,-4.189,0
-8.742,0.525,-4.184,0
-8.735,0.514,-4.188,0
-8.747,0.51,-4.166,0
-8.744,0.503,-4.146,0
-8.728,0.514,-4.116,0
-8.707,0.538,-4.103,0
-8.696,0.563,-4.105,0
-8.698,0.579,-4.128,0
-8.716,0.579,-4.128,0
-8.714,0.588,-4.094,0
-8.689,0.597,-4.121,0
-8.68,0.596,-4.175,0
-8.707,0.565,-4.186,0
-8.707,0.554,-4.195,0
-8.713,0.539,-4.193,0
-8.722,0.548,-4.164,0
-8.712,0.554,-4.158,0
-8.71,0.59,-4.155,0
-8.712,0.608,-4.155,0
-8.718,0.622,-4.159,0
-8.713,0.628,-4.166,0
-8.697,0.635,-4.137,0
-8.684,0.628,-4.108,0
-8.692,0.626,-4.121,0
-8.689,0.608,-4.128,0
-8.68,0.605,-4.116,0
-8.681,0.58,-4.126,0
-8.691,0.563,-4.153,0
-8.707,0.552,-4.173,0
-8.718,0.525,-4.182,0
-8.722,0.512,-4.173,0
-8.717,0.496,-4.182,0
-8.713,0.493,-4.216,0
-8.713,0.498,-4.221,0
-8.702,0.516,-4.184,0
-8.707,0.538,-4.157,0
-8.703,0.563,-4.157,0
-8.683,0.565,-4.131,0
-8.674,0.578,-4.133,0
-8.678,0.587,-4.173,0
-8.691,0.592,-4.189,0
-8.699,0.608,-4.16,0
-8.699,0.621,-4.158,0
-8.703,0.619,-4.112,0
-8.701,0.608,-4.096,0
-8.716,0.563,-4.094,0
-8.727,0.525,-4.11,0
-8.726,0.48,-4.13,0
-8.739,0.476,-4.143,0
-8.744,0.471,-4.152,0
-8.758,0.485,-4.146,0
-8.771,0.512,-4.125,0
-8.775,0.542,-4.069,0
-8.737,0.584,-4.045,0
-8.724,0.619,-4.038,0
-8.72,0.649,-4.024,0
-8.714,0.68,-4.029,0
-8.709,0.696,-4.02,0
-8.713,0.667,-4.017,0
-8.708,0.651,-4.031,0
-8.697,0.623,-4.065,0
-8.698,0.59,-4.112,0
-8.709,0.577,-4.157,0
-8.698,0.558,-4.205,0
-8.682,0.549,-4.225,0
-8.698,0.543,-4.205,0
-8.689,0.54,-4.236,0
-8.675,0.529,-4.277,0
-8.679,0.52,-4.254,0
-8.701,0.525,-4.247,0
-8.719,0.512,-4.283,0
-8.745,0.514,-4.248,0
-8.701,0.536,-4.172,0
-8.65,0.553,-4.094,0
-8.646,0.553,-4.097,0
-8.675,0.547,-4.15,0
-8.708,0.541,-4.195,0
-8.74,0.543,-4.236,0
-8.733,0.534,-4.22,0
-8.736,0.543,-4.182,0
-8.731,0.532,-4.137,0
-8.749,0.55,-4.125,0
-8.756,0.544,-4.092,0
-8.769,0.537,-4.053,0
-8.735,0.534,-4.037,0
-8.734,0.563,-4.058,0
-8.721,0.595,-4.082,0
-8.708,0.624,-4.091,0
-8.697,0.644,-4.126,0
-8.704,0.68,-4.116,0
-8.702,0.684,-4.087,0
-8.698,0.684,-4.085,0
-8.699,0.682,-4.103,0
-8.703,0.646,-4.114,0
-8.712,0.628,-4.127,0
-8.723,0.593,-4.118,0
-8.716,0.554,-4.098,0
-8.717,0.509,-4.128,0
-8.712,0.485,-4.161,0
-8.712,0.475,-4.171,0
-8.696,0.487,-4.157,0
-8.703,0.52,-4.161,0
-8.713,0.55,-4.202,0
-8.711,0.572,-4.2,0
-8.696,0.565,-4.153,0
-8.684,0.581,-4.085,0
-8.709,0.565,-4.076,0
-8.713,0.561,-4.082,0
-8.709,0.556,-4.123,0
-8.701,0.543,-4.123,0
-8.713,0.527,-4.121,0
-8.725,0.532,-4.129,0
-8.74,0.519,-4.155,0
-8.751,0.496,-4.177,0
-8.746,0.478,-4.16,0
-8.748,0.476,-4.114,0
-8.76,0.485,-4.074,0
-8.73,0.516,-4.057,0
-8.713,0.541,-4.094,0
-8.706,0.561,-4.116,0
-8.682,0.585,-4.123,0
-8.678,0.617,-4.141,0
-8.678,0.642,-4.172,0
-8.687,0.639,-4.204,0
-8.686,0.64,-4.197,0
-8.689,0.637,-4.181,0
-8.696,0.633,-4.157,0
-8.698,0.626,-4.159,0
-8.719,0.604,-4.096,0
-8.718,0.57,-4.033,0
-8.733,0.528,-4.01,0
-8.733,0.469,-4.016,0
-8.748,0.427,-4.066,0
-8.778,0.409,-4.124,0
-8.782,0.416,-4.165,0
-8.781,0.441,-4.165,0
-8.763,0.485,-4.132,0
-8.735,0.528,-4.098,0
-8.73,0.557,-4.07,0
-8.714,0.602,-4.091,0
-8.709,0.624,-4.089,0
-8.707,0.64,-4.079,0
-8.696,0.646,-4.079,0
-8.688,0.624,-4.075,0
-8.704,0.604,-4.098,0
-8.723,0.561,-4.129,0
-8.726,0.534,-4.154,0
-8.735,0.525,-4.159,0
-8.739,0.508,-4.138,0
-8.73,0.501,-4.127,0
-8.723,0.494,-4.127,0
-8.736,0.49,-4.106,0
-8.732,0.496,-4.141,0
-8.7,0.48,-4.159,0
-8.702,0.494,-4.138,0
-8.71,0.491,-4.15,0
-8.738,0.521,-4.193,0
-8.762,0.549,-4.201,0
-8.717,0.588,-4.147,0
-8.678,0.61,-4.091,0
-8.662,0.628,-4.075,0
-8.674,0.628,-4.048,0
-8.716,0.615,-4.057,0
-8.731,0.586,-4.089,0
-8.726,0.545,-4.112,0
-8.734,0.519,-4.12,0
-8.743,0.499,-4.118,0
-8.75,0.494,-4.122,0
-8.742,0.519,-4.12,0
-8.724,0.532,-4.114,0
-8.738,0.557,-4.112,0
-8.735,0.564,-4.095,0
-8.732,0.586,-4.105,0
-8.725,0.608,-4.105,0
-8.711,0.622,-4.091,0
-8.715,0.606,-4.079,0
-8.721,0.595,-4.1,0
-8.72,0.577,-4.116,0
-8.72,0.545,-4.118,0
-8.716,0.532,-4.12,0
-8.717,0.514,-4.107,0
-8.721,0.494,-4.093,0
-8.756,0.481,-4.095,0
-8.763,0.486,-4.104,0
-8.745,0.505,-4.134,0
-8.719,0.514,-4.123,0
-8.712,0.516,-4.116,0
-8.726,0.527,-4.118,0
-8.723,0.525,-4.141,0
-8.713,0.541,-4.168,0
-8.718,0.553,-4.162,0
-8.711,0.557,-4.154,0
-8.715,0.552,-4.134,0
-8.71,0.523,-4.152,0
-8.725,0.503,-4.156,0
-8.726,0.472,-4.178,0
-8.708,0.462,-4.219,0
-8.713,0.456,-4.251,0
-8.716,0.46,-4.206,0
-8.725,0.469,-4.168,0
-8.712,0.498,-4.109,0
-8.708,0.523,-4.069,0
-8.726,0.552,-4.046,0
-8.743,0.602,-4.028,0
-8.745,0.643,-4.007,0
-8.739,0.683,-3.973,0
-8.733,0.694,-3.942,0
-8.723,0.683,-3.926,0
-8.746,0.645,-3.946,0
-8.752,0.593,-3.978,0
-8.744,0.566,-3.998,0
-8.734,0.554,-4.055,0
-8.708,0.566,-4.109,0
-8.688,0.592,-4.165,0
-8.664,0.61,-4.235,0
-8.663,0.619,-4.278,0
-8.666,0.628,-4.296,0
-8.684,0.613,-4.298,0
-8.704,0.575,-4.274,0
-8.712,0.548,-4.206,0
-8.715,0.534,-4.125,0
-8.712,0.541,-4.089,0
-8.716,0.57,-4.089,0
-8.709,0.601,-4.091,0
-8.725,0.606,-4.085,0
-8.728,0.588,-4.062,0
-8.735,0.552,-4.071,0
-8.751,0.512,-4.087,0
-8.74,0.474,-4.104,0
-8.746,0.425,-4.11,0
-8.769,0.402,-4.102,0
-8.783,0.382,-4.112,0
-8.78,0.398,-4.097,0
-8.77,0.422,-4.082,0
-8.761,0.465,-4.048,0
-8.771,0.494,-4.037,0
-8.735,0.516,-4.064,0
-8.695,0.531,-4.132,0
-8.684,0.545,-4.136,0
-8.669,0.536,-4.145,0
-8.701,0.541,-4.165,0
-8.808,0.565,-4.218,0
-8.818,0.608,-4.238,0
-8.708,0.637,-4.162,0
-8.613,0.602,-4.033,0
-8.642,0.596,-3.992,0
-8.716,0.608,-4.051,0
-8.735,0.627,-4.096,0
-8.724,0.629,-4.096,0
-8.706,0.615,-4.09,0
-8.699,0.588,-4.067,0
-8.717,0.543,-4.094,0
-8.736,0.505,-4.126,0
-8.736,0.44,-4.148,0
-8.734,0.406,-4.134,0
-8.759,0.415,-4.124,0
-8.804,0.459,-4.143,0
-8.803,0.52,-4.125,0
-8.713,0.574,-4.082,0
-8.63,0.605,-4.026,0
-8.654,0.625,-4.051,0
-8.687,0.651,-4.131,0
-8.691,0.65,-4.16,0
-8.676,0.626,-4.157,0
-8.654,0.614,-4.131,0
-8.647,0.589,-4.135,0
-8.657,0.562,-4.171,0
-8.675,0.529,-4.193,0
-8.707,0.491,-4.182,0
-8.736,0.467,-4.157,0
-8.762,0.456,-4.182,0
-8.768,0.463,-4.136,0
-8.764,0.463,-4.064,0
-8.773,0.483,-4.051,0
-8.761,0.521,-4.067,0
-8.752,0.557,-4.069,0
-8.741,0.611,-4.026,0
-8.715,0.621,-4.02,0
-8.726,0.615,-4.056,0
-8.736,0.577,-4.055,0
-8.736,0.543,-4.062,0
-8.733,0.512,-4.078,0
-8.742,0.489,-4.092,0
-8.722,0.485,-4.114,0
-8.707,0.518,-4.119,0
-8.695,0.547,-4.116,0
-8.7,0.57,-4.144,0
-8.696,0.603,-4.193,0
-8.686,0.621,-4.221,0
-8.697,0.619,-4.196,0
-8.707,0.583,-4.205,0
-8.725,0.55,-4.193,0
-8.727,0.532,-4.139,0
-8.715,0.516,-4.096,0
-8.724,0.523,-4.103,0
-8.75,0.548,-4.11,0
-8.75,0.564,-4.112,0
-8.751,0.6,-4.094,0
-8.749,0.647,-4.099,0
-8.731,0.662,-4.071,0
-8.707,0.653,-4.058,0
-8.692,0.637,-4.076,0
-8.706,0.608,-4.096,0
-8.713,0.563,-4.141,0
-8.727,0.543,-4.151,0
-8.734,0.527,-4.128,0
-8.725,0.536,-4.112,0
-8.734,0.543,-4.119,0
-8.727,0.55,-4.096,0
-8.72,0.532,-4.087,0
-8.715,0.518,-4.105,0
-8.713,0.512,-4.141,0
-8.704,0.529,-4.164,0
-8.731,0.559,-4.177,0
-8.784,0.591,-4.195,0
-8.737,0.611,-4.166,0
-8.683,0.614,-4.121,0
-8.679,0.623,-4.096,0
-8.7,0.608,-4.098,0
-8.714,0.626,-4.132,0
-8.691,0.626,-4.186,0
-8.678,0.621,-4.143,0
-8.696,0.608,-4.155,0
-8.764,0.582,-4.153,0
-8.775,0.589,-4.098,0
-8.738,0.606,-4.034,0
-8.722,0.642,-3.995,0
-8.698,0.671,-3.983,0
-8.709,0.678,-3.993,0
-8.729,0.64,-4.026,0
-8.72,0.561,-4.08,0
-8.722,0.491,-4.123,0
-8.75,0.436,-4.177,0
-8.743,0.418,-4.227,0
-8.741,0.447,-4.227,0
-8.728,0.485,-4.196,0
-8.711,0.527,-4.157,0
-8.705,0.588,-4.141,0
-8.697,0.66,-4.105,0
-8.703,0.725,-4.087,0
-8.698,0.777,-4.082,0
-8.693,0.794,-4.074,0
-8.672,0.769,-4.056,0
-8.669,0.711,-4.065,0
-8.711,0.648,-4.096,0
-8.773,0.618,-4.15,0
-8.768,0.584,-4.164,0
-8.729,0.548,-4.116,0
-8.697,0.513,-4.087,0
-8.697,0.486,-4.085,0
-8.737,0.48,-4.127,0
-8.737,0.483,-4.178,0
-8.722,0.476,-4.212,0
-8.713,0.493,-4.198,0
-8.715,0.514,-4.196,0
-8.731,0.532,-4.18,0
-8.739,0.545,-4.157,0
-8.718,0.552,-4.144,0
-8.714,0.556,-4.09,0
-8.714,0.559,-4.087,0
-8.732,0.55,-4.085,0
-8.752,0.532,-4.083,0
-8.747,0.505,-4.067,0
-8.733,0.494,-4.069,0
-8.728,0.503,-4.1,0
-8.733,0.537,-4.148,0
-8.729,0.561,-4.161,0
-8.715,0.61,-4.141,0
-8.697,0.644,-4.142,0
-8.687,0.673,-4.151,0
-8.68,0.7,-4.155,0
-8.673,0.695,-4.123,0
-8.667,0.713,-4.092,0
-8.705,0.707,-4.142,0
-8.741,0.68,-4.146,0
-8.703,0.628,-4.089,0
-8.683,0.608,-4.056,0
-8.719,0.579,-4.092,0
-8.72,0.568,-4.15,0
-8.704,0.529,-4.136,0
-8.71,0.476,-4.13,0
-8.714,0.435,-4.121,0
-8.734,0.384,-4.13,0
-8.747,0.386,-4.191,0
-8.748,0.406,-4.187,0
-8.756,0.415,-4.157,0
-8.755,0.456,-4.116,0
-8.737,0.505,-4.08,0
-8.745,0.561,-4.071,0
-8.735,0.629,-4.078,0
-8.716,0.648,-4.088,0
-8.713,0.658,-4.087,0
-8.706,0.635,-4.076,0
-8.697,0.603,-4.072,0
-8.71,0.558,-4.087,0
-8.711,0.513,-4.083,0
-8.73,0.487,-4.076,0
-8.726,0.482,-4.094,0
-8.733,0.487,-4.101,0
-8.739,0.519,-4.132,0
-8.717,0.534,-4.132,0
-8.689,0.536,-4.094,0
-8.695,0.536,-4.119,0
-8.682,0.54,-4.198,0
-8.672,0.509,-4.218,0
-8.678,0.473,-4.187,0
-8.724,0.444,-4.194,0
-8.751,0.433,-4.178,0
-8.744,0.442,-4.114,0
-8.717,0.464,-4.053,0
-8.707,0.491,-4.03,0
-8.752,0.516,-4.074,0
-8.74,0.519,-4.083,0
-8.727,0.527,-4.083,0
-8.729,0.525,-4.121,0
-8.729,0.539,-4.144,0
-8.707,0.556,-4.173,0
-8.711,0.556,-4.191,0
-8.716,0.559,-4.2,0
-8.714,0.547,-4.198,0
-8.725,0.548,-4.16,0
-8.725,0.557,-4.15,0
-8.714,0.568,-4.133,0
-8.714,0.581,-4.13,0
-8.713,0.597,-4.106,0
-8.703,0.601,-4.085,0
-8.694,0.59,-4.099,0
-8.682,0.567,-4.094,0
-8.7,0.538,-4.106,0
-8.718,0.514,-4.121,0
-8.721,0.509,-4.101,0
-8.718,0.498,-4.092,0
-8.722,0.509,-4.108,0
-8.715,0.505,-4.119,0
-8.722,0.509,-4.096,0
-8.744,0.503,-4.101,0
-8.744,0.507,-4.13,0
-8.724,0.5,-4.135,0
-8.71,0.507,-4.141,0
-8.722,0.518,-4.155,0
-8.72,0.507,-4.171,0
-8.713,0.502,-4.153,0
-8.712,0.491,-4.13,0
-8.719,0.485,-4.141,0
-8.706,0.496,-4.144,0
-8.702,0.52,-4.128,0
-8.698,0.536,-4.139,0
-8.698,0.558,-4.152,0
-8.691,0.565,-4.15,0
-8.683,0.567,-4.133,0
-8.685,0.567,-4.148,0
-8.677,0.549,-4.159,0
-8.686,0.534,-4.162,0
-8.696,0.507,-4.161,0
-8.717,0.494,-4.159,0
-8.726,0.487,-4.155,0
-8.729,0.509,-4.146,0
-8.729,0.534,-4.135,0
-8.713,0.534,-4.136,0
-8.715,0.541,-4.132,0
-8.713,0.538,-4.112,0
-8.72,0.538,-4.117,0
-8.708,0.536,-4.114,0
-8.714,0.529,-4.115,0
-8.706,0.529,-4.148,0
-8.697,0.504,-4.164,0
-8.703,0.491,-4.182,0
-8.701,0.491,-4.191,0
-8.695,0.513,-4.23,0
-8.7,0.538,-4.243,0
-8.689,0.547,-4.207,0
-8.694,0.556,-4.2,0
-8.696,0.567,-4.198,0
-8.678,0.572,-4.186,0
-8.689,0.57,-4.162,0
-8.703,0.552,-4.148,0
-8.702,0.532,-4.141,0
-8.718,0.496,-4.157,0
-8.724,0.469,-4.135,0
-8.75,0.447,-4.098,0
-8.73,0.458,-4.075,0
-8.743,0.46,-4.066,0
-8.755,0.467,-4.069,0
-8.751,0.485,-4.053,0
-8.751,0.499,-4.064,0
-8.744,0.519,-4.071,0
-8.731,0.507,-4.055,0
-8.722,0.536,-4.123,0
-8.707,0.536,-4.157,0
-8.699,0.525,-4.128,0
-8.715,0.52,-4.15,0
-8.731,0.51,-4.164,0
-8.722,0.521,-4.164,0
-8.691,0.534,-4.128,0
-8.675,0.547,-4.121,0
-8.679,0.565,-4.125,0
-8.689,0.563,-4.142,0
-8.688,0.565,-4.145,0
-8.681,0.565,-4.153,0
-8.688,0.552,-4.155,0
-8.705,0.538,-4.16,0
-8.699,0.518,-4.168,0
-8.701,0.478,-4.168,0
-8.709,0.446,-4.17,0
-8.716,0.428,-4.182,0
-8.717,0.399,-4.215,0
-8.717,0.394,-4.228,0
-8.72,0.415,-4.186,0
-8.714,0.426,-4.137,0
-8.724,0.455,-4.141,0
-8.719,0.464,-4.152,0
-8.731,0.496,-4.123,0
-8.72,0.527,-4.114,0
-8.7,0.543,-4.092,0
-8.7,0.561,-4.119,0
-8.7,0.556,-4.146,0
-8.714,0.554,-4.164,0
-8.705,0.549,-4.164,0
-8.715,0.536,-4.15,0
-8.723,0.543,-4.146,0
-8.713,0.554,-4.132,0
-8.71,0.561,-4.119,0
-8.689,0.576,-4.094,0
-8.694,0.585,-4.08,0
-8.705,0.554,-4.092,0
-8.711,0.545,-4.092,0
-8.711,0.52,-4.105,0
-8.708,0.484,-4.141,0
-8.719,0.478,-4.164,0
-8.719,0.464,-4.171,0
-8.719,0.458,-4.18,0
-8.719,0.462,-4.218,0
-8.708,0.473,-4.195,0
-8.699,0.489,-4.169,0
-8.705,0.496,-4.191,0
-8.694,0.502,-4.2,0
-8.677,0.506,-4.184,0
-8.677,0.511,-4.171,0
-8.683,0.497,-4.171,0
-8.701,0.478,-4.171,0
-8.708,0.455,-4.193,0
-8.713,0.462,-4.171,0
-8.723,0.46,-4.177,0
-8.731,0.473,-4.189,0
-8.726,0.48,-4.159,0
-8.735,0.496,-4.11,0
-8.729,0.53,-4.096,0
-8.724,0.568,-4.097,0
-8.715,0.588,-4.097,0
-8.698,0.597,-4.085,0
-8.697,0.596,-4.083,0
-8.687,0.592,-4.11,0
-8.703,0.57,-4.117,0
-8.715,0.552,-4.127,0
-8.725,0.545,-4.134,0
-8.729,0.516,-4.141,0
-8.724,0.509,-4.15,0
-8.714,0.52,-4.144,0
-8.72,0.516,-4.133,0
-8.705,0.525,-4.142,0
-8.691,0.525,-4.168,0
-8.695,0.516,-4.168,0
-8.683,0.513,-4.173,0
-8.688,0.516,-4.197,0
-8.677,0.524,-4.218,0
-8.688,0.518,-4.227,0
-8.681,0.525,-4.202,0
-8.677,0.527,-4.207,0
-8.677,0.513,-4.198,0
-8.691,0.515,-4.187,0
-8.709,0.516,-4.191,0
-8.697,0.529,-4.189,0
-8.7,0.522,-4.158,0
-8.711,0.516,-4.137,0
-8.699,0.527,-4.182,0
-8.697,0.511,-4.189,0
-8.701,0.484,-4.152,0
-8.708,0.484,-4.175,0
-8.751,0.494,-4.186,0
-8.745,0.494,-4.155,0
-8.717,0.514,-4.089,0
-8.708,0.545,-4.042,0
-8.709,0.552,-4.035,0
-8.716,0.543,-4.058,0
-8.715,0.543,-4.091,0
-8.707,0.534,-4.081,0
-8.691,0.536,-4.123,0
-8.691,0.536,-4.175,0
-8.695,0.525,-4.207,0
-8.697,0.504,-4.198,0
-8.704,0.482,-4.173,0
-8.692,0.471,-4.189,0
-8.698,0.464,-4.182,0
-8.71,0.475,-4.216,0
-8.708,0.466,-4.227,0
-8.71,0.471,-4.193,0
-8.716,0.482,-4.182,0
-8.71,0.496,-4.157,0
-8.718,0.511,-4.155,0
-8.711,0.536,-4.132,0
-8.704,0.556,-4.139,0
-8.691,0.563,-4.139,0
-8.693,0.567,-4.137,0
-8.697,0.554,-4.123,0
-8.704,0.534,-4.135,0
-8.708,0.502,-4.159,0
-8.712,0.489,-4.152,0
-8.71,0.521,-4.184,0
-8.695,0.538,-4.182,0
-8.7,0.559,-4.159,0
-8.707,0.568,-4.157,0
-8.7,0.585,-4.162,0
-8.691,0.583,-4.159,0
-8.689,0.583,-4.15,0
-8.694,0.583,-4.128,0
-8.675,0.576,-4.123,0
-8.696,0.543,-4.137,0
-8.715,0.509,-4.141,0
-8.712,0.482,-4.153,0
-8.714,0.462,-4.171,0
-8.718,0.451,-4.175,0
-8.714,0.469,-4.193,0
-8.702,0.476,-4.177,0
-8.699,0.48,-4.159,0
-8.692,0.489,-4.161,0
-8.706,0.518,-4.168,0
-8.709,0.541,-4.162,0
-8.695,0.536,-4.148,0
-8.713,0.534,-4.146,0
-8.713,0.52,-4.118,0
-8.705,0.502,-4.107,0
-8.713,0.487,-4.123,0
-8.721,0.478,-4.145,0
-8.729,0.482,-4.121,0
-8.733,0.489,-4.134,0
-8.726,0.489,-4.155,0
-8.715,0.5,-4.159,0
-8.711,0.507,-4.157,0
-8.695,0.527,-4.162,0
-8.682,0.542,-4.157,0
-8.682,0.547,-4.16,0
-8.679,0.547,-4.164,0
-8.697,0.534,-4.166,0
-8.701,0.518,-4.17,0
-8.707,0.514,-4.161,0
-8.702,0.514,-4.155,0
-8.697,0.511,-4.164,0
-8.702,0.507,-4.166,0
-8.713,0.52,-4.177,0
-8.697,0.531,-4.18,0
-8.686,0.538,-4.173,0
-8.694,0.552,-4.173,0
-8.692,0.545,-4.159,0
-8.697,0.556,-4.15,0
-8.695,0.558,-4.123,0
-8.72,0.545,-4.135,0
-8.722,0.541,-4.134,0
-8.713,0.509,-4.125,0
-8.713,0.493,-4.139,0
-8.732,0.489,-4.123,0
-8.74,0.485,-4.13,0
-8.706,0.5,-4.175,0
-8.681,0.502,-4.137,0
-8.686,0.502,-4.128,0
-8.715,0.512,-4.2,0
-8.749,0.503,-4.225,0
-8.746,0.492,-4.15,0
-8.711,0.5,-4.071,0
-8.697,0.513,-4.076,0
-8.699,0.52,-4.105,0
-8.693,0.504,-4.13,0
-8.701,0.496,-4.161,0
-8.688,0.495,-4.191,0
-8.688,0.516,-4.206,0
-8.691,0.527,-4.22,0
-8.691,0.522,-4.25,0
-8.674,0.525,-4.24,0
-8.688,0.513,-4.234,0
-8.685,0.498,-4.225,0
-8.694,0.484,-4.195,0
-8.71,0.496,-4.2,0
-8.711,0.509,-4.18,0
-8.716,0.532,-4.153,0
-8.711,0.541,-4.094,0
-8.705,0.561,-4.056,0
-8.705,0.59,-4.051,0
-8.703,0.601,-4.064,0
-8.712,0.577,-4.083,0
-8.715,0.559,-4.087,0
-8.713,0.523,-4.087,0
-8.744,0.487,-4.091,0
-8.748,0.469,-4.119,0
-8.751,0.451,-4.119,0
-8.73,0.469,-4.121,0
-8.713,0.491,-4.116,0
-8.702,0.513,-4.112,0
-8.694,0.52,-4.13,0
-8.708,0.511,-4.162,0
-8.706,0.505,-4.186,0
-8.694,0.493,-4.173,0
-8.702,0.502,-4.132,0
-8.69,0.513,-4.123,0
-8.686,0.509,-4.112,0
-8.715,0.496,-4.121,0
-8.726,0.501,-4.166,0
-8.751,0.474,-4.153,0
-8.746,0.447,-4.055,0
-8.777,0.436,-3.94,0
-8.822,0.432,-3.947,0
-8.82,0.428,-3.978,0
-8.849,0.415,-3.938,0
-8.946,0.407,-3.872,0
-9.093,0.423,-3.902,0
-9.171,0.431,-3.994,0
-9.256,0.484,-4.019,0
-9.195,0.544,-4.112,0
-9.073,0.565,-4.349,0
-8.999,0.521,-4.512,0
-9.062,0.468,-4.466,0
-9.156,0.431,-4.419,0
-9.103,0.376,-4.403,0
-9.066,0.331,-4.249,0
-9.068,0.292,-4.247,0
-9.126,0.293,-4.245,0
-9.308,0.33,-4.146,0
-9.288,0.345,-4.202,0
-9.238,0.354,-4.242,0
-9.093,0.304,-4.243,0
-8.808,0.273,-4.301,0
-8.651,0.198,-4.369,0
-8.627,0.094,-4.466,0
-8.67,0.019,-4.468,0
-8.835,-0.118,-4.35,0
-9.167,-0.088,-4.531,0
-9.18,-0.027,-4.637,0
-9.22,-0.026,-4.42,0
-9.42,0.062,-4.319,0
-9.554,0.208,-4.193,0
-9.709,0.368,-4.195,0
-9.836,0.5,-4.103,0
-9.898,0.603,-3.971,0
-10.008,0.687,-3.872,0
-9.909,0.688,-3.802,0
-9.595,0.678,-3.768,0
-9.443,0.624,-3.786,0
-9.376,0.524,-3.642,0
-9.483,0.429,-3.488,0
-9.572,0.356,-3.486,0
-9.599,0.318,-3.522,0
-9.566,0.271,-3.562,0
-9.432,0.212,-3.594,0
-9.479,0.253,-3.452,0
-9.578,0.311,-3.454,0
-9.597,0.318,-3.427,0
-9.579,0.367,-3.372,0
-9.561,0.381,-3.341,0
-9.608,0.345,-3.441,0
-9.707,0.302,-3.361,0
-9.909,0.235,-3.37,0
-10.1,0.207,-3.61,0
-10.259,0.19,-3.713,0
-10.175,0.128,-3.704,0
-10.035,0.092,-3.58,0
-10.145,0.08,-3.641,0
-10.235,0.044,-3.845,0
-10.182,0.029,-3.849,0
-10.198,-0.079,-3.812,0
-10.218,-0.083,-3.832,0
-10.071,-0.036,-3.575,0
-10.149,-0.069,-3.283,0
-10.455,-0.166,-2.606,0
-11.158,-0.186,-2.005,0
-11.751,-0.242,-1.659,0
-12.202,-0.251,-1.437,0
-12.319,-0.195,-1.62,0
-12.378,-0.223,-1.403,0
-12.53,-0.219,-0.841,0
-12.804,-0.13,0.147,0
-12.371,0.125,0.403,0
-11.614,0.426,-0.23,0
-11.563,0.468,-0.056,0
-11.62,0.333,0.533,0
-11.137,0.163,0.938,0
-10.7,0.093,1.324,0
-10.602,0.251,1.486,0
-10.913,0.496,1.533,0
-11.397,0.646,1.179,0
-11.301,0.589,1.136,0
-10.492,0.438,1.52,0
-9.683,0.208,2.062,0
-9.186,-0.057,2.323,0
-9.058,-0.131,2.301,0
-9.288,0.028,2.272,0
-9.657,0.322,2.04,0
-9.777,0.538,1.975,0
-9.69,0.613,2.282,0
-9.656,0.574,2.596,0
-9.623,0.492,2.868,0
-9.564,0.453,2.98,0
-9.731,0.428,2.903,0
-10.066,0.425,2.764,0
-10.265,0.385,2.752,0
-10.361,0.25,2.99,0
-10.317,0.114,3.015,0
-10.281,0.01,2.974,0
-10.256,-0.009,3.067,0
-10.225,0.025,3.218,0
-10.358,0.052,3.126,0
-10.423,0.035,2.896,0
-10.295,-0.001,2.872,0
-10.156,-0.008,2.814,0
-10.019,-0.023,2.73,0
-9.902,0.029,2.444,0
-9.88,0.049,2.339,0
-9.965,-0.008,2.384,0
-9.922,-0.135,2.243,0
-9.91,-0.297,2.207,0
-9.915,-0.396,2.252,0
-9.769,-0.456,2.189,0
-9.66,-0.442,1.82,0
-9.551,-0.473,1.791,0
-9.432,-0.419,1.816,0
-9.242,-0.311,1.705,0
-9.049,-0.224,1.553,0
-8.961,-0.141,1.505,0
-8.889,-0.121,1.424,0
-8.753,-0.146,1.402,0
-8.716,-0.214,1.167,0
-8.68,-0.228,0.871,0
-8.611,-0.276,0.846,0
-8.461,-0.353,0.956,0
-8.311,-0.411,0.871,0
-8.214,-0.435,0.769,0
-8.115,-0.437,0.853,0
-8.047,-0.42,0.726,0
-8.098,-0.453,0.537,0
-8.195,-0.467,0.548,0
-8.05,-0.489,0.451,0
-7.902,-0.492,0.258,0
-7.789,-0.453,0.13,0
-7.742,-0.454,0.265,0
-7.679,-0.466,0.256,0
-7.591,-0.436,0.288,0
-7.587,-0.418,0.423,0
-7.612,-0.458,0.389,0
-7.598,-0.429,0.238,0
-7.606,-0.366,0.136,0
-7.652,-0.304,0.145,0
-7.588,-0.243,0.253,0
-7.546,-0.194,0.289,0
-7.535,-0.14,0.269,0
-7.484,-0.107,0.307,0
-7.454,-0.078,0.247,0
-7.475,-0.098,0.195,0
-7.517,-0.118,0.154,0
-7.518,-0.185,0.046,0
-7.513,-0.243,-0.092,0
-7.464,-0.332,-0.085,0
-7.476,-0.469,0.032,0
-7.574,-0.582,0.078,0
-7.681,-0.699,0.099,0
-7.799,-0.79,0.101,0
-7.891,-0.858,0.045,0
-7.973,-0.926,0.081,0
-8.096,-0.974,0.203,0
-8.192,-1.017,0.318,0
-8.244,-1.06,0.417,0
-8.359,-1.013,0.404,0
-8.549,-0.911,0.402,0
-8.76,-0.777,0.468,0
-9.016,-0.719,0.531,0
-9.33,-0.68,0.4,0
-9.634,-0.688,0.095,0
-9.838,-0.779,-0.216,0
-9.969,-0.983,-0.363,0
-10.109,-1.262,-0.315,0
-10.218,-1.472,-0.113,0
-10.314,-1.567,-0.192,0
-10.434,-1.482,-0.447,0
-10.485,-1.278,-0.71,0
-10.439,-1.103,-0.805,0
-10.303,-0.975,-0.717,0
-10.134,-0.861,-0.83,0
-10.04,-0.804,-0.873,0
-10.077,-0.81,-0.882,0
-10.005,-0.834,-0.816,0
-9.847,-0.854,-0.837,0
-9.859,-0.809,-0.903,0
-9.928,-0.783,-0.804,0
-9.857,-0.787,-0.661,0
-9.752,-0.762,-0.693,0
-9.699,-0.713,-0.831,0
-9.613,-0.602,-0.879,0
-9.514,-0.498,-0.862,0
-9.419,-0.421,-0.888,0
-9.296,-0.402,-0.863,0
-9.195,-0.465,-0.863,0
-9.17,-0.584,-0.847,0
-9.188,-0.766,-0.838,0
-9.158,-0.924,-0.804,0
-9.13,-1.035,-0.831,0
-9.125,-1.059,-0.935,0
-9.142,-1.039,-1.024,0
-9.136,-1.01,-1.09,0
-9.11,-0.942,-1.151,0
-9.075,-0.907,-1.233,0
-9.01,-0.872,-1.242,0
-8.953,-0.871,-1.307,0
-8.974,-0.868,-1.409,0
-9.019,-0.845,-1.485,0
-9.03,-0.838,-1.517,0
-9.062,-0.871,-1.479,0
-9.077,-0.938,-1.475,0
-9.086,-1.01,-1.528,0
-9.13,-1.092,-1.657,0
-9.173,-1.197,-1.806,0
-9.194,-1.251,-1.846,0
-9.205,-1.282,-1.884,0
-9.229,-1.304,-1.927,0
-9.239,-1.302,-1.923,0
-9.249,-1.225,-1.941,0
-9.286,-1.184,-1.957,0
-9.3,-1.161,-1.953,0
-9.364,-1.104,-1.993,0
-9.431,-1.017,-1.987,0
-9.432,-0.925,-1.921,0
-9.366,-0.839,-1.8,0
-9.336,-0.787,-1.802,0
-9.388,-0.73,-1.869,0
-9.368,-0.74,-1.831,0
-9.235,-0.776,-1.838,0
-9.107,-0.814,-1.87,0
-8.966,-0.87,-1.861,0
-8.798,-0.942,-1.894,0
-8.63,-1.019,-1.885,0
-8.485,-1.089,-1.84,0
-8.337,-1.157,-1.858,0
-8.239,-1.395,-1.637,0
-8.577,-1.859,-0.067,0
-10.249,-2.158,2.218,0
-12.424,-1.99,2.691,0
-13.247,-1.215,1.501,0
-12.549,-0.259,0.773,0
-11.453,0.128,1.377,0
-10.805,-0.145,2.011,0
-10.862,-0.53,1.889,0
-11.211,-0.78,1.355,0
-11.443,-0.927,0.718,0
-11.519,-1.073,0.35,0
-11.726,-1.138,0.282,0
-12.033,-0.912,-0.126,0
-12.044,-0.362,-0.483,0
-11.927,0.333,-0.442,0
-11.556,1.04,-0.436,0
-10.983,1.568,-0.304,0
-10.532,1.852,-0.033,0
-10.191,1.943,0.267,0
-9.795,1.856,0.382,0
-9.346,1.72,0.515,0
-9.325,1.564,0.61,0
-9.349,1.333,0.619,0
-9.269,0.958,0.757,0
-9.177,0.59,0.697,0
-8.989,0.126,0.63,0
-8.782,-0.376,0.456,0
-8.539,-0.879,0.353,0
-8.325,-1.283,0.515,0
-8.322,-1.515,0.621,0
-8.359,-1.597,0.613,0
-8.365,-1.485,0.545,0
-8.378,-1.242,0.441,0
-8.399,-0.902,0.459,0
-8.502,-0.518,0.465,0
-8.619,-0.131,0.404,0
-8.708,0.142,0.353,0
-8.815,0.376,0.338,0
-8.978,0.579,0.288,0
-9.042,0.778,0.195,0
-9.036,0.949,0.044,0
-8.995,1.085,-0.024,0
-8.994,1.126,0.016,0
-9.096,1.078,-0.121,0
-9.178,0.904,-0.238,0
-9.308,0.681,-0.292,0
-9.397,0.438,-0.355,0
-9.391,0.242,-0.484,0
-9.349,0.118,-0.572,0
-9.26,0.083,-0.68,0
-9.105,0.1,-0.723,0
-8.961,0.15,-0.703,0
-8.861,0.213,-0.566,0
-8.746,0.333,-0.516,0
-8.536,0.505,-0.514,0
-8.398,0.682,-0.576,0
-8.269,0.845,-0.673,0
-8.197,0.956,-0.601,0
-8.221,1.044,-0.438,0
-8.229,1.077,-0.267,0
-8.248,1.08,-0.194,0
-8.316,1.086,-0.119,0
-8.553,1.067,-0.013,0
-8.86,0.957,0.093,0
-9.175,0.856,0.129,0
-9.496,0.666,0.403,0
-9.884,0.42,0.614,0
-10.3,0.206,0.442,0
-10.486,-0.013,0.278,0
-10.344,-0.274,0.254,0
-10.215,-0.688,0.706,0
-10.705,-1.145,1.899,0
-11.917,-1.298,2.191,0
-12.802,-0.963,0.613,0
-12.995,-0.128,-0.822,0
-13.094,0.982,-1.112,0
-13.045,1.793,-0.479,0
-12.772,2.206,-0.206,0
-12.062,2.1,-0.105,0
-11.057,1.721,0.387,0
-10.542,1.202,0.469,0
-10.563,0.589,0.269,0
-10.838,-0.021,0.186,0
-10.96,-0.57,0.505,0
-10.875,-1.019,1.068,0
-10.615,-1.409,1.366,0
-10.543,-1.792,1.473,0
-10.539,-2.143,1.302,0
-10.413,-2.304,0.863,0
-9.996,-2.266,0.583,0
-9.61,-2.141,0.542,0
-9.344,-2.061,0.724,0
-9.196,-1.831,0.726,0
-9.267,-1.54,0.688,0
-9.474,-1.134,0.626,0
-9.53,-0.717,0.486,0
-9.439,-0.37,0.461,0
-9.238,-0.056,0.429,0
-9.006,0.179,0.367,0
-8.769,0.283,0.278,0
-8.6,0.233,0.193,0
-8.499,0.087,0.213,0
-8.424,-0.089,0.211,0
-8.375,-0.295,0.09,0
-8.382,-0.468,-0.026,0
-8.397,-0.62,-0.046,0
-8.405,-0.71,-0.048,0
-8.413,-0.746,-0.084,0
-8.494,-0.751,-0.126,0
-8.579,-0.793,-0.095,0
-8.731,-0.855,-0.083,0
-8.941,-0.973,-0.142,0
-9.095,-1.092,-0.234,0
-9.076,-1.194,-0.316,0
-8.969,-1.274,-0.324,0
-8.854,-1.334,-0.395,0
-8.721,-1.348,-0.406,0
-8.6,-1.291,-0.379,0
-8.487,-1.257,-0.422,0
-8.484,-1.21,-0.519,0
-8.561,-1.179,-0.761,0
-8.654,-1.168,-0.813,0
-8.695,-1.152,-0.804,0
-8.666,-1.071,-0.885,0
-8.66,-0.921,-0.94,0
-8.631,-0.757,-0.996,0
-8.604,-0.616,-0.96,0
-8.621,-0.465,-0.899,0
-8.732,-0.355,-0.897,0
-8.843,-0.292,-0.98,0
-8.965,-0.302,-0.775,0
-9.21,-0.402,-0.468,0
-9.611,-0.571,-0.379,0
-10.138,-0.864,0.021,0
-11.214,-1.272,0.938,0
-12.709,-1.501,1.392,0
-13.818,-1.257,1.205,0
-14.217,-0.616,0.916,0
-13.997,0.134,0.75,0
-13.165,0.536,0.636,0
-12.352,0.519,0.785,0
-11.834,0.309,1.17,0
-11.368,0.246,0.716,0
-10.677,0.116,0.152,0
-10.131,-0.306,0.127,0
-10.096,-0.84,0.048,0
-10.256,-1.13,-0.017,0
-10.402,-1.04,0.196,0
-10.455,-0.706,0.53,0
-10.381,-0.272,0.744,0
-10.245,0.153,0.886,0
-10.162,0.548,0.91,0
-10.136,0.914,0.819,0
-10.07,1.282,0.776,0
-9.914,1.574,0.57,0
-9.634,1.808,0.341,0
-9.225,1.914,0.302,0
-8.941,1.873,0.35,0
-8.786,1.661,0.546,0
-8.875,1.314,0.708,0
-9.186,0.881,0.647,0
-9.547,0.496,0.406,0
-9.734,0.207,0.011,0
-9.694,0.067,-0.222,0
-9.422,0.013,-0.247,0
-9.065,-0.027,-0.177,0
-8.783,-0.056,0.006,0
-8.675,-0.054,0.297,0
-8.689,-0.038,0.356,0
-8.759,-0.001,0.123,0
-8.791,0.034,-0.116,0
-8.816,0.064,-0.17,0
-8.817,0.073,-0.229,0
-8.755,0.02,-0.191,0
-8.741,0.006,-0.139,0
-8.77,0.011,-0.177,0
-8.809,0.046,-0.224,0
-8.983,0.103,-0.224,0
-9.194,0.155,-0.188,0
-9.315,0.232,-0.242,0
-9.348,0.313,-0.256,0
-9.237,0.388,-0.317,0
-9.07,0.455,-0.434,0
-8.906,0.497,-0.548,0
-8.851,0.501,-0.626,0
-8.888,0.481,-0.604,0
-8.957,0.431,-0.577,0
-8.975,0.395,-0.451,0
-8.947,0.363,-0.287,0
-8.868,0.357,-0.276,0
-8.814,0.367,-0.322,0
-8.818,0.343,-0.238,0
-8.907,0.286,-0.1,0
-9.044,0.198,-0.019,0
-9.15,0.048,0.164,0
-9.261,-0.217,0.375,0
-9.364,-0.519,0.42,0
-9.471,-0.853,0.534,0
-9.678,-1.21,1.044,0
-10.309,-1.506,1.641,0
-11.52,-1.533,1.222,0
-12.623,-1.006,0.039,0
-13.035,0.117,-0.615,0
-12.774,1.32,-0.043,0
-12.284,2.203,0.983,0
-12.068,2.648,0.976,0
-11.545,2.556,0.802,0
-10.963,2.099,0.692,0
-10.647,1.525,0.568,0
-10.423,0.95,0.562,0
-10.341,0.301,0.422,0
-10.367,-0.361,0.428,0
-10.416,-0.862,0.568,0
-10.466,-1.264,0.618,0
-10.372,-1.648,0.62,0
-10.19,-1.981,0.7,0
-9.904,-2.229,0.709,0
-9.528,-2.384,0.772,0
-9.158,-2.388,0.785,0
-8.858,-2.262,0.801,0
-8.752,-1.954,0.984,0
-8.761,-1.573,1.078,0
-8.977,-1.163,1.042,0
-9.351,-0.828,0.978,0
-9.623,-0.678,0.856,0
-9.771,-0.734,0.811,0
-9.892,-0.918,0.767,0
-9.932,-1.122,0.64,0
-9.95,-1.34,0.731,0
-9.969,-1.56,0.833,0
-9.896,-1.694,0.715,0
-9.734,-1.787,0.595,0
-9.524,-1.882,0.621,0
-9.425,-1.906,0.647,0
-9.431,-1.819,0.615,0
-9.47,-1.638,0.584,0
-9.534,-1.439,0.62,0
-9.604,-1.256,0.647,0
-9.605,-1.114,0.581,0
-9.464,-1.044,0.513,0
-9.241,-1.082,0.567,0
-9.069,-1.19,0.622,0
-9.0,-1.313,0.719,0
-8.969,-1.417,0.753,0
-8.964,-1.466,0.678,0
-8.961,-1.475,0.554,0
-8.959,-1.482,0.449,0
-8.997,-1.502,0.384,0
-9.041,-1.546,0.337,0
-9.098,-1.594,0.362,0
-9.231,-1.619,0.383,0
-9.358,-1.606,0.215,0
-9.453,-1.597,0.012,0
-9.532,-1.596,0.005,0
-9.61,-1.615,-0.048,0
-9.646,-1.621,-0.109,0
-9.655,-1.612,-0.134,0
-9.676,-1.564,-0.225,0
-9.749,-1.479,-0.299,0
-9.794,-1.344,-0.356,0
-9.818,-1.177,-0.444,0
-9.894,-1.043,-0.401,0
-9.943,-0.937,-0.358,0
-10.042,-0.863,-0.275,0
-10.321,-0.9,0.421,0
-11.021,-0.957,1.4,0
-11.9,-0.767,1.657,0
-12.385,-0.174,1.063,0
-12.171,0.601,0.541,0
-11.483,1.105,0.768,0
-10.651,1.189,1.191,0
-9.931,1.178,1.259,0
-9.28,1.205,1.145,0
-8.802,1.191,1.143,0
-8.608,1.078,1.068,0
-8.578,0.891,0.877,0
-8.605,0.642,0.608,0
-8.692,0.403,0.466,0
-8.758,0.289,0.394,0
-8.728,0.318,0.394,0
-8.7,0.452,0.443,0
-8.761,0.669,0.47,0
-8.912,0.982,0.466,0
-9.096,1.289,0.42,0
-9.29,1.537,0.359,0
-9.415,1.629,0.246,0
-9.364,1.604,0.156,0
-9.2,1.513,0.145,0
-9.011,1.317,0.183,0
-8.889,1.097,0.206,0
-8.942,0.87,0.208,0
-9.122,0.687,0.218,0
-9.302,0.537,0.161,0
-9.484,0.475,0.085,0
-9.604,0.497,0.143,0
-9.628,0.544,0.256,0
-9.584,0.611,0.514,0
-9.536,0.722,0.852,0
-9.505,0.752,1.302,0
-9.498,0.693,1.965,0
-9.558,0.493,2.628,0
-9.689,0.372,2.113,0
-9.573,0.351,1.444,0
-9.448,0.587,1.526,0
-9.439,1.086,1.226,0
-9.454,1.634,0.872,0
-9.507,1.995,0.53,0
-9.508,1.954,0.472,0
-9.495,1.576,0.931,0
-9.849,0.956,0.945,0
-10.569,0.217,0.775,0
-11.254,-0.478,0.65,0
-11.663,-0.97,0.352,0
-11.602,-1.193,0.276,0
-11.205,-1.182,0.492,0
-10.839,-1.06,0.783,0
-10.655,-0.881,0.916,0
-10.479,-0.779,0.979,0
-10.293,-0.719,1.069,0
-10.117,-0.67,1.103,1
-9.911,-0.615,1.132,1
-9.65,-0.473,1.077,1
-9.291,-0.2,0.953,1
-8.846,0.162,0.882,1
-8.477,0.491,0.91,1
-8.197,0.731,0.919,1
-8.032,0.862,0.869,1
-8.074,0.844,0.915,1
-8.347,0.637,0.942,1
-8.811,0.325,0.847,1
-9.397,-0.072,0.765,1
-9.94,-0.555,0.651,1
-10.266,-1.069,0.568,1
-10.343,-1.489,0.487,1
-10.252,-1.798,0.515,1
-10.159,-1.89,0.56,1
-10.123,-1.818,0.628,1
-10.189,-1.608,0.689,1
-10.33,-1.33,0.749,1
-10.508,-1.012,0.801,1
-10.634,-0.641,0.828,1
-10.672,-0.281,1.028,1
-10.759,0.105,1.364,1
-10.795,0.63,1.328,1
-10.716,1.287,1.056,1
-10.5,1.927,0.793,1
-10.089,2.316,0.799,1
-9.616,2.342,0.894,1
-9.112,2.075,0.97,1
-8.698,1.567,1.027,1
-8.505,0.878,0.996,1
-8.392,0.249,0.748,1
-8.273,-0.254,0.39,1
-8.186,-0.586,0.042,1
-8.054,-0.763,-0.231,1
-7.918,-0.839,-0.347,1
-7.864,-0.854,-0.22,1
-8.107,-0.742,-0.012,1
-8.702,-0.53,0.164,1
-9.488,-0.288,0.325,1
-10.218,-0.002,0.345,1
-10.681,0.311,0.499,1
-10.672,0.746,0.429,1
-10.232,1.145,0.417,1
-9.661,1.284,0.953,1
-9.264,1.241,1.357,1
-8.958,1.099,1.455,1
-8.726,0.935,1.35,1
-8.626,0.788,1.109,1
-8.701,0.645,0.847,1
-8.881,0.505,0.631,1
-9.177,0.336,0.503,1
-9.609,-0.035,0.638,1
-10.163,-0.509,0.639,1
-10.588,-1.017,0.419,1
-10.84,-1.458,0.419,1
-10.977,-1.741,0.508,1
-10.982,-1.721,0.499,1
-10.954,-1.47,0.747,1
-11.017,-1.119,1.309,1
-11.16,-0.701,1.853,1
-11.251,-0.237,2.214,1
-11.177,0.252,2.392,1
-10.885,0.717,2.396,1
-10.338,1.188,2.106,1
-9.605,1.576,1.894,1
-8.89,1.74,1.734,1
-8.271,1.69,1.458,1
-7.94,1.436,1.167,1
-7.991,0.984,0.98,1
-8.321,0.322,0.899,1
-8.812,-0.491,0.842,1
-9.385,-1.331,0.699,1
-9.895,-2.117,0.52,1
-10.105,-2.693,0.255,1
-10.254,-3.034,-0.182,1
-10.352,-3.138,-0.327,1
-10.206,-3.064,-0.17,1
-9.906,-2.989,0.17,1
-9.668,-2.912,0.538,1
-9.502,-2.764,0.876,1
-9.471,-2.401,1.068,1
-9.51,-1.863,1.008,1
-9.476,-1.274,0.83,1
-9.312,-0.743,0.768,1
-9.157,-0.371,0.921,1
-9.083,-0.242,1.115,1
-9.172,-0.328,1.626,1
-9.556,-0.581,1.56,1
-10.033,-0.851,0.958,1
-10.461,-1.082,0.64,1
-10.916,-1.353,0.471,1
-11.25,-1.605,0.734,1
-11.485,-1.754,1.055,1
-11.497,-1.526,0.863,1
-11.202,-0.937,0.282,1
-10.786,-0.3,0.204,1
-10.382,0.086,0.506,1
-10.045,0.31,0.747,1
-9.726,0.493,0.81,1
-9.366,0.64,0.909,1
-8.977,0.715,0.845,1
-8.724,0.644,0.692,1
-8.64,0.489,0.669,1
-8.505,0.294,0.568,1
-8.305,0.113,0.362,1
-8.155,-0.024,0.231,1
-8.091,-0.056,0.03,1
-8.171,0.015,-0.123,1
-8.45,0.15,-0.144,1
-8.954,0.36,-0.108,1
-9.538,0.626,-0.202,1
-10.01,0.929,-0.412,1
-10.218,1.261,-0.528,1
-10.103,1.542,-0.508,1
-9.777,1.717,-0.373,1
-9.412,1.738,-0.194,1
-9.142,1.665,0.065,1
-9.058,1.486,0.447,1
-9.248,1.196,0.703,1
-9.551,0.805,0.73,1
-9.821,0.349,0.726,1
-9.966,-0.166,0.716,1
-9.958,-0.625,0.495,1
-9.79,-0.935,0.206,1
-9.5,-0.982,-0.065,1
-9.115,-0.84,-0.086,1
-8.744,-0.514,0.151,1
-8.555,-0.119,0.658,1
-8.716,0.27,1.063,1
-9.151,0.637,1.073,1
-9.481,0.932,1.008,1
-9.687,1.183,1.017,1
-9.841,1.339,0.961,1
-9.87,1.458,0.712,1
-9.818,1.465,0.427,1
-9.923,1.14,0.351,1
-10.231,0.639,0.469,1
-10.643,0.077,0.538,1
-11.008,-0.49,0.491,1
-11.211,-0.944,0.422,1
-11.249,-1.222,0.361,1
-11.157,-1.347,0.25,1
-11.011,-1.313,0.336,1
-10.735,-1.107,0.661,1
-10.475,-0.777,1.042,1
-10.29,-0.323,1.338,1
-10.093,0.175,1.4,1
-9.867,0.67,1.313,1
-9.689,1.104,1.229,1
-9.565,1.392,1.188,1
-9.517,1.511,1.242,1
-9.533,1.45,1.314,1
-9.481,1.215,1.437,1
-9.455,0.88,1.498,1
-9.443,0.553,1.433,1
-9.437,0.347,1.284,1
-9.46,0.214,1.144,1
-9.41,0.059,0.984,1
-9.367,-0.083,0.648,1
-9.344,-0.221,0.25,1
-9.381,-0.46,-0.02,1
-9.471,-0.863,-0.176,1
-9.619,-1.228,-0.194,1
-9.748,-1.45,-0.293,1
-9.748,-1.56,-0.311,1
-9.696,-1.586,0.024,1
-9.535,-1.506,0.491,1
-9.3,-1.293,0.994,1
-9.216,-1.051,1.466,1
-9.512,-0.869,1.735,1
-10.162,-0.58,1.776,1
-10.91,-0.113,1.382,1
-11.489,0.635,0.655,1
-11.576,1.552,0.019,1
-11.107,2.278,-0.35,1
-10.308,2.481,-0.245,1
-9.549,2.216,0.094,1
-9.178,1.611,0.501,1
-9.354,0.949,0.475,1
-9.64,0.457,0.089,1
-9.917,0.07,-0.287,1
-10.012,-0.193,-0.538,1
-9.956,-0.39,-0.542,1
-9.695,-0.547,-0.517,1
-9.232,-0.676,-0.546,1
-8.711,-0.713,-0.678,1
-8.275,-0.739,-0.599,1
-8.07,-0.701,-0.655,1
-8.134,-0.57,-0.922,1
-8.437,-0.33,-1.173,1
-8.738,-0.013,-1.2,1
-9.127,0.307,-0.419,1
-9.776,0.729,-0.107,1
-10.121,0.966,0.43,1
-10.318,0.979,1.345,1
-10.569,0.747,1.612,1
-10.586,0.374,1.617,1
-10.336,-0.021,1.47,1
-9.943,-0.318,1.554,1
-9.509,-0.444,1.599,1
-8.934,-0.413,1.44,1
-8.294,-0.216,1.401,1
-7.696,0.037,1.355,1
-7.261,0.298,1.265,1
-7.184,0.395,1.398,1
-7.586,0.327,1.516,1
-8.383,0.129,1.431,1
-9.427,-0.148,1.025,1
-10.375,-0.483,0.536,1
-10.961,-0.885,0.365,1
-11.253,-1.265,0.465,1
-11.344,-1.508,0.556,1
-11.391,-1.661,0.583,1
-11.367,-1.789,0.623,1
-11.227,-1.866,0.683,1
-11.011,-1.849,0.723,1
-10.854,-1.82,0.736,1
-10.861,-1.757,0.689,1
-10.927,-1.596,0.644,1
-10.92,-1.38,0.682,1
-10.771,-1.102,0.79,1
-10.593,-0.858,0.9,1
-10.415,-0.715,1.049,1
-10.253,-0.675,1.223,0
-10.106,-0.709,1.317,0
-9.929,-0.799,1.276,0
-9.675,-0.862,1.215,0
-9.369,-0.977,1.242,0
-9.078,-1.076,1.328,0
-8.854,-1.172,1.443,0
-8.695,-1.211,1.529,0
-8.603,-1.194,1.543,0
-8.576,-1.147,1.477,0
-8.577,-1.039,1.392,0
-8.621,-0.917,1.287,0
-8.62,-0.809,1.246,0
-8.622,-0.724,1.21,0
-8.685,-0.686,1.179,0
-8.871,-0.65,1.169,0
-9.119,-0.621,1.251,0
-9.331,-0.629,1.26,0
-9.489,-0.637,1.202,0
-9.639,-0.714,1.15,0
-9.736,-0.847,1.127,0
-9.776,-1.011,1.046,0
-9.787,-1.177,0.985,0
-9.827,-1.351,0.984,0
-9.877,-1.508,0.931,0
-9.887,-1.656,0.868,0
-9.907,-1.793,0.804,0
-9.865,-1.886,0.74,0
-9.714,-1.899,0.645,0
-9.545,-1.853,0.582,0
-9.494,-1.79,0.589,0
-9.507,-1.707,0.64,0
-9.516,-1.653,0.704,0
-9.52,-1.592,0.717,0
-9.474,-1.53,0.753,0
-9.406,-1.444,0.787,0
-9.372,-1.401,1.101,0
-9.605,-1.328,1.32,0
-9.855,-0.989,0.925,0
-9.92,-0.457,0.874,0
-9.961,-0.02,0.815,0
-9.899,0.17,0.808,0
-9.748,0.06,1.077,0
-9.664,-0.252,1.043,0
-9.691,-0.564,0.917,0
-9.82,-0.796,0.746,0
-9.989,-0.957,0.714,0
-10.274,-1.034,1.028,0
-10.704,-0.944,1.444,0
-11.164,-0.662,1.544,0
-11.37,-0.166,1.44,0
-11.335,0.416,1.288,0
-10.988,0.815,1.253,0
-10.472,0.998,1.277,0
-9.898,1.033,1.171,0
-9.263,0.994,1.141,0
-8.708,0.863,1.17,0
-8.27,0.654,1.209,0
-8.065,0.349,1.19,0
-7.998,0.011,1.143,0
-8.071,-0.325,1.079,0
-8.277,-0.58,0.98,0
-8.575,-0.738,0.833,0
-8.849,-0.796,0.724,0
-9.073,-0.727,0.749,0
-9.329,-0.469,0.707,0
-9.638,-0.088,0.688,0
-9.892,0.314,0.564,0
-9.988,0.644,0.426,0
-9.933,0.909,0.347,0
-9.754,1.09,0.294,0
-9.563,1.146,0.181,0
-9.438,1.087,0.197,0
-9.438,0.971,0.222,0
-9.519,0.846,0.132,0
-9.61,0.751,-0.013,0
-9.652,0.716,-0.062,0
-9.653,0.768,-0.11,0
-9.619,0.889,-0.105,0
-9.541,1.058,-0.031,0
-9.438,1.216,0.031,0
-9.327,1.322,0.131,0
-9.274,1.326,0.269,0
-9.294,1.267,0.296,0
-9.36,1.169,0.28,0
-9.421,1.06,0.272,0
-9.502,0.927,0.344,0
-9.612,0.838,0.294,0
-9.609,0.793,0.177,0
-9.523,0.785,0.204,0
-9.453,0.784,0.321,0
-9.481,0.807,0.376,0
-9.473,0.877,0.308,0
-9.447,0.971,0.247,0
-9.424,1.004,0.601,0
-9.481,0.941,1.069,0
-9.742,0.905,0.976,0
-10.054,0.854,0.986,0
-10.265,0.902,1.288,0
-10.335,0.717,2.601,0
-10.791,0.308,3.225,0
-11.655,-0.079,2.275,0
-11.923,-0.141,0.855,0
-10.862,0.092,0.522,0
-9.361,0.076,0.851,0
-8.183,-0.36,1.144,0
-7.481,-0.942,0.995,0
-7.144,-1.46,0.555,0
-7.184,-1.731,0.122,0
-7.798,-1.694,-0.156,0
-9.012,-1.334,-0.458,0
-10.458,-0.892,-0.539,0
-11.508,-0.628,-0.491,0
-11.808,-0.506,-0.242,0
-11.593,-0.413,0.178,0
-11.122,-0.311,0.382,0
-10.709,-0.223,0.312,0
-10.541,-0.347,0.265,0
-10.599,-0.688,0.326,0
-10.525,-0.988,0.224,0
-10.276,-1.294,0.168,0
-10.107,-1.661,0.124,0
-9.989,-1.984,0.14,0
-9.919,-2.278,0.169,0
-9.949,-2.419,0.224,0
-10.009,-2.31,0.294,0
-10.05,-2.028,0.264,0
-10.068,-1.634,0.162,0
-9.942,-1.286,0.087,0
-9.659,-1.095,0.12,0
-9.448,-1.022,0.235,0
-9.36,-1.023,0.31,0
-9.297,-1.033,0.303,0
-9.268,-1.02,0.28,0
-9.294,-0.957,0.251,0
-9.385,-0.874,0.177,0
-9.505,-0.792,0.239,0
-9.656,-0.74,0.26,0
-9.768,-0.769,0.423,0
-9.823,-0.717,0.278,0
-9.724,-0.522,-0.228,0
-9.561,-0.318,-0.373,0
-9.489,-0.299,-0.228,0
-9.501,-0.555,0.242,0
-9.692,-0.894,0.739,0
-10.046,-1.062,0.782,0
-10.43,-1.011,0.595,0
-10.813,-0.831,0.453,0
-11.079,-0.51,0.473,0
-10.911,-0.123,0.536,0
-10.388,0.181,0.686,0
-9.753,0.348,0.774,0
-9.056,0.438,0.674,0
-8.506,0.431,0.671,0
-8.151,0.398,0.788,0
-8.014,0.342,0.854,0
-8.021,0.31,0.892,0
-8.064,0.338,0.759,0
-8.101,0.382,0.56,0
-8.166,0.394,0.484,0
-8.327,0.422,0.479,0
-8.67,0.452,0.419,0
-9.231,0.445,0.297,0
-9.843,0.415,0.151,0
-10.358,0.469,-0.075,0
-10.622,0.604,-0.35,0
-10.593,0.727,-0.484,0
-10.326,0.808,-0.426,0
-10.08,0.844,-0.267,0
-9.911,0.837,-0.143,0
-9.762,0.756,-0.153,0
-9.705,0.663,-0.146,0
-9.714,0.586,-0.067,0
-9.715,0.553,-0.116,0
-9.674,0.57,-0.134,0
-9.585,0.625,0.01,0
-9.476,0.697,0.166,0
-9.372,0.774,0.224,0
-9.257,0.817,0.43,0
-9.272,0.751,0.803,0
-9.514,0.588,1.489,0
-10.083,0.325,2.032,0
-10.716,0.21,1.391,0
-10.705,0.363,0.702,0
-9.875,0.743,0.882,0
-8.802,0.959,1.096,0
-7.801,0.803,1.291,0
-7.058,0.569,1.271,0
-6.648,0.324,1.041,0
-6.548,0.143,0.668,0
-6.747,-0.009,0.38,0
-7.424,-0.157,0.26,0
-8.647,-0.385,0.32,0
-10.347,-0.744,0.312,0
-11.934,-1.156,0.018,0
-12.765,-1.57,-0.243,0
-13.031,-1.707,-0.182,0
-12.912,-1.649,-0.035,0
-12.503,-1.595,0.236,0
-11.942,-1.586,0.529,0
-11.617,-1.477,0.641,0
-11.457,-1.331,0.677,0
-11.354,-1.198,0.607,0
-11.285,-0.997,0.532,0
-11.128,-0.797,0.464,0
-10.902,-0.521,0.398,0
-10.704,-0.351,0.416,0
-10.54,-0.282,0.538,0
-10.267,-0.309,0.581,0
-9.97,-0.442,0.658,0
-9.811,-0.643,0.87,0
-9.794,-0.902,0.992,0
-9.804,-1.107,0.884,0
-9.756,-1.305,0.678,0
-9.603,-1.503,0.462,0
-9.345,-1.682,0.216,0
-9.076,-1.833,0.065,0
-8.846,-1.902,0.064,0
-8.64,-1.905,0.107,0
-8.518,-1.815,0.091,0
-8.479,-1.622,-0.028,0
-8.478,-1.35,-0.126,0
-8.512,-1.057,-0.19,0
-8.544,-0.813,-0.219,0
-8.564,-0.629,-0.17,0
-8.602,-0.516,-0.118,0
-8.72,-0.562,0.277,0
-9.132,-0.683,0.63,0
-9.687,-0.618,0.398,0
-10.082,-0.506,0.285,0
-10.515,-0.38,0.63,0
-11.052,-0.2,0.897,0
-11.623,0.092,0.97,0
-11.853,0.517,0.761,0
-11.413,0.841,0.603,0
-10.605,0.877,0.543,0
-9.716,0.691,0.568,0
-8.908,0.356,0.714,0
-8.356,-0.037,0.936,0
-7.939,-0.309,0.918,0
-7.683,-0.374,0.814,0
-7.693,-0.41,0.577,0
-7.914,-0.419,0.329,0
-8.252,-0.387,0.096,0
-8.639,-0.274,-0.165,0
-9.072,-0.049,-0.279,0
-9.53,0.246,-0.222,0
-9.937,0.613,-0.236,0
-10.219,1.009,-0.331,0
-10.28,1.345,-0.431,0
-10.114,1.515,-0.481,0
-9.857,1.482,-0.42,0
-9.665,1.353,-0.334,0
-9.564,1.239,-0.225,0
-9.555,1.065,-0.138,0
-9.605,0.823,-0.148,0
-9.662,0.626,-0.17,0
-9.614,0.434,-0.13,0
-9.566,0.244,-0.107,0
-9.471,0.101,-0.109,0
-9.332,0.034,-0.071,0
-9.191,0.058,-0.044,0
-9.102,0.147,-0.071,0
-9.073,0.261,0.08,0
-9.19,0.35,0.233,0
-9.457,0.408,0.269,0
-9.76,0.373,0.819,0
-10.26,0.17,2.057,0
-11.075,0.069,1.999,0
-11.545,0.17,1.148,0
-11.139,0.568,0.939,0
-9.984,1.129,1.164,0
-8.799,1.301,1.411,0
-7.845,1.139,1.578,0
-7.156,0.921,1.361,0
-6.758,0.62,1.072,0
-6.731,0.31,0.885,0
-7.46,-0.022,0.787,0
-9.115,-0.383,0.866,0
-11.302,-0.726,0.503,0
-12.912,-1.09,-0.545,0
-13.562,-1.466,-0.798,0
-13.443,-1.608,-0.333,0
-12.466,-1.656,0.087,0
-11.358,-1.773,0.287,0
-10.936,-1.641,0.553,0
-10.784,-1.428,0.756,0
-10.643,-1.234,0.64,0
-10.507,-0.989,0.297,0
-10.409,-0.725,-0.011,0
-10.241,-0.525,-0.049,0
-10.035,-0.364,0.082,0
-9.815,-0.271,0.282,0
-9.573,-0.264,0.518,0
-9.475,-0.379,0.894,0
-9.572,-0.64,1.109,0
-9.778,-0.871,0.911,0
-9.946,-1.043,0.719,0
-9.935,-1.18,0.577,0
-9.7,-1.346,0.532,0
-9.467,-1.53,0.498,0
-9.313,-1.705,0.449,0
-9.199,-1.815,0.321,0
-9.054,-1.828,0.128,0
-8.931,-1.779,0.001,0
-8.907,-1.719,0.177,0
-8.998,-1.51,0.24,0
-9.121,-1.022,-0.244,0
-9.09,-0.449,-0.525,0
-9.032,0.0,-0.523,0
-8.997,0.254,-0.557,0
-8.849,0.271,-0.351,0
-8.736,0.103,-0.121,0
-8.748,-0.266,0.347,0
-9.094,-0.865,1.472,0
-10.028,-1.221,2.278,0
-11.392,-1.239,1.908,0
-12.491,-0.676,0.985,0
-12.676,0.272,0.493,0
-11.869,1.171,0.742,0
-10.593,1.506,0.9,0
-9.302,1.426,0.98,0
-8.129,1.281,0.993,0
-7.23,1.17,0.895,0
-6.763,1.034,0.676,0
-6.701,0.845,0.324,0
-7.22,0.633,0.164,0
-8.258,0.511,0.084,0
-9.345,0.531,-0.069,0
-10.236,0.555,-0.208,0
-10.753,0.622,-0.348,0
-10.827,0.683,-0.31,0
-10.526,0.777,-0.096,0
-10.088,0.858,0.073,0
-9.75,0.913,0.103,0
-9.568,0.916,0.12,0
-9.472,0.834,0.179,0
-9.376,0.704,0.195,0
-9.291,0.573,0.157,0
-9.238,0.488,0.143,0
-9.184,0.479,0.159,0
-9.12,0.556,0.112,0
-9.067,0.666,0.015,0
-8.99,0.757,0.032,0
-8.854,0.792,0.075,0
-8.727,0.788,0.28,0
-8.76,0.7,0.702,0
-9.044,0.531,1.214,0
-9.615,0.27,2.147,0
-10.621,-0.027,2.81,0
-11.716,-0.186,2.219,0
-12.169,-0.043,1.29,0
-11.613,0.411,1.202,0
-10.389,0.861,1.646,0
-9.375,1.019,1.927,0
-8.665,0.938,2.051,0
-8.131,0.822,1.886,0
-7.886,0.746,1.744,0
-8.09,0.799,1.353,0
-8.819,0.84,0.951,0
-9.742,0.793,0.794,0
-10.601,0.659,0.559,0
-11.109,0.379,0.524,0
-11.314,-0.04,0.542,0
-11.295,-0.504,0.471,0
-11.229,-0.903,0.309,0
-11.249,-1.219,0.142,0
-11.336,-1.519,0.072,0
-11.371,-1.876,0.007,0
-11.132,-2.177,-0.166,0
-10.734,-2.381,-0.3,0
-10.285,-2.51,-0.28,0
-9.798,-2.556,-0.178,0
-9.381,-2.495,0.041,0
-9.157,-2.311,0.291,0
-9.11,-2.024,0.584,0
-9.22,-1.642,0.898,0
-9.322,-1.146,0.823,0
-9.359,-0.659,0.873,0
-9.449,-0.262,1.003,0
-9.505,0.076,0.882,0
-9.456,0.402,0.706,0
-9.411,0.558,0.532,0
-9.398,0.457,0.839,0
-9.458,0.241,1.099,0
-9.629,0.04,1.131,0
-9.838,-0.016,1.093,0
-10.023,0.188,0.738,0
-10.01,0.557,0.49,0
-9.911,0.814,0.796,0
-9.871,0.938,1.142,0
-9.785,0.896,1.311,0
-9.568,0.749,1.229,0
-9.163,0.558,0.845,0
-8.662,0.389,0.536,0
-8.168,0.232,0.256,0
-7.725,0.048,0.131,0
-7.526,-0.156,0.197,0
-7.74,-0.348,0.274,0
-8.391,-0.429,0.198,0
-9.273,-0.37,0.005,0
-10.226,-0.174,-0.268,0
-10.996,0.181,-0.58,0
-11.318,0.539,-0.601,0
-11.109,0.879,-0.468,0
-10.552,1.131,-0.381,0
-10.07,1.292,-0.209,0
-9.72,1.398,-0.015,0
-9.51,1.503,-0.029,0
-9.415,1.551,-0.142,0
-9.313,1.621,-0.212,0
-9.112,1.692,-0.222,0
-8.83,1.748,-0.132,0
-8.583,1.777,0.182,0
-8.48,1.775,0.672,0
-8.568,1.673,1.183,0
-8.762,1.346,2.401,0
-9.418,1.021,3.131,0
-10.684,0.691,3.092,0
-11.986,0.655,2.401,0
-12.177,0.899,1.22,0
-11.011,0.856,1.112,0
-9.895,0.297,1.774,0
-9.308,-0.443,1.818,0
-8.951,-1.038,1.5,0
-8.768,-1.31,1.225,0
-8.802,-1.26,1.017,0
-8.987,-0.848,0.784,0
-9.215,-0.304,0.643,0
-9.433,0.178,0.803,0
-9.619,0.539,1.051,0
-9.72,0.821,1.284,0
-9.767,0.964,1.329,0
-9.913,0.842,1.379,0
-10.259,0.38,1.318,0
-10.694,-0.181,1.112,0
-10.936,-0.697,0.871,0
-11.04,-1.277,0.849,0
-11.02,-1.905,0.764,0
-10.782,-2.487,0.712,0
-10.527,-2.876,0.733,0
-10.318,-2.915,0.629,0
-10.053,-2.669,0.486,0
-9.808,-2.318,0.37,0
-9.596,-1.996,0.338,0
-9.478,-1.608,0.446,0
-9.327,-1.163,0.447,0
-9.138,-0.748,0.605,0
-9.001,-0.438,0.794,0
-9.029,-0.26,1.083,0
-9.398,-0.25,1.326,0
-9.891,-0.161,1.064,0
-10.038,0.128,0.485,0
-9.868,0.384,0.329,0
-9.647,0.481,0.288,0
-9.511,0.425,0.256,0
-9.496,0.207,0.356,0
-9.577,-0.177,0.567,0
-9.768,-0.605,0.798,0
-9.999,-0.871,0.579,0
-10.202,-0.971,0.464,0
-10.363,-0.949,0.817,0
-10.501,-0.792,1.23,0
-10.573,-0.494,1.485,0
-10.456,-0.087,1.5,0
-10.113,0.274,1.502,0
-9.58,0.522,1.46,0
-8.969,0.669,1.329,0
-8.411,0.726,1.233,0
-7.928,0.698,1.168,0
-7.58,0.591,1.118,0
-7.455,0.416,1.093,0
-7.598,0.249,1.055,0
-7.919,0.136,0.868,0
-8.365,0.096,0.753,0
-8.939,0.099,0.686,0
-9.556,0.151,0.607,0
-10.033,0.29,0.537,0
-10.285,0.48,0.505,0
-10.335,0.702,0.508,0
-10.26,0.82,0.546,0
-10.106,0.828,0.613,0
-10.001,0.734,0.67,0
-9.97,0.648,0.712,0
-10.001,0.566,0.628,0
-10.011,0.503,0.509,0
-9.942,0.491,0.392,0
-9.855,0.521,0.299,0
-9.796,0.572,0.279,0
-9.754,0.621,0.196,0
-9.689,0.662,0.209,0
-9.629,0.715,0.266,0
-9.638,0.807,0.295,0
-9.693,0.871,0.372,0
-9.753,0.913,0.419,0
-9.837,0.973,0.376,0
-9.887,1.016,0.417,0
-9.848,1.062,0.495,0
-9.767,1.095,0.635,0
-9.736,1.114,0.744,0
-9.779,1.119,0.85,0
-9.905,1.119,1.006,0
-10.128,1.075,1.218,0
-10.415,1.075,1.363,0
-10.616,1.18,1.079,0
-10.499,1.302,0.905,0
-10.155,1.361,0.992,0
-9.742,1.182,0.967,0
-9.385,0.852,0.963,0
-9.188,0.532,0.916,0
-9.137,0.302,0.875,0
-9.215,0.173,0.828,0
-9.391,0.139,0.751,0
-9.626,0.191,0.679,0
-9.88,0.264,0.668,0
-10.052,0.333,0.729,0
-10.148,0.388,0.815,0
-10.131,0.464,0.881,0
-10.042,0.552,1.013,0
-9.909,0.64,1.164,0
-9.799,0.685,1.27,0
-9.767,0.642,1.302,0
-9.802,0.58,1.275,0
-9.837,0.508,1.156,0
-9.825,0.402,1.022,0
-9.755,0.296,0.93,0
-9.719,0.187,0.912,0
-9.731,0.109,0.853,0
-9.741,0.037,0.826,0
-9.751,-0.048,0.932,0
-9.798,-0.093,1.057,0
-9.868,-0.076,1.093,0
-9.876,0.014,1.118,0
-9.816,0.168,1.144,0
-9.688,0.351,1.14,0
-9.557,0.49,1.189,0
-9.436,0.56,1.334,0
-9.309,0.58,1.394,0
-9.188,0.536,1.331,0
-9.145,0.378,1.239,0
-9.133,0.173,1.196,0
-9.145,-0.002,1.022,0
-9.147,-0.152,0.926,0
-9.123,-0.268,0.808,0
-9.1,-0.407,0.763,0
-9.143,-0.571,0.731,0
-9.237,-0.74,0.671,0
-9.377,-0.886,0.615,0
-9.515,-0.992,0.544,0
-9.65,-1.028,0.459,0
-9.72,-0.984,0.416,0
-9.726,-0.858,0.351,0
-9.641,-0.695,0.42,0
-9.486,-0.518,0.499,0
-9.353,-0.38,0.601,0
-9.237,-0.274,0.689,0
-9.177,-0.212,0.657,0
-9.153,-0.195,0.706,0
-9.142,-0.227,0.919,0
-9.291,-0.317,1.208,0
-9.719,-0.366,1.245,0
-10.289,-0.393,1.118,0
-10.709,-0.431,1.042,0
-10.825,-0.382,0.993,0
-10.573,-0.273,0.956,0
-10.148,-0.186,0.876,0
-9.69,-0.06,0.698,0
-9.205,0.11,0.575,0
-8.897,0.26,0.579,0
-8.755,0.309,0.541,0
-8.797,0.234,0.489,0
-8.999,0.032,0.489,0
-9.231,-0.214,0.467,0
-9.487,-0.473,0.476,0
-9.753,-0.767,0.531,0
-9.871,-1.062,0.555,0
-9.812,-1.239,0.502,1
-9.693,-1.304,0.4,1
-9.641,-1.23,0.355,1
-9.772,-1.088,0.263,1
-10.025,-0.907,0.134,1
-10.238,-0.694,0.12,1
-10.435,-0.43,0.228,1
-10.589,-0.097,0.296,1
-10.667,0.264,0.262,1
-10.676,0.503,0.261,1
-10.567,0.55,0.375,1
-10.442,0.431,0.564,1
-10.362,0.18,0.731,1
-10.262,-0.157,0.844,1
-10.086,-0.538,0.901,1
-9.859,-0.937,0.978,1
-9.609,-1.283,0.968,1
-9.418,-1.558,0.907,1
-9.261,-1.7,0.861,1
-9.11,-1.741,0.918,1
-9.016,-1.614,0.868,1
-8.998,-1.333,0.818,1
-9.087,-1.033,0.835,1
-9.181,-0.712,0.722,1
-9.238,-0.396,0.614,1
-9.223,-0.084,0.573,1
-9.201,0.199,0.568,1
-9.334,0.474,0.611,1
-9.587,0.826,0.552,1
-9.772,1.225,0.536,1
-9.802,1.572,0.549,1
-9.77,1.819,0.605,1
-9.708,1.912,0.698,1
-9.644,1.837,0.766,1
-9.594,1.668,0.741,1
-9.568,1.471,0.754,1
-9.545,1.282,0.716,1
-9.547,1.134,0.601,1
-9.591,1.024,0.452,1
-9.659,0.976,0.355,1
-9.688,0.963,0.351,1
-9.693,0.997,0.439,1
-9.699,1.04,0.547,1
-9.747,1.097,0.576,1
-9.872,1.123,0.719,1
-10.144,1.128,0.857,1
-10.49,1.149,0.665,1
-10.859,1.227,0.489,1
-11.207,1.269,0.785,1
-11.354,1.149,1.11,1
-11.181,0.805,1.145,1
-10.805,0.378,1.052,1
-10.425,-0.06,0.851,1
-10.165,-0.419,0.648,1
-9.973,-0.71,0.605,1
-9.84,-0.843,0.612,1
-9.73,-0.8,0.666,1
-9.642,-0.626,0.716,1
-9.548,-0.317,0.711,1
-9.416,-0.033,0.711,1
-9.279,0.138,0.713,1
-9.125,0.162,0.733,1
-8.911,0.078,0.68,1
-8.668,-0.108,0.584,1
-8.53,-0.369,0.557,1
-8.536,-0.621,0.428,1
-8.611,-0.801,0.212,1
-8.685,-0.881,-0.032,1
-8.72,-0.889,-0.301,1
-8.713,-0.875,-0.588,1
-8.785,-0.964,-0.66,1
-9.101,-1.153,-0.546,1
-9.504,-1.317,-0.763,1
-9.779,-1.417,-0.995,1
-9.854,-1.533,-0.943,1
-9.618,-1.542,-0.939,1
-9.288,-1.453,-0.948,1
-9.03,-1.299,-0.808,1
-8.801,-1.175,-0.583,1
-8.614,-1.064,-0.45,1
-8.443,-1.031,-0.339,1
-8.372,-1.23,0.253,1
-8.701,-1.618,1.515,1
-9.817,-1.947,2.738,1
-11.248,-1.861,2.784,1
-12.211,-0.935,1.513,1
-11.969,0.523,0.693,1
-10.541,1.201,1.202,1
-8.91,0.969,1.576,1
-7.44,0.579,1.578,1
-6.527,0.315,1.399,1
-6.292,0.039,0.841,1
-6.586,-0.325,0.677,1
-7.672,-0.644,0.775,1
-9.415,-0.807,0.438,1
-11.222,-0.851,-0.144,1
-12.556,-0.666,-0.777,1
-13.08,-0.366,-0.524,1
-12.672,0.029,0.053,1
-12.043,0.442,0.312,1
-11.765,0.781,0.395,1
-11.411,1.081,0.352,1
-10.967,1.38,0.374,1
-10.639,1.52,0.368,1
-10.513,1.406,0.334,1
-10.433,1.133,0.26,1
-10.272,0.818,0.252,1
-10.147,0.521,0.371,1
-10.122,0.255,0.67,1
-10.212,0.117,0.921,1
-10.333,0.105,0.917,1
-10.246,0.236,0.751,1
-9.961,0.504,0.658,1
-9.622,0.757,0.766,1
-9.349,0.97,1.082,1
-9.207,1.112,1.249,1
-9.161,1.174,1.237,1
-9.192,1.164,1.066,1
-9.285,1.053,0.707,1
-9.325,0.935,0.271,1
-9.272,0.867,-0.167,1
-9.26,0.863,-0.512,1
-9.258,0.831,-0.363,1
-9.284,0.743,0.753,1
-9.77,0.504,1.792,1
-10.656,0.011,1.608,1
-11.37,-0.519,0.649,1
-11.591,-0.883,-0.085,1
-11.193,-0.939,-0.292,1
-10.371,-0.921,-0.083,1
-9.48,-1.037,0.142,1
-8.727,-1.193,0.154,1
-8.076,-1.298,0.065,1
-7.613,-1.292,-0.152,1
-7.438,-1.133,-0.462,1
-7.552,-0.908,-0.625,1
-7.838,-0.604,-0.853,1
-8.171,-0.501,-1.031,1
-8.619,-0.582,-0.929,1
-9.228,-0.547,-1.046,1
-9.601,-0.377,-1.304,1
-9.601,-0.208,-1.41,1
-9.273,-0.126,-1.408,1
-8.697,-0.187,-1.187,1
-8.215,-0.447,-0.399,1
-8.157,-0.888,0.785,1
-8.677,-1.446,2.582,1
-9.754,-1.648,3.461,1
-11.008,-1.352,3.019,1
-11.829,-0.614,2.088,1
-11.441,0.224,1.527,1
-10.401,0.639,1.515,1
-9.562,0.292,1.487,1
-8.99,-0.308,0.837,1
-8.754,-0.905,0.119,1
-8.769,-1.178,-0.388,1
-9.03,-1.113,-0.393,1
-9.414,-0.788,-0.183,1
-9.868,-0.565,-0.072,1
-10.649,-0.557,0.301,1
-11.435,-0.479,0.396,1
-11.884,-0.314,0.245,1
-12.035,-0.134,-0.017,1
-11.739,0.194,-0.112,1
-11.052,0.554,-0.118,1
-10.324,0.803,0.039,1
-9.679,0.824,0.335,1
-9.215,0.676,0.529,1
-8.969,0.445,0.517,1
-9.048,0.183,0.405,1
-9.48,0.036,0.139,1
-9.921,0.028,-0.204,1
-10.155,0.139,-0.285,1
-10.174,0.326,-0.039,1
-10.125,0.599,0.258,1
-10.001,0.867,0.362,1
-9.757,1.115,0.393,1
-9.537,1.282,0.508,1
-9.427,1.334,0.592,1
-9.417,1.246,0.472,1
-9.403,0.981,0.373,1
-9.346,0.69,0.308,1
-9.344,0.418,0.179,1
-9.402,0.21,0.15,1
-9.507,0.027,0.451,1
-9.83,-0.085,0.83,1
-10.316,-0.145,0.691,1
-10.556,-0.246,0.567,1
-10.614,-0.263,0.56,1
-10.597,-0.146,-0.203,1
-10.479,-0.112,0.112,1
-10.611,0.004,0.747,1
-10.965,0.077,0.867,1
-11.067,0.131,0.449,1
-10.63,0.144,-0.01,1
-10.039,0.029,0.081,1
-9.677,-0.298,0.235,1
-9.435,-0.66,0.13,1
-9.216,-0.947,0.155,1
-9.056,-1.103,0.386,1
-8.907,-1.197,0.311,1
-8.77,-1.195,0.097,1
-8.669,-1.156,-0.1,1
-8.566,-1.09,-0.262,1
-8.434,-0.993,-0.301,1
-8.404,-0.883,-0.321,1
-8.466,-0.722,-0.477,1
-8.64,-0.58,-0.512,1
-9.028,-0.497,-0.364,1
-9.524,-0.401,-0.423,1
-9.912,-0.262,-0.685,1
-10.028,-0.152,-0.874,1
-9.926,-0.095,-0.99,1
-9.695,-0.112,-1.044,1
-9.432,-0.213,-1.089,1
-9.258,-0.329,-1.051,1
-9.165,-0.555,-0.979,1
-9.098,-0.842,-0.99,1
-8.963,-1.177,-0.989,1
-8.838,-1.539,-0.808,1
-8.849,-1.815,-0.803,1
-8.873,-2.038,-0.647,1
-8.92,-2.186,-0.392,1
-8.931,-2.228,-0.318,1
-8.831,-2.226,-0.03,1
-8.539,-2.238,0.477,1
-8.364,-2.46,1.645,1
-8.897,-2.763,3.155,1
-10.488,-2.704,3.367,1
-12.002,-1.909,2.394,1
-12.238,-0.402,1.368,1
-11.23,0.868,0.832,1
-9.832,1.172,0.784,1
-8.614,0.981,0.528,1
-7.633,0.75,0.105,1
-7.131,0.483,-0.062,1
-7.336,0.129,-0.124,1
-8.319,-0.338,-0.232,1
-9.795,-0.876,-0.555,1
-11.136,-1.463,-1.021,1
-12.098,-1.942,-1.273,1
-12.679,-2.007,-1.212,1
-12.661,-1.596,-1.016,1
-12.146,-0.819,-0.938,1
-11.509,-0.042,-0.812,1
-11.022,0.581,-0.586,1
-10.678,0.852,-0.344,1
-10.454,0.754,-0.261,1
-10.376,0.514,-0.399,1
-10.293,0.198,-0.409,1
-10.192,-0.028,-0.449,1
-10.114,-0.133,-0.438,1
-9.994,-0.057,-0.262,1
-9.891,0.112,-0.125,1
-9.755,0.33,-0.013,1
-9.578,0.593,0.198,1
-9.374,0.769,0.439,1
-9.22,0.917,0.711,1
-9.105,1.003,0.906,1
-9.003,1.021,0.867,1
-8.924,0.959,0.825,1
-8.896,0.903,0.721,1
-8.92,0.854,0.278,1
-8.868,0.741,0.107,1
-8.804,0.537,0.19,1
-8.809,0.261,0.532,1
-9.012,0.063,0.742,1
-9.381,-0.047,0.532,1
-9.692,-0.055,0.261,1
-9.972,0.064,-0.168,1
-10.173,0.094,0.114,1
-10.647,0.047,1.235,1
-11.519,-0.113,1.728,1
-11.956,-0.23,0.932,1
-11.423,-0.231,-0.178,1
-10.468,-0.058,-0.039,1
-9.782,0.045,0.428,1
-9.198,-0.057,0.496,1
-8.671,-0.205,0.27,1
-8.229,-0.349,0.03,1
-8.013,-0.487,-0.142,1
-8.138,-0.64,-0.394,1
-8.641,-0.775,-0.629,1
-9.38,-1.04,-0.732,1
-9.901,-1.472,-0.873,1
-10.079,-1.93,-1.0,1
-10.009,-2.199,-1.026,1
-9.744,-2.244,-0.96,1
-9.436,-2.087,-0.64,1
-9.232,-1.735,-0.18,1
-9.089,-1.399,0.075,1
-8.967,-1.133,0.275,1
-8.822,-0.866,0.287,1
-8.672,-0.553,0.153,1
-8.505,-0.327,0.235,1
-8.418,-0.252,0.577,1
-8.449,-0.315,0.949,1
-8.566,-0.43,1.146,1
-8.763,-0.708,1.666,1
-9.36,-1.035,2.762,1
-10.456,-1.058,2.941,1
-11.717,-0.703,1.966,1
-12.554,-0.246,1.275,1
-12.376,-0.076,1.092,1
-11.435,-0.397,1.089,1
-10.572,-1.045,1.169,1
-9.82,-1.453,0.971,1
-9.244,-1.512,0.847,1
-8.901,-1.467,0.549,1
-8.796,-1.505,0.49,1
-9.046,-1.496,0.244,1
-9.592,-1.411,0.111,1
-10.293,-1.136,0.132,1
-10.821,-0.698,0.159,1
-10.92,-0.17,0.316,1
-10.59,0.31,0.487,1
-10.119,0.678,0.643,1
-9.664,0.859,0.778,1
-9.377,0.942,0.642,1
-9.218,0.881,0.511,1
-9.075,0.692,0.5,1
-8.907,0.46,0.425,1
-8.815,0.36,0.337,1
-8.815,0.353,0.249,1
-8.837,0.392,0.117,1
-8.88,0.464,0.122,1
-9.056,0.559,0.244,1
-9.296,0.66,0.353,1
-9.495,0.787,0.409,1
-9.567,0.988,0.172,1
-9.403,1.173,-0.117,1
-9.057,1.221,0.196,1
-8.895,1.101,0.791,1
-9.106,0.682,1.586,1
-9.806,0.136,1.755,1
-10.611,-0.487,1.263,1
-11.064,-1.012,0.755,1
-11.132,-1.271,-0.053,1
-10.941,-1.339,-0.155,1
-10.742,-1.097,0.003,1
-10.559,-0.684,0.249,1
-10.392,-0.332,0.935,1
-10.531,-0.154,1.86,1
-10.974,-0.081,1.967,1
-11.287,-0.263,1.726,1
-11.352,-0.614,1.323,1
-11.109,-1.045,0.864,1
-10.557,-1.425,0.764,1
-9.872,-1.65,0.898,1
-9.181,-1.753,0.926,1
-8.533,-1.793,0.743,1
-8.034,-1.673,0.562,1
-7.755,-1.358,0.277,1
-7.657,-1.006,-0.144,1
-7.766,-0.653,-0.381,1
-7.979,-0.463,-0.435,1
-8.147,-0.469,-0.397,1
-8.339,-0.495,-0.498,1
-8.591,-0.504,-0.631,1
-8.889,-0.481,-0.568,1
-9.249,-0.415,-0.335,1
-9.573,-0.331,-0.312,1
-9.748,-0.222,-0.434,1
-9.636,-0.188,-0.601,1
-9.277,-0.318,-0.599,1
-8.916,-0.638,-0.412,1
-8.625,-1.062,-0.079,1
-8.512,-1.557,0.519,1
-8.579,-1.968,1.039,1
-8.645,-2.12,0.963,1
-8.656,-2.243,1.264,1
-9.038,-2.361,1.862,1
-9.891,-2.341,2.023,1
-10.833,-2.119,1.949,1
-11.524,-1.596,1.54,1
-11.779,-1.021,1.244,1
-11.53,-0.606,1.02,1
-10.739,-0.495,0.662,1
-9.867,-0.437,0.481,1
-9.194,-0.342,0.404,1
-8.939,-0.344,0.462,1
-9.206,-0.441,0.385,1
-9.783,-0.578,0.149,1
-10.378,-0.721,-0.11,1
-10.932,-0.795,-0.327,1
-11.365,-0.727,-0.442,1
-11.268,-0.472,-0.313,1
-10.774,-0.089,-0.129,1
-10.234,0.251,-0.078,1
-9.837,0.491,0.046,1
-9.665,0.612,0.035,1
-9.586,0.616,-0.166,1
-9.512,0.507,-0.295,1
-9.46,0.335,-0.243,1
-9.422,0.19,-0.096,1
-9.377,0.113,-0.006,1
-9.414,0.161,0.146,1
-9.582,0.255,0.241,1
-9.724,0.445,-0.109,1
-9.664,0.662,-0.257,1
-9.494,0.837,0.06,1
-9.41,0.862,0.373,1
-9.447,0.775,0.393,1
-9.566,0.567,0.619,1
-9.854,0.313,0.817,1
-10.249,0.061,0.408,1
-10.444,-0.299,0.21,1
-10.502,-0.588,-0.151,1
-10.628,-0.734,-0.345,1
-10.767,-0.631,-0.318,1
-10.822,-0.342,-0.24,1
-10.692,-0.023,-0.025,1
-10.456,0.151,0.196,1
-10.213,0.043,0.657,1
-10.175,-0.404,1.578,1
-10.625,-1.018,2.031,1
-11.134,-1.537,1.325,1
-11.045,-1.864,0.298,1
-10.469,-1.9,0.022,1
-9.783,-1.693,0.403,1
-9.042,-1.508,0.811,1
-8.252,-1.305,0.894,1
-7.615,-0.998,0.586,1
-7.207,-0.624,0.319,1
-7.082,-0.107,0.002,1
-7.127,0.425,-0.407,1
-7.237,0.785,-0.674,1
-7.555,0.968,-0.846,1
-8.005,0.942,-0.841,1
-8.565,0.705,-0.704,1
-9.204,0.306,-0.437,1
-9.881,-0.191,-0.095,1
-10.513,-0.627,0.054,1
-10.868,-0.985,0.132,1
-10.828,-1.348,0.356,1
-10.615,-1.577,0.539,1
-10.221,-1.515,0.272,1
-9.649,-1.388,0.391,1
-9.148,-1.372,0.919,1
-8.758,-1.263,1.185,1
-8.494,-1.137,1.246,1
-8.517,-1.119,1.172,1
-8.914,-1.245,1.152,1
-9.645,-1.449,1.248,1
-10.479,-1.507,0.765,1
-11.127,-1.316,0.347,1
-11.271,-0.884,0.405,1
-10.899,-0.353,0.664,1
-10.28,0.147,0.643,1
-9.732,0.419,0.773,1
-9.519,0.458,0.897,1
-9.555,0.43,0.705,1
-9.651,0.45,0.421,1
-9.689,0.547,0.186,1
-9.65,0.648,0.129,1
-9.584,0.732,0.007,1
-9.543,0.766,-0.042,1
-9.536,0.716,-0.009,1
-9.525,0.61,-0.054,1
-9.461,0.539,-0.038,1
-9.448,0.528,0.023,1
-9.474,0.542,0.071,1
-9.527,0.551,0.124,1
-9.548,0.496,0.313,1
-9.435,0.34,0.617,1
-9.389,0.103,0.968,1
-9.573,-0.211,1.081,1
-9.841,-0.54,1.063,1
-10.087,-0.839,0.856,1
-10.275,-0.995,0.621,1
-10.278,-0.91,0.633,1
-10.132,-0.665,0.635,1
-10.007,-0.478,0.858,1
-9.967,-0.407,1.23,1
-9.982,-0.527,1.86,1
-10.263,-0.819,2.103,1
-10.914,-1.288,1.971,1
-11.397,-1.666,1.311,1
-11.184,-1.794,0.266,1
-10.395,-1.717,0.082,1
-9.678,-1.526,0.147,1
-9.184,-1.305,0.128,1
-8.822,-1.142,0.034,1
-8.538,-1.039,-0.109,1
-8.513,-1.039,-0.188,1
-8.806,-1.194,-0.261,1
-9.207,-1.432,-0.352,1
-9.537,-1.566,-0.544,1
-9.709,-1.487,-0.708,1
-9.693,-1.264,-0.666,1
-9.611,-1.018,-0.474,1
-9.542,-0.705,-0.344,1
-9.438,-0.398,-0.276,1
-9.215,-0.162,-0.327,1
-8.903,-0.063,-0.338,1
-8.632,-0.108,-0.284,1
-8.55,-0.299,-0.078,1
-8.69,-0.596,0.157,1
-8.902,-0.869,0.121,1
-8.966,-1.074,-0.05,1
-8.777,-1.262,-0.198,1
-8.532,-1.513,0.228,1
-8.601,-1.898,1.36,1
-9.23,-2.154,2.18,1
-10.342,-2.069,2.231,1
-11.376,-1.721,1.809,1
-11.735,-1.235,1.273,1
-11.375,-0.8,1.123,1
-10.759,-0.491,0.877,1
-10.165,-0.399,0.483,1
-9.584,-0.37,0.273,1
-9.191,-0.32,0.36,1
-9.098,-0.313,0.387,1
-9.215,-0.362,0.315,1
-9.585,-0.433,0.137,1
-10.017,-0.502,-0.193,1
-10.375,-0.631,-0.18,1
-10.669,-0.59,-0.122,1
-10.772,-0.339,-0.221,1
-10.646,-0.053,-0.179,1
-10.274,0.193,0.001,1
-9.843,0.318,0.175,1
-9.502,0.288,0.287,1
-9.22,0.13,0.163,1
-9.016,-0.068,-0.001,1
-8.945,-0.229,-0.073,1
-9.025,-0.345,-0.114,1
-9.265,-0.377,-0.114,1
-9.553,-0.298,-0.211,1
-9.703,-0.122,-0.263,1
-9.716,0.114,-0.173,1
-9.655,0.421,0.068,1
-9.572,0.723,0.303,1
-9.559,0.963,0.463,1
-9.587,1.06,0.526,1
-9.645,1.043,0.364,1
-9.655,0.902,0.158,1
-9.557,0.662,0.091,1
-9.466,0.42,0.17,1
-9.453,0.179,0.254,1
-9.544,-0.063,0.389,1
-9.83,-0.258,0.426,1
-10.189,-0.414,0.206,1
-10.443,-0.488,0.111,1
-10.529,-0.453,-0.011,1
-10.472,-0.371,0.034,1
-10.4,-0.251,0.052,1
-10.304,-0.185,0.013,1
-10.252,-0.051,0.198,1
-10.187,0.117,0.335,1
-10.028,0.319,0.539,1
-9.937,0.432,0.756,1
-9.823,0.438,0.994,1
-9.679,0.296,1.284,1
-9.531,0.055,1.519,1
-9.351,-0.335,1.896,1
-9.287,-0.808,2.107,1
-9.402,-1.181,1.588,1
-9.543,-1.486,0.922,1
-9.512,-1.761,0.349,1
-9.275,-1.984,-0.198,1
-8.949,-2.1,-0.449,1
-8.743,-2.024,-0.531,1
-8.77,-1.88,-0.54,1
-9.044,-1.653,-0.558,1
-9.45,-1.367,-0.585,1
-9.773,-1.065,-0.592,1
-10.021,-0.778,-0.54,1
-10.197,-0.51,-0.416,1
-10.273,-0.232,-0.314,1
-10.214,0.03,-0.296,1
-10.066,0.224,-0.453,1
-9.835,0.263,-0.505,1
-9.585,0.128,-0.442,1
-9.409,-0.143,-0.301,1
-9.316,-0.488,-0.109,1
-9.295,-0.862,-0.009,1
-9.306,-1.242,0.206,1
-9.267,-1.603,0.578,1
-9.086,-1.858,0.832,1
-8.899,-1.87,1.062,1
-8.872,-1.754,1.306,1
-8.917,-1.664,1.726,1
-9.047,-1.525,1.805,1
-9.285,-1.46,1.841,0
-9.671,-1.461,1.654,0
-10.022,-1.427,1.194,0
-10.303,-1.235,0.674,0
-10.383,-0.885,0.224,0
-10.246,-0.572,-0.012,0
-9.973,-0.399,0.004,0
-9.693,-0.323,0.329,0
-9.528,-0.232,0.512,0
-9.558,-0.146,0.471,0
-9.898,-0.147,0.327,0
-10.289,-0.167,0.069,0
-10.591,-0.146,-0.115,0
-10.554,-0.025,-0.185,0
-10.138,0.107,-0.062,0
-9.671,0.158,0.281,0
-9.362,0.112,0.534,0
-9.212,0.022,0.488,0
-9.187,-0.082,0.376,0
-9.292,-0.179,0.317,0
-9.491,-0.248,0.238,0
-9.713,-0.228,0.123,0
-9.873,-0.102,0.028,0
-9.927,0.101,0.184,0
-9.884,0.314,0.274,0
-9.781,0.499,0.459,0
-9.692,0.691,0.655,0
-9.737,0.856,0.807,0
-9.854,0.997,0.538,0
-9.804,1.096,0.135,0
-9.534,1.163,0.056,0
-9.202,1.099,0.309,0
-8.928,0.906,0.571,0
-8.81,0.53,1.014,0
-8.99,0.087,1.36,0
-9.5,-0.336,1.205,0
-10.03,-0.701,0.978,0
-10.301,-0.905,0.565,0
-10.332,-1.091,0.202,0
-10.254,-1.193,0.256,0
-10.243,-1.027,0.326,0
-10.306,-0.637,0.494,0
-10.41,-0.177,0.747,0
-10.603,0.143,1.206,0
-11.003,0.196,1.436,0
-11.352,-0.081,1.376,0
-11.407,-0.577,1.257,0
-11.236,-1.131,0.891,0
-10.85,-1.633,0.483,0
-10.169,-1.968,0.458,0
-9.476,-2.027,0.518,0
-8.934,-1.899,0.583,0
-8.577,-1.615,0.668,0
-8.295,-1.288,0.564,0
-8.077,-1.011,0.387,0
-8.005,-0.827,0.211,0
-8.072,-0.684,-0.008,0
-8.196,-0.552,-0.071,0
-8.454,-0.498,-0.089,0
-8.763,-0.482,-0.141,0
-9.14,-0.502,-0.265,0
-9.536,-0.545,-0.378,0
-9.827,-0.664,-0.482,0
-9.973,-0.842,-0.626,0
-9.985,-1.03,-0.734,0
-9.871,-1.243,-0.844,0
-9.664,-1.487,-0.905,0
-9.464,-1.745,-0.849,0
-9.302,-2.008,-0.742,0
-9.155,-2.253,-0.651,0
-9.038,-2.438,-0.446,0
-8.956,-2.514,-0.236,0
-8.882,-2.441,-0.001,0
-8.833,-2.131,0.123,0
-8.81,-1.659,0.007,0
-8.766,-1.116,-0.07,0
-8.605,-0.615,-0.06,0
-8.411,-0.227,0.028,0
-8.353,-0.098,0.583,0
-8.789,-0.249,1.516,0
-9.8,-0.361,1.894,0
-11.035,-0.228,1.436,0
-11.879,0.151,0.653,0
-11.688,0.445,0.225,0
-10.801,0.196,0.397,0
-10.129,-0.39,0.528,0
-9.703,-0.982,0.488,0
-9.426,-1.596,0.423,0
-9.335,-2.243,0.448,0
-9.483,-2.791,0.332,0
-9.777,-3.141,-0.208,0
-10.075,-3.244,-0.646,0
-10.266,-2.921,-0.63,0
-10.365,-2.12,-0.331,0
-10.461,-1.185,-0.024,0
-10.504,-0.35,0.205,0
-10.381,0.37,0.218,0
-10.136,0.869,0.224,0
-9.785,1.167,0.149,0
-9.442,1.299,0.043,0
-9.243,1.197,-0.038,0
-9.193,0.872,-0.09,0
-9.223,0.482,-0.185,0
-9.333,0.16,-0.246,0
-9.503,-0.031,-0.254,0
-9.635,-0.112,-0.326,0
-9.811,-0.132,-0.392,0
-10.024,-0.054,-0.414,0
-10.076,0.095,-0.354,0
-10.01,0.33,-0.118,0
-9.904,0.557,0.172,0
-9.857,0.709,0.535,0
-9.927,0.776,0.665,0
-9.956,0.727,0.522,0
-9.889,0.613,0.409,0
-9.816,0.439,0.466,0
-9.831,0.234,0.437,0
-9.823,0.005,0.543,0
-9.868,-0.192,0.598,0
-9.913,-0.29,0.442,0
-9.849,-0.336,0.367,0
-9.797,-0.292,0.239,0
-9.746,-0.239,0.119,0
-9.689,-0.125,-0.238,0
-9.673,0.038,-0.699,0
-9.59,0.292,-0.656,0
-9.504,0.682,-0.399,0
-9.417,1.024,0.099,0
-9.42,1.043,1.14,0
-9.886,0.627,2.02,0
-10.911,-0.206,2.008,0
-11.803,-1.061,1.149,0
-11.757,-1.501,0.241,0
-10.804,-1.472,0.146,0
-9.7,-1.301,0.25,0
-8.656,-1.255,0.14,0
-7.705,-1.169,-0.221,0
-7.018,-1.025,-0.528,0
-6.776,-0.939,-0.542,0
-7.144,-0.915,-0.585,0
-8.065,-0.969,-0.679,0
-9.247,-0.959,-0.927,0
-10.169,-0.874,-1.31,0
-10.499,-0.67,-1.579,0
-10.177,-0.471,-1.408,0
-9.622,-0.395,-1.034,0
-9.227,-0.386,-0.83,0
-8.852,-0.406,-0.58,0
-8.449,-0.671,-0.166,0
-8.139,-1.15,0.877,0
-8.371,-1.387,1.641,0
-9.367,-1.301,1.556,0
-10.525,-1.134,1.457,0
-11.144,-0.919,1.087,0
-10.915,-0.798,0.759,0
-10.289,-0.957,0.588,0
-9.963,-1.415,0.766,0
-9.885,-1.908,0.775,0
-9.924,-2.249,0.491,0
-10.045,-2.251,0.277,0
-10.166,-2.042,0.141,0
-10.322,-1.707,0.055,0
-10.601,-1.331,-0.058,0
-10.86,-0.947,-0.034,0
-10.991,-0.565,0.097,0
-11.037,-0.171,0.212,0
-11.113,0.355,0.092,0
-10.894,0.853,-0.085,0
-10.489,1.195,-0.079,0
-10.062,1.298,-0.018,0
-9.69,1.175,0.036,0
-9.474,0.865,0.059,0
-9.466,0.411,-0.07,0
-9.493,-0.045,-0.278,0
-9.486,-0.4,-0.446,0
-9.418,-0.606,-0.464,0
-9.27,-0.642,-0.409,0
-9.13,-0.543,-0.249,0
-9.042,-0.396,0.046,0
-9.03,-0.21,0.346,0
-9.075,-0.027,0.478,0
-9.146,0.131,0.54,0
-9.189,0.271,0.545,0
-9.204,0.325,0.529,0
-9.159,0.275,0.642,0
-9.103,0.112,0.805,0
-9.137,-0.043,0.832,0
-9.197,-0.154,0.726,0
-9.274,-0.202,0.602,0
-9.409,-0.211,0.53,0
-9.525,-0.162,0.462,0
-9.589,-0.051,0.396,0
-9.668,0.054,0.444,0
-9.739,0.161,0.507,0
-9.815,0.239,0.387,0
-9.81,0.316,0.144,0
-9.727,0.393,-0.148,0
-9.66,0.453,-0.386,0
-9.615,0.457,-0.379,0
-9.577,0.409,-0.243,0
-9.607,0.371,-0.06,0
-9.765,0.186,0.529,0
-10.178,-0.044,1.016,0
-10.726,-0.158,0.348,0
-10.664,-0.329,-0.316,0
-10.113,-0.53,0.142,0
-10.156,-0.872,1.046,0
-10.766,-1.195,1.279,0
-11.094,-1.256,0.647,0
-10.933,-1.047,-0.02,0
-10.572,-0.659,0.007,0
-10.292,-0.327,0.174,0
-10.123,-0.208,0.221,0
-10.014,-0.257,0.282,0
-9.875,-0.453,0.323,0
-9.707,-0.755,0.358,0
-9.641,-1.041,0.397,0
-9.661,-1.205,0.373,0
-9.596,-1.274,0.353,0
-9.456,-1.317,0.51,0
-9.303,-1.286,0.682,0
-9.261,-1.188,0.801,0
-9.278,-1.068,0.912,0
-9.281,-0.877,0.79,0
-9.15,-0.607,0.546,0
-8.968,-0.357,0.266,0
-8.896,-0.244,0.267,0
-9.065,-0.237,0.258,0
-9.234,-0.247,-0.13,0
-9.195,-0.375,-0.366,0
-9.074,-0.692,-0.324,0
-8.966,-1.128,-0.192,0
-8.89,-1.566,-0.092,0
-8.843,-1.922,-0.13,0
-8.747,-2.153,-0.151,0
-8.654,-2.341,0.075,0
-8.581,-2.399,0.064,0
-8.61,-2.464,0.236,0
-8.787,-2.517,0.805,0
-9.454,-2.55,1.384,0
-10.672,-2.4,1.495,0
-11.809,-1.663,0.912,0
-12.296,-0.305,0.285,0
-11.94,1.02,-0.016,0
-10.921,1.732,0.063,0
-9.794,1.968,0.277,0
-8.902,1.892,0.455,0
-8.38,1.429,0.575,0
-8.268,0.652,0.433,0
-8.581,-0.159,0.098,0
-9.105,-0.919,-0.163,0
-9.661,-1.58,-0.383,0
-10.092,-2.119,-0.57,0
-10.169,-2.446,-0.554,0
-9.983,-2.438,-0.36,0
-9.69,-2.113,-0.157,0
-9.541,-1.609,0.086,0
-9.555,-1.029,0.298,0
-9.641,-0.457,0.449,0
-9.773,0.029,0.489,0
-9.845,0.428,0.448,0
-9.817,0.727,0.422,0
-9.671,0.918,0.402,0
-9.493,0.955,0.528,0
-9.338,0.883,0.614,0
-9.211,0.683,0.603,0
-9.155,0.392,0.66,0
-9.202,0.109,0.656,0
-9.356,-0.151,0.59,0
-9.568,-0.381,0.463,0
-9.768,-0.538,0.361,0
-9.894,-0.675,0.267,0
-9.926,-0.726,0.232,0
-9.928,-0.686,0.255,0
-9.93,-0.591,0.286,0
-9.906,-0.448,0.275,0
-9.851,-0.309,0.293,0
-9.803,-0.195,0.275,0
-9.764,-0.117,0.281,0
-9.765,-0.068,0.25,0
-9.771,-0.059,0.202,0
-9.773,-0.072,0.18,0
-9.736,-0.117,0.178,0
-9.723,-0.167,0.211,0
-9.733,-0.228,0.177,0
-9.718,-0.284,0.146,0
-9.706,-0.325,0.137,0
-9.683,-0.366,0.124,0
-9.673,-0.382,0.126,0
-9.671,-0.37,0.122,0
-9.693,-0.363,0.087,0
-9.723,-0.334,0.058,0
-9.752,-0.324,0.056,0
-9.765,-0.335,0.031,0
-9.763,-0.344,0.003,0
-9.742,-0.351,0.001,0
-9.706,-0.336,-0.023,0
-9.677,-0.334,-0.028,0
-9.656,-0.348,-0.008,0
-9.622,-0.367,-0.012,0
-9.597,-0.385,-0.019,0
-9.601,-0.396,-0.025,0
-9.621,-0.398,-0.021,0
-9.655,-0.395,-0.01,0
-9.676,-0.37,0.002,0
-9.677,-0.332,0.001,0
-9.663,-0.301,0.004,0
-9.66,-0.285,-0.023,0
-9.66,-0.263,-0.037,0
-9.661,-0.251,-0.001,0
-9.644,-0.245,0.006,0
-9.645,-0.243,0.019,0
-9.656,-0.224,0.008,0
-9.701,-0.201,-0.021,0
-9.754,-0.173,-0.055,0
-9.775,-0.137,-0.08,0
-9.788,-0.096,-0.064,0
-9.82,-0.071,-0.034,0
-9.863,-0.064,-0.03,0
-9.875,-0.066,-0.03,0
-9.896,-0.084,-0.022,0
-9.871,-0.124,-0.005,0
-9.832,-0.17,-0.014,0
-9.798,-0.199,-0.034,0
-9.787,-0.222,-0.035,0
-9.78,-0.222,-0.044,0
-9.739,-0.223,-0.043,0
-9.696,-0.226,-0.016,0
-9.644,-0.231,0.008,0
-9.643,-0.22,0.019,0
-9.67,-0.19,-0.01,0
-9.711,-0.149,-0.039,0
-9.739,-0.108,-0.071,0
-9.742,-0.077,-0.125,0
-9.744,-0.025,-0.145,0
-9.752,-0.016,-0.148,0
-9.755,-0.029,-0.165,0
-9.751,-0.043,-0.19,0
-9.737,-0.068,-0.193,0
-9.725,-0.102,-0.156,0
-9.697,-0.183,-0.111,0
-9.666,-0.258,-0.129,0
-9.627,-0.303,-0.172,0
-9.595,-0.322,-0.197,0
-9.567,-0.289,-0.202,0
-9.561,-0.239,-0.161,0
-9.529,-0.139,-0.1,0
-9.503,-0.031,-0.096,0
-9.46,0.074,-0.094,0
-9.466,0.162,-0.006,0
-9.463,0.218,-0.015,0
-9.472,0.238,0.051,0
-9.49,0.245,0.157,0
-9.435,0.231,0.234,0
-9.361,0.2,0.229,0
-9.291,0.156,0.231,0
-9.231,0.099,0.295,0
-9.164,0.021,0.365,0
-9.084,-0.045,0.453,0
-8.994,-0.119,0.506,0
-8.929,-0.194,0.52,0
-8.943,-0.27,0.538,0
-9.019,-0.321,0.557,0
-9.148,-0.391,0.6,0
-9.319,-0.464,0.652,0
-9.57,-0.537,0.686,0
-10.047,-0.617,0.671,0
-10.608,-0.601,0.651,0
-10.952,-0.429,0.468,0
-10.973,-0.199,0.309,0
-10.776,-0.04,0.284,0
-10.365,-0.006,0.171,0
-9.914,-0.006,-0.091,0
-9.664,-0.132,-0.233,0
-9.545,-0.359,-0.349,0
-9.591,-0.571,-0.477,0
-9.77,-0.804,-0.653,0
-9.987,-1.05,-0.777,0
-10.23,-1.33,-0.721,0
-10.436,-1.542,-0.617,0
-10.539,-1.635,-0.545,0
-10.482,-1.647,-0.428,0
-10.435,-1.54,-0.2,0
-10.36,-1.4,-0.053,0
-10.231,-1.225,0.003,0
-10.146,-1.001,0.01,0
-9.916,-0.832,-0.006,0
-9.643,-0.726,0.045,0
-9.392,-0.661,0.135,0
-9.17,-0.628,0.211,0
-9.081,-0.612,0.189,0
-9.052,-0.617,0.151,0
-9.098,-0.634,0.106,0
-9.128,-0.651,0.117,0
-9.191,-0.675,0.151,0
-9.238,-0.692,0.144,0
-9.275,-0.734,0.063,0
-9.236,-0.82,0.009,0
-9.176,-0.92,-0.05,0
-9.221,-1.048,-0.113,0
-9.281,-1.114,-0.262,0
-9.256,-1.117,-0.525,0
-9.186,-1.079,-0.68,0
-9.137,-1.051,-0.707,0
-9.125,-1.026,-0.743,0
-9.128,-1.019,-0.77,0
-9.146,-1.035,-0.741,0
-9.112,-1.058,-0.684,0
-9.041,-1.09,-0.696,0
-8.95,-1.168,-0.687,0
-8.946,-1.292,-0.578,0
-8.959,-1.461,-0.469,0
-8.951,-1.663,-0.381,0
-8.965,-1.884,-0.24,0
-9.139,-2.185,0.195,0
-9.56,-2.376,0.508,0
-9.858,-2.329,0.406,0
-10.37,-2.258,1.113,0
-11.701,-2.12,1.879,0
-12.762,-1.545,1.451,0
-13.013,-0.535,0.709,0
-12.914,0.438,0.421,0
-12.334,0.941,0.194,0
-11.499,0.783,0.284,0
-10.872,0.463,0.706,0
-10.375,0.258,1.079,0
-10.189,0.076,1.183,0
-10.356,-0.187,1.007,0
-10.544,-0.42,0.671,0
-10.552,-0.464,0.33,0
-10.337,-0.191,0.327,0
-9.913,0.337,0.437,0
-9.462,0.804,0.725,0
-9.207,1.119,0.865,0
-9.074,1.254,0.98,0
-9.05,1.218,1.053,0
-9.043,1.002,0.878,0
-9.047,0.667,0.759,0
-9.027,0.32,0.572,0
-8.891,-0.012,0.339,0
-8.66,-0.272,0.141,0
-8.526,-0.461,0.293,0
-8.571,-0.578,0.53,0
-8.877,-0.593,0.67,0
-9.272,-0.542,0.675,0
-9.437,-0.397,0.482,0
-9.339,-0.185,0.464,0
-9.152,0.061,0.568,0
-9.046,0.221,0.674,0
-9.031,0.304,0.764,0
-9.091,0.343,0.773,0
-9.173,0.302,0.599,0
-9.203,0.233,0.41,0
-9.171,0.166,0.132,0
-9.155,0.035,-0.054,0
-9.099,-0.092,-0.151,0
-9.054,-0.193,-0.254,0
-9.024,-0.23,-0.272,0
-9.018,-0.223,-0.243,0
-9.098,-0.132,-0.216,0
-9.22,0.0,-0.142,0
-9.328,0.18,-0.107,0
-9.44,0.364,-0.071,0
-9.501,0.526,-0.042,0
-9.452,0.672,-0.022,0
-9.427,0.788,-0.02,0
-9.332,0.917,-0.018,0
-9.201,1.048,-0.109,0
-9.007,1.13,-0.211,0
-8.81,1.138,-0.243,0
-8.747,1.119,-0.299,0
-8.748,1.084,-0.482,0
-8.765,1.026,-0.594,0
-8.796,0.925,-0.597,0
-8.854,0.82,-0.585,0
-8.917,0.693,-0.548,0
-9.071,0.506,-0.438,0
-9.277,0.3,-0.361,0
-9.475,0.164,-0.331,0
-9.67,0.136,-0.5,0
-9.783,0.228,-0.611,0
-9.812,0.386,-0.629,0
-9.816,0.496,-0.706,0
-9.816,0.51,-0.713,0
-9.835,0.397,-0.431,0
-10.02,0.306,-0.337,0
-10.295,0.209,-0.48,0
-10.581,0.086,-0.421,0
-11.1,-0.084,0.013,0
-11.891,-0.389,0.9,0
-12.848,-0.752,1.4,0
-13.564,-0.798,0.391,0
-13.581,-0.578,-0.68,0
-13.1,-0.332,-0.464,0
-12.684,-0.114,0.039,0
-12.386,-0.147,0.355,0
-11.851,-0.322,0.177,0
-11.002,-0.364,-0.212,0
-10.201,-0.276,-0.403,0
-9.675,-0.134,-0.547,0
-9.296,-0.158,-0.299,0
-9.091,-0.297,0.34,0
-9.133,-0.508,0.964,0
-9.251,-0.702,1.11,0
-9.252,-0.921,1.219,0
-9.355,-1.205,1.461,0
-9.533,-1.451,1.484,0
-9.59,-1.587,1.299,0
-9.558,-1.586,1.245,0
-9.565,-1.466,1.113,0
-9.662,-1.28,0.919,0
-9.738,-1.121,0.947,0
-9.739,-1.023,1.082,0
-9.664,-0.905,1.201,0
-9.613,-0.825,1.262,0
-9.792,-0.788,1.38,0
-10.134,-0.722,1.323,0
-10.371,-0.563,1.172,0
-10.435,-0.368,1.082,0
-10.351,-0.198,1.122,0
-10.101,-0.108,1.189,0
-9.819,-0.187,1.197,0
-9.556,-0.351,1.192,0
-9.343,-0.543,1.198,0
-9.198,-0.714,1.199,0
-9.14,-0.794,1.109,0
-9.102,-0.754,0.964,0
-8.973,-0.666,0.893,0
-8.755,-0.526,0.861,0
-8.513,-0.408,0.834,0
-8.374,-0.307,0.816,0
-8.368,-0.271,0.766,0
-8.438,-0.29,0.703,0
-8.538,-0.374,0.529,0
-8.612,-0.552,0.403,0
-8.675,-0.821,0.329,0
-8.723,-1.072,0.223,0
-8.736,-1.326,0.029,0
-8.764,-1.534,-0.176,0
-8.77,-1.628,-0.314,0
-8.751,-1.637,-0.445,0
-8.783,-1.583,-0.562,0
-8.819,-1.494,-0.696,0
-8.888,-1.374,-0.827,0
-8.967,-1.224,-0.899,0
-8.992,-1.059,-1.014,0
-8.943,-0.869,-1.091,0
-8.811,-0.716,-1.132,0
-8.67,-0.628,-1.103,0
-8.58,-0.551,-1.03,0
-8.548,-0.532,-1.006,0
-8.543,-0.543,-0.993,0
-8.52,-0.566,-1.013,0
-8.465,-0.614,-0.977,0
-8.419,-0.668,-1.008,0
-8.407,-0.727,-1.024,0
-8.49,-0.75,-1.042,0
-8.646,-0.728,-1.126,0
-8.775,-0.698,-1.288,0
-8.802,-0.662,-1.39,0
-8.772,-0.584,-1.399,0
-8.815,-0.531,-1.399,0
-8.93,-0.421,-1.424,0
-9.009,-0.301,-1.431,0
-8.991,-0.171,-1.555,0
-8.969,-0.07,-1.727,0
-8.95,-0.027,-1.91,0
-8.889,-0.032,-2.113,0
-8.858,-0.075,-2.334,0
-8.829,-0.192,-2.573,0
-8.775,-0.355,-2.77,0
-8.695,-0.536,-2.93,0
-8.69,-0.831,-3.086,0
-9.028,-1.406,-2.405,0
-10.074,-1.971,-0.702,0
-11.815,-2.354,1.121,0
-14.059,-2.568,2.638,0
-16.263,-1.701,3.379,0
-17.897,1.014,2.216,0
-18.329,4.291,-0.54,0
-15.222,4.877,-2.374,0
-11.191,3.387,-1.241,0
-9.395,1.777,0.119,0
-9.159,0.356,0.899,0
-9.929,-0.669,1.66,0
-11.522,-1.071,2.126,0
-13.357,-1.262,2.896,0
-15.219,-0.905,4.008,0
-16.379,0.501,2.745,0
-15.758,2.004,0.983,0
-14.087,2.678,1.178,0
-12.35,2.885,1.974,0
-10.824,2.7,2.433,0
-9.579,2.144,2.621,0
-8.867,1.516,2.614,0
-8.814,1.05,2.468,0
-9.183,0.714,2.46,0
-9.671,0.41,2.178,0
-9.859,0.146,1.846,0
-10.158,-0.016,1.874,0
-10.009,-0.02,1.14,0
-9.704,0.098,0.501,0
-9.517,0.085,0.984,0
-9.131,0.195,1.453,0
-8.831,0.264,1.644,0
-8.625,0.308,1.834,0
-8.502,0.407,1.988,0
-8.54,0.547,1.766,0
-8.467,0.76,1.447,0
-8.381,0.853,1.433,0
-8.262,0.833,1.623,0
-8.164,0.759,1.838,0
-8.156,0.649,1.949,0
-8.314,0.617,1.86,0
-8.485,0.62,1.728,0
-8.551,0.646,1.709,0
-8.59,0.696,1.759,0
-8.557,0.757,1.732,0
-8.54,0.794,1.734,0
-8.587,0.836,1.75,0
-8.618,0.929,1.771,0
-8.624,1.097,1.847,0
-8.704,1.289,1.844,0
-8.893,1.47,1.899,0
-9.053,1.68,1.898,0
-9.085,1.889,1.991,0
-9.085,2.069,2.138,0
-9.101,2.157,2.205,0
-9.163,2.138,2.176,0
-9.306,1.987,2.235,0
-9.472,1.81,2.303,0
-9.45,1.688,2.072,0
-9.278,1.564,2.046,0
-9.114,1.417,2.364,0
-9.014,1.352,2.522,0
-8.932,1.475,2.569,0
-8.925,1.697,2.788,0
-9.006,1.991,2.715,0
-8.942,2.345,2.166,0
-8.734,2.612,1.784,0
-8.445,2.765,1.61,0
-8.159,2.751,1.689,0
-8.135,2.519,2.003,0
-8.604,2.088,2.105,0
-9.485,1.513,1.984,0
-10.477,0.851,1.555,0
-11.448,0.123,0.842,0
-12.334,-0.724,0.936,0
-13.266,-1.528,1.771,0
-14.007,-1.995,1.574,0
-13.908,-2.308,0.529,0
-12.867,-2.439,0.478,0
-11.561,-2.345,1.435,0
-10.566,-2.265,1.974,0
-9.824,-2.311,1.989,0
-9.28,-2.326,1.984,0
-8.838,-2.203,2.036,0
-8.571,-1.866,2.053,0
-8.425,-1.427,2.073,0
-8.334,-1.001,2.143,0
-8.267,-0.611,2.137,0
-8.213,-0.282,2.06,0
-8.26,-0.052,2.128,0
-8.386,0.094,2.209,0
-8.548,0.164,2.177,0
-8.736,0.145,2.081,0
-8.877,0.087,1.964,0
-8.956,-0.035,1.835,0
-8.963,-0.181,1.706,0
-8.951,-0.379,1.695,0
-8.951,-0.517,1.741,0
-9.013,-0.686,1.836,0
-9.132,-0.815,1.951,0
-9.213,-0.884,1.996,0
-9.34,-0.875,2.048,0
-9.376,-0.812,2.072,0
-9.355,-0.681,2.149,0
-9.34,-0.491,2.224,0
-9.342,-0.346,2.229,0
-9.382,-0.224,2.169,0
-9.469,-0.169,2.034,0
-9.492,-0.292,1.819,0
-9.467,-0.567,1.835,0
-9.434,-0.954,1.958,0
-9.449,-1.388,1.85,0
-9.524,-1.764,1.669,0
-9.54,-2.002,1.53,0
-9.492,-2.03,1.447,0
-9.326,-1.808,1.568,0
-9.185,-1.493,1.785,0
-9.159,-1.064,2.035,0
-9.257,-0.584,2.138,0
-9.432,-0.199,2.077,0
-9.617,0.128,1.982,0
-9.783,0.327,1.95,0
-9.865,0.357,1.805,0
-9.913,0.225,1.727,0
-9.953,-0.041,1.598,0
-9.914,-0.352,1.512,0
-9.839,-0.621,1.416,0
-9.724,-0.814,1.344,0
-9.619,-0.863,1.26,0
-9.599,-0.874,1.235,0
-9.573,-0.819,1.396,0
-9.531,-0.651,1.49,0
-9.561,-0.45,1.537,0
-9.598,-0.254,1.682,0
-9.603,-0.043,1.788,0
-9.676,0.066,2.02,0
-9.792,0.124,2.558,0
-9.793,0.323,3.179,0
-9.764,0.732,3.316,0
-9.64,1.324,3.141,0
-9.354,1.929,2.657,0
-9.087,2.271,2.16,0
-8.705,2.369,2.112,0
-8.303,2.018,2.132,0
-8.105,1.363,1.998,0
-8.141,0.568,1.809,0
-8.286,-0.341,1.622,0
-8.399,-1.441,1.604,0
-8.498,-2.568,1.679,0
-8.635,-3.171,1.56,0
-8.703,-3.25,1.407,0
-8.949,-3.159,1.472,0
-9.273,-2.855,1.748,0
-9.574,-2.144,2.063,0
-9.929,-1.165,2.29,0
-10.393,-0.156,2.398,0
-10.734,0.672,2.413,0
-10.801,1.294,2.406,0
-10.635,1.687,2.466,0
-10.302,1.837,2.536,0
-9.99,1.802,2.554,0
-9.731,1.659,2.484,0
-9.652,1.498,2.486,0
-9.765,1.311,2.399,0
-9.903,1.142,2.091,0
-9.913,0.95,1.794,0
-9.829,0.688,1.571,0
-9.714,0.421,1.424,0
-9.64,0.165,1.442,0
-9.607,-0.02,1.452,0
-9.588,-0.15,1.402,0
-9.585,-0.263,1.353,0
-9.613,-0.384,1.289,0
-9.614,-0.518,1.268,0
-9.642,-0.653,1.213,0
-9.65,-0.729,1.127,0
-9.645,-0.772,1.118,0
-9.619,-0.793,1.175,0
-9.598,-0.726,1.172,0
-9.611,-0.624,1.211,0
-9.631,-0.514,1.229,0
-9.637,-0.41,1.251,0
-9.659,-0.354,1.294,0
-9.717,-0.335,1.287,0
-9.751,-0.337,1.341,0
-9.745,-0.326,1.422,0
-9.756,-0.346,1.522,0
-9.808,-0.358,1.54,0
-9.853,-0.31,1.515,0
-9.868,-0.247,1.522,0
-9.84,-0.173,1.49,0
-9.779,-0.109,1.495,0
-9.713,-0.054,1.438,0
-9.616,-0.053,1.395,0
-9.554,-0.171,1.343,0
-9.511,-0.323,1.282,0
-9.53,-0.455,1.226,0
-9.521,-0.637,1.17,0
-9.495,-0.736,1.111,0
-9.477,-0.858,1.12,0
-9.423,-0.96,1.148,0
-9.374,-1.053,1.132,0
-9.394,-1.091,1.138,0
-9.491,-1.096,1.172,0
-9.597,-1.088,1.254,0
-9.675,-0.997,1.319,0
-9.764,-0.851,1.301,0
-9.834,-0.684,1.328,0
-9.816,-0.502,1.31,0
-9.735,-0.332,1.297,0
-9.589,-0.189,1.366,0
-9.501,-0.057,1.395,0
-9.486,-0.017,1.404,0
-9.466,-0.038,1.496,0
-9.522,-0.016,1.434,0
-9.601,-0.004,1.332,0
-9.702,-0.047,1.253,0
-9.763,-0.165,1.199,0
-9.794,-0.338,1.19,0
-9.78,-0.523,1.213,0
-9.73,-0.685,1.084,0
-9.637,-0.824,0.992,0
-9.599,-0.946,0.999,0
-9.579,-1.052,0.954,0
-9.579,-1.157,0.97,0
-9.607,-1.211,1.021,0
-9.707,-1.236,1.033,0
-9.8,-1.201,1.006,0
-9.803,-1.118,1.011,0
-9.735,-0.991,1.008,0
-9.645,-0.866,0.942,0
-9.527,-0.753,0.859,0
-9.402,-0.692,0.784,0
-9.285,-0.69,0.773,0
-9.233,-0.706,0.718,0
-9.185,-0.797,0.632,0
-9.091,-0.841,0.632,0
-9.0,-0.872,0.616,0
-8.952,-0.974,0.637,0
-8.984,-1.061,0.666,0
-9.05,-1.083,0.74,0
-9.131,-1.088,0.81,0
-9.343,-1.06,0.914,0
-9.549,-1.023,0.917,0
-9.618,-0.966,0.899,0
-9.689,-0.861,0.858,0
-9.715,-0.764,0.766,0
-9.69,-0.652,0.786,0
-9.674,-0.538,0.831,0
-9.725,-0.449,0.892,0
-9.833,-0.303,0.891,0
-9.986,-0.188,0.804,0
-10.143,-0.132,0.878,0
-10.364,-0.14,0.989,0
-10.454,-0.125,0.941,0
-10.358,-0.043,0.751,0
-10.264,-0.02,0.663,0
-10.18,-0.086,0.794,0
-10.094,-0.184,0.826,0
-10.069,-0.331,0.818,0
-10.004,-0.487,0.876,0
-9.869,-0.586,0.831,0
-9.818,-0.679,0.698,0
-9.808,-0.717,0.687,0
-9.711,-0.762,0.723,0
-9.486,-0.705,0.738,0
-9.305,-0.631,0.736,0
-9.244,-0.603,0.79,0
-9.233,-0.599,0.758,0
-9.177,-0.595,0.625,0
-9.196,-0.646,0.56,0
-9.287,-0.717,0.515,0
-9.333,-0.79,0.483,0
-9.398,-0.902,0.508,0
-9.457,-1.006,0.564,0
-9.4,-1.088,0.545,0
-9.308,-1.094,0.427,0
-9.293,-1.085,0.257,0
-9.338,-1.057,0.154,0
-9.323,-0.909,0.117,0
-9.401,-0.881,0.023,0
-9.429,-0.842,-0.007,0
-9.496,-0.769,-0.163,0
-9.525,-0.766,-0.321,0
-9.571,-0.871,-0.391,0
-9.649,-1.022,-0.447,0
-9.737,-1.313,-0.485,0
-9.818,-1.561,-0.448,0
-9.875,-1.79,-0.36,0
-9.979,-2.088,-0.235,0
-10.021,-2.303,-0.226,0
-10.053,-2.412,-0.242,0
-10.052,-2.345,-0.324,0
-9.889,-2.181,-0.264,0
-9.694,-1.982,-0.093,0
-9.611,-1.725,0.089,0
-9.563,-1.443,0.217,0
-9.489,-1.194,0.328,0
-9.398,-0.978,0.323,0
-9.288,-0.795,0.284,0
-9.164,-0.664,0.289,0
-9.107,-0.56,0.209,0
-9.103,-0.517,0.069,0
-9.157,-0.529,-0.019,0
-9.235,-0.564,-0.046,0
-9.366,-0.645,-0.12,0
-9.491,-0.744,-0.219,0
-9.541,-0.88,-0.255,0
-9.565,-1.064,-0.239,0
-9.568,-1.282,-0.28,0
-9.606,-1.482,-0.361,0
-9.627,-1.67,-0.428,0
-9.586,-1.837,-0.403,0
-9.48,-1.983,-0.338,0
-9.327,-2.087,-0.36,0
-9.196,-2.152,-0.39,0
-9.146,-2.139,-0.457,0
-9.143,-2.067,-0.48,0
-9.17,-1.939,-0.469,0
-9.203,-1.808,-0.464,0
-9.238,-1.672,-0.411,0
-9.257,-1.546,-0.454,0
-9.284,-1.492,-0.479,0
-9.29,-1.51,-0.427,0
-9.247,-1.537,-0.39,0
-9.149,-1.57,-0.501,0
-9.061,-1.648,-0.636,0
-8.966,-1.802,-0.677,0
-8.786,-1.985,-0.781,0
-8.568,-2.175,-0.887,0
-8.459,-2.415,-0.812,0
-8.56,-2.72,-0.478,0
-8.891,-2.964,-0.348,0
-9.318,-3.11,-0.346,0
-9.901,-3.349,0.183,0
-10.7,-3.6,1.117,0
-11.607,-3.698,1.829,0
-12.349,-3.396,1.691,0
-12.741,-2.565,0.521,0
-12.739,-1.735,-0.061,0
-12.041,-1.494,0.093,0
-11.408,-1.626,0.252,0
-11.041,-1.889,0.451,0
-10.901,-1.995,0.811,0
-11.09,-1.904,0.854,0
-11.48,-1.637,0.754,0
-11.786,-1.249,0.662,0
-11.907,-0.91,0.812,0
-11.553,-0.489,1.02,0
-10.885,0.015,1.151,0
-10.246,0.458,1.293,0
-9.763,0.743,1.509,0
-9.41,0.818,1.644,0
-9.046,0.76,1.495,0
-8.569,0.683,1.253,0
-8.176,0.616,1.004,0
-7.916,0.5,0.991,0
-7.864,0.328,1.0,0
-7.996,0.216,0.789,0
-8.321,0.219,0.61,0
-8.73,0.37,0.43,0
-9.134,0.497,0.741,0
-9.566,0.544,1.105,0
-9.963,0.571,0.656,0
-10.144,0.559,0.291,0
-10.031,0.51,0.218,0
-9.704,0.343,0.279,0
-9.375,0.092,0.453,0
-9.16,-0.208,0.453,0
-9.016,-0.501,0.379,0
-8.943,-0.736,0.396,0
-8.879,-0.863,0.487,0
-8.782,-0.909,0.381,0
-8.751,-0.822,0.221,0
-8.711,-0.69,0.2,0
-8.694,-0.553,0.297,0
-8.661,-0.414,0.279,0
-8.656,-0.299,0.198,0
-8.7,-0.231,0.161,0
-8.721,-0.188,0.204,0
-8.692,-0.13,0.254,0
-8.637,-0.077,0.274,0
-8.607,-0.006,0.459,0
-8.658,0.078,0.559,0
-8.696,0.207,0.56,0
-8.759,0.35,0.522,0
-8.85,0.574,0.314,0
-8.792,0.746,0.142,0
-8.728,0.927,0.187,0
-8.689,1.154,0.187,0
-8.607,1.294,0.196,0
-8.551,1.408,0.256,0
-8.519,1.378,0.5,0
-8.792,1.297,0.817,0
-9.306,1.317,0.217,0
-9.623,1.216,0.058,0
-9.911,1.093,0.362,0
-10.341,0.92,0.11,0
-10.672,0.595,-0.093,0
-10.943,0.278,-0.005,0
-11.212,-0.067,0.486,0
-11.537,-0.485,1.209,0
-12.166,-0.957,2.209,0
-12.635,-0.919,0.889,0
-12.858,-1.015,0.03,0
-13.266,-0.658,0.058,0
-13.684,-0.255,-0.73,0
-13.84,-0.254,-0.967,0
-13.59,-0.518,-0.217,0
-13.224,-0.853,0.698,0
-12.951,-1.058,1.357,0
-12.707,-1.09,1.847,0
-12.342,-1.109,2.019,0
-11.86,-1.061,1.982,0
-11.343,-0.968,1.742,0
-10.917,-0.93,1.545,0
-10.597,-0.935,1.827,0
-10.219,-0.858,2.033,0
-9.747,-0.627,1.788,0
-9.177,-0.344,1.404,0
-8.662,-0.109,1.25,0
-8.246,0.113,1.166,0
-7.955,0.248,1.03,0
-7.907,0.225,1.274,0
-8.111,0.109,1.514,0
-8.218,0.032,1.299,0
-8.089,-0.082,1.073,0
-7.829,-0.293,1.071,0
-7.648,-0.607,1.141,0
-7.659,-0.899,1.345,0
-7.895,-1.001,1.544,0
-8.05,-1.014,1.397,0
-8.144,-0.911,1.133,0
-8.186,-0.769,0.889,0
-8.132,-0.634,0.584,0
-7.986,-0.457,0.262,0
-7.799,-0.298,0.086,0
-7.69,-0.259,0.208,0
-7.655,-0.289,0.355,0
-7.723,-0.279,0.332,0
-7.867,-0.256,0.091,0
-8.075,-0.248,-0.14,0
-8.286,-0.334,-0.212,0
-8.467,-0.515,-0.308,0
-8.601,-0.731,-0.525,0
-8.802,-0.995,-0.651,0
-9.007,-1.278,-0.693,0
-9.168,-1.576,-0.654,0
-9.124,-1.831,-0.797,0
-8.831,-2.016,-1.129,0
-8.579,-2.132,-1.451,0
-8.419,-2.138,-1.754,0
-8.314,-2.007,-1.798,0
-8.308,-1.729,-1.827,0
-8.397,-1.331,-1.775,0
-8.595,-0.908,-1.579,0
-8.819,-0.468,-1.344,0
-9.072,-0.039,-1.068,0
-9.535,0.278,-0.408,0
-10.104,0.59,-0.096,0
-10.676,0.945,0.451,0
-11.325,1.134,1.742,0
-12.273,1.261,3.297,0
-13.141,1.716,3.438,0
-13.554,2.157,2.951,0
-13.672,2.042,2.436,0
-12.883,1.604,0.546,0
-11.338,1.235,-1.178,0
-10.444,0.469,-1.349,0
-10.785,-0.892,-0.121,0
-12.344,-1.891,1.352,0
-13.271,-2.244,1.003,0
-13.395,-2.388,0.612,0
-13.736,-2.398,0.698,0
-13.744,-1.893,1.158,0
-13.13,-1.139,1.525,0
-12.695,-0.352,1.681,0
-12.304,0.461,1.15,0
-11.639,1.033,0.781,0
-11.065,1.16,1.11,0
-10.668,1.075,1.385,0
-10.386,1.079,1.245,0
-10.079,1.084,0.904,0
-9.822,1.1,0.565,0
-9.502,1.054,0.494,0
-9.137,0.952,0.612,0
-8.71,0.778,0.829,0
-8.34,0.598,1.131,0
-8.166,0.447,1.271,0
-8.141,0.262,1.285,0
-8.114,0.138,1.145,0
-7.958,0.089,0.871,0
-7.644,0.005,0.592,0
-7.27,-0.147,0.487,0
-6.971,-0.226,0.429,0
-6.906,-0.175,0.395,0
-7.088,-0.037,0.219,0
-7.302,0.104,0.174,0
-7.523,0.319,0.14,0
-7.714,0.562,0.024,0
-7.902,0.775,-0.138,0
-8.056,0.946,-0.26,0
-8.248,1.147,-0.328,0
-8.434,1.296,-0.414,0
-8.583,1.479,-0.453,0
-8.694,1.629,-0.541,0
-8.726,1.735,-0.754,0
-8.641,1.734,-0.853,0
-8.555,1.69,-0.729,0
-8.472,1.695,-0.623,0
-8.361,1.568,-0.523,0
-8.266,1.393,-0.437,0
-8.233,1.106,0.001,0
-8.423,0.733,0.347,0
-8.684,0.391,0.51,0
-8.921,0.138,1.08,0
-9.303,0.058,1.749,0
-9.857,0.099,1.453,0
-10.276,-0.084,0.393,0
-10.28,-0.494,-1.059,0
-9.795,-1.045,-1.997,0
-9.18,-1.419,-2.243,0
-8.924,-1.466,-2.265,0
-9.015,-1.136,-2.381,0
-9.146,-0.483,-1.543,0
-9.964,0.117,0.753,0
-12.072,0.722,1.481,0
-13.671,1.106,0.617,0
-14.83,1.163,0.534,0
-16.126,0.615,1.656,0
-16.489,-0.459,1.969,0
-15.051,-1.53,1.233,0
-13.744,-2.348,1.881,0
-13.236,-2.65,1.054,0
-11.87,-2.77,0.346,0
-10.446,-2.42,0.402,0
-10.185,-2.078,0.546,0
-10.528,-1.814,0.532,0
-11.076,-1.643,0.211,0
-11.402,-1.584,0.467,0
-11.687,-1.292,0.842,0
-11.618,-0.917,0.851,0
-11.04,-0.683,0.281,0
-10.183,-0.718,0.33,0
-9.444,-0.984,0.869,0
-9.454,-1.32,1.708,0
-9.889,-1.387,1.52,0
-9.834,-1.023,0.745,0
-9.385,-0.708,0.589,0
-8.905,-0.692,0.697,0
-8.346,-0.777,0.654,0
-7.81,-0.822,0.658,0
-7.425,-0.754,0.886,0
-7.222,-0.589,1.168,0
-7.218,-0.387,1.4,0
-7.385,-0.144,1.296,0
-7.479,0.245,0.894,0
-7.315,0.688,0.358,0
-6.995,0.958,0.077,0
-6.738,0.998,0.181,0
-6.644,0.918,0.344,0
-6.708,0.773,0.344,0
-6.94,0.527,0.091,0
-7.289,0.221,-0.132,0
-7.748,-0.077,-0.277,0
-8.237,-0.346,-0.471,0
-8.657,-0.57,-0.757,0
-8.923,-0.739,-1.01,0
-9.04,-0.845,-1.163,0
-8.986,-0.98,-1.24,0
-8.844,-1.131,-1.034,0
-8.629,-1.225,-0.87,0
-8.396,-1.191,-0.767,0
-8.267,-1.114,-0.662,0
-8.251,-1.004,-0.775,0
-8.268,-0.914,-1.046,0
-8.224,-0.854,-1.17,0
-8.229,-0.822,-1.078,0
-8.305,-0.695,-0.922,0
-8.479,-0.481,-0.71,0
-8.745,-0.155,-0.574,0
-9.006,0.164,-0.702,0
-9.294,0.313,-1.063,0
-9.546,0.259,-1.311,0
-9.809,0.11,-1.261,0
-10.247,-0.139,-1.03,0
-10.919,-0.448,-0.603,0
-11.998,-0.929,0.517,0
-13.933,-1.59,2.664,0
-15.86,-1.798,3.167,0
-16.667,-0.514,1.266,0
-15.931,0.935,-0.479,0
-13.141,0.866,-0.98,0
-11.321,0.408,-0.755,0
-10.629,-0.089,-0.68,0
-10.293,-0.229,-0.675,0
-10.348,0.055,-0.884,0
-10.76,0.026,-0.547,0
-11.442,-0.486,0.493,0
-11.886,-0.938,1.009,0
-11.613,-1.167,1.005,0
-11.238,-1.241,0.898,0
-11.147,-1.026,0.864,0
-11.17,-0.517,0.857,0
-11.118,0.192,0.793,0
-10.837,0.838,0.726,0
-10.191,1.216,0.784,0
-9.675,1.293,1.179,0
-9.395,1.191,1.513,0
-9.563,1.072,1.405,0
-9.876,0.928,0.664,0
-9.976,0.847,0.172,0
-9.79,0.855,0.215,0
-9.493,0.832,0.551,0
-9.177,0.804,0.809,0
-8.919,0.752,0.976,0
-8.786,0.73,1.123,0
-8.741,0.738,1.075,0
-8.733,0.787,0.736,0
-8.631,0.822,0.413,0
-8.425,0.765,0.239,0
-8.234,0.537,0.269,0
-8.067,0.26,0.386,0
-7.989,0.036,0.407,0
-8.06,-0.14,0.191,0
-8.235,-0.234,-0.013,0
-8.477,-0.192,-0.176,0
-8.589,-0.037,-0.363,0
-8.663,0.092,-0.269,0
-8.798,0.171,-0.049,0
-8.845,0.228,-0.063,0
-8.775,0.236,-0.243,0
-8.727,0.269,-0.406,0
-8.677,0.327,-0.492,0
-8.594,0.44,-0.509,0
-8.634,0.78,-0.449,0
-8.759,1.221,-0.565,0
-8.778,1.684,-0.548,0
-8.701,2.052,-0.336,0
-8.54,2.121,0.093,0
-8.39,1.945,0.599,0
-8.431,1.612,0.676,0
-8.68,1.167,0.794,0
-8.815,0.728,0.908,0
-8.736,0.252,1.048,0
-8.708,-0.365,1.494,0
-8.881,-1.076,2.186,0
-9.461,-1.784,2.663,0
-10.36,-2.214,1.931,0
-11.185,-2.048,0.232,0
-11.52,-1.482,-0.958,0
-11.402,-0.789,-0.654,0
-11.526,-0.012,-0.079,0
-12.033,0.349,0.095,0
-12.184,0.21,0.036,0
-12.225,-0.199,0.378,0
-12.654,-0.885,0.804,0
-13.227,-1.496,0.803,0
-13.672,-1.93,0.776,0
-13.771,-2.297,0.734,0
-13.367,-2.589,0.727,0
-12.589,-2.667,0.733,0
-12.02,-2.645,0.936,0
-11.616,-2.425,1.363,0
-11.321,-2.011,1.568,0
-11.053,-1.451,1.456,0
-10.643,-0.86,1.254,0
-10.05,-0.311,1.034,0
-9.379,0.02,0.81,0
-8.829,0.162,0.77,0
-8.271,0.242,0.811,0
-7.766,0.286,0.706,0
-7.343,0.311,0.537,0
-7.062,0.279,0.453,0
-6.973,0.163,0.422,0
-7.082,-0.058,0.356,0
-7.262,-0.367,0.291,0
-7.472,-0.748,0.226,0
-7.651,-1.184,0.191,0
-7.866,-1.61,0.148,0
-8.096,-1.97,-0.018,0
-8.219,-2.256,-0.192,0
-8.234,-2.366,-0.336,0
-8.154,-2.326,-0.343,0
-8.043,-2.169,-0.282,0
-7.966,-1.929,-0.262,0
-7.939,-1.667,-0.161,0
-8.017,-1.427,-0.179,0
-8.091,-1.244,-0.39,0
-8.155,-1.132,-0.509,0
-8.23,-1.066,-0.597,0
-8.344,-1.025,-0.613,0
-8.465,-1.041,-0.577,0
-8.548,-1.087,-0.604,0
-8.583,-1.246,-0.542,0
-8.697,-1.666,0.07,0
-9.058,-2.004,0.532,0
-9.525,-2.026,0.392,1
-9.781,-1.842,0.075,1
-10.068,-1.666,0.046,1
-10.575,-1.555,0.374,1
-11.021,-1.271,0.473,1
-11.672,-1.101,0.852,1
-13.004,-1.172,1.574,1
-14.502,-1.046,1.189,1
-15.167,-0.385,0.333,1
-13.98,-0.136,-0.26,1
-11.693,-0.564,-0.236,1
-10.207,-0.886,0.097,1
-9.592,-0.812,0.027,1
-9.529,-0.431,-0.257,1
-9.571,0.125,-0.177,1
-9.628,0.684,-0.059,1
-9.847,1.162,-0.16,1
-10.284,1.529,-0.231,1
-10.427,1.684,-0.118,1
-10.224,1.665,0.078,1
-9.939,1.496,0.09,1
-9.756,1.338,0.034,1
-9.645,1.167,-0.038,1
-9.508,0.916,-0.063,1
-9.466,0.697,-0.027,1
-9.39,0.446,0.104,1
-9.378,0.106,0.337,1
-9.476,-0.208,0.485,1
-9.585,-0.428,0.252,1
-9.657,-0.589,-0.043,1
-9.625,-0.686,-0.149,1
-9.532,-0.654,0.009,1
-9.442,-0.489,0.25,1
-9.295,-0.28,0.439,1
-9.143,-0.051,0.584,1
-9.072,0.177,0.735,1
-9.07,0.435,0.705,1
-9.093,0.681,0.364,1
-9.057,0.883,0.027,1
-8.92,0.985,-0.084,1
-8.758,0.973,-0.066,1
-8.657,0.832,0.013,1
-8.685,0.565,0.134,1
-8.869,0.203,0.475,1
-9.202,-0.156,0.64,1
-9.608,-0.505,0.641,1
-9.873,-0.732,0.646,1
-9.898,-0.831,0.779,1
-9.783,-0.837,0.973,1
-9.792,-0.811,1.321,1
-10.004,-0.464,0.582,1
-10.212,0.066,-0.497,1
-10.505,0.513,0.693,1
-11.06,1.104,0.954,1
-11.448,1.543,0.157,1
-11.519,1.797,-0.449,1
-11.04,1.724,-0.576,1
-10.275,1.273,-0.449,1
-10.047,0.527,-0.492,1
-10.171,-0.411,-0.391,1
-10.232,-1.269,-0.503,1
-10.171,-1.958,-0.701,1
-9.937,-2.414,-0.829,1
-9.567,-2.62,-0.988,1
-9.268,-2.645,-1.026,1
-9.006,-2.609,-0.97,1
-8.667,-2.511,-1.079,1
-8.376,-2.369,-1.041,1
-8.266,-2.065,-0.813,1
-8.292,-1.629,-0.575,1
-8.347,-1.239,-0.391,1
-8.499,-0.909,-0.157,1
-8.736,-0.667,0.078,1
-8.951,-0.438,0.112,1
-9.045,-0.268,0.096,1
-9.067,-0.25,0.168,1
-9.007,-0.372,0.207,1
-8.876,-0.602,0.329,1
-8.773,-0.869,0.485,1
-8.819,-1.075,0.521,1
-8.935,-1.208,0.478,1
-9.008,-1.346,0.493,1
-9.237,-1.723,1.148,1
-10.056,-2.192,2.127,1
-11.462,-2.317,1.862,1
-12.701,-1.977,0.746,1
-13.144,-1.353,0.052,1
-12.39,-0.818,-0.238,1
-10.825,-0.875,-0.178,1
-9.615,-1.066,-0.131,1
-8.847,-1.135,-0.084,1
-8.542,-1.162,-0.102,1
-8.573,-1.085,-0.38,1
-8.932,-0.962,-0.604,1
-9.531,-0.749,-0.766,1
-10.085,-0.385,-0.799,1
-10.461,0.095,-0.827,1
-10.71,0.549,-0.737,1
-10.831,0.787,-0.522,1
-10.85,0.951,-0.449,1
-10.815,1.1,-0.511,1
-10.797,1.198,-0.53,1
-10.634,1.182,-0.668,1
-10.371,1.059,-0.774,1
-10.147,0.873,-0.552,1
-9.951,0.599,-0.424,1
-9.777,0.3,-0.59,1
-9.615,0.059,-0.769,1
-9.486,-0.141,-0.692,1
-9.471,-0.385,-0.225,1
-9.565,-0.602,0.094,1
-9.649,-0.812,0.264,1
-9.635,-0.985,0.393,1
-9.563,-1.11,0.188,1
-9.493,-1.124,-0.201,1
-9.498,-0.988,-0.944,1
-9.571,-0.798,-1.127,1
-9.633,-0.382,-0.683,1
-9.56,0.15,-0.152,1
-9.264,0.495,0.414,1
-8.903,0.347,0.938,1
-8.806,-0.454,1.69,1
-9.607,-1.52,2.038,1
-10.923,-2.41,0.807,1
-11.253,-2.945,-1.011,1
-10.299,-2.914,-1.007,1
-9.239,-2.459,-0.425,1
-8.445,-2.133,-0.164,1
-7.824,-1.936,0.009,1
-7.369,-1.683,0.029,1
-7.238,-1.433,0.007,1
-7.494,-1.094,0.077,1
-7.831,-0.855,0.299,1
-8.377,-0.813,0.649,1
-9.124,-0.799,1.05,1
-9.862,-0.636,1.303,1
-10.21,-0.296,1.468,1
-10.037,0.145,1.278,1
-9.497,0.336,1.042,1
-9.233,0.06,1.282,1
-9.406,-0.407,1.047,1
-9.577,-0.809,0.707,1
-9.636,-1.208,0.685,1
-9.755,-1.553,0.565,1
-9.945,-1.758,0.077,1
-10.224,-1.791,-0.299,1
-10.567,-1.635,-0.53,1
-10.744,-1.274,-0.629,1
-10.704,-0.769,-0.483,1
-10.602,-0.217,-0.363,1
-10.469,0.273,-0.435,1
-10.279,0.526,-0.281,1
-10.003,0.605,-0.103,1
-9.786,0.545,-0.132,1
-9.67,0.347,-0.144,1
-9.617,0.133,-0.15,1
-9.518,-0.024,-0.248,1
-9.386,-0.159,-0.408,1
-9.387,-0.253,-0.484,1
-9.461,-0.272,-0.48,1
-9.539,-0.235,-0.369,1
-9.634,-0.18,-0.234,1
-9.664,-0.125,-0.057,1
-9.681,-0.044,0.071,1
-9.676,0.014,-0.017,1
-9.616,0.065,-0.13,1
-9.55,0.028,-0.198,1
-9.558,-0.035,-0.221,1
-9.687,-0.154,-0.139,1
-9.77,-0.29,-0.258,1
-9.69,-0.361,-0.537,1
-9.565,-0.426,-0.556,1
-9.483,-0.463,-0.392,1
-9.459,-0.468,-0.308,1
-9.461,-0.466,-0.306,1
-9.476,-0.396,-0.263,1
-9.551,-0.33,-0.103,1
-9.627,-0.234,-0.042,1
-9.685,-0.125,-0.141,1
-9.657,-0.038,-0.114,1
-9.555,0.046,0.033,1
-9.48,0.051,0.225,1
-9.415,-0.06,0.494,1
-9.412,-0.173,0.577,1
-9.359,-0.18,0.406,1
-9.209,-0.124,0.31,1
-9.076,0.011,0.584,1
-9.046,0.215,0.748,1
-9.069,0.454,0.653,1
-9.163,0.619,1.046,0
-9.402,0.78,1.459,0
-9.765,1.011,0.852,0
-9.864,1.06,0.549,0
-9.785,0.871,1.405,0
-10.275,0.598,1.9,0
-11.19,0.339,1.429,0
-11.739,0.166,0.556,0
-11.59,0.041,0.158,0
-11.191,0.005,-0.023,0
-10.858,-0.234,0.002,0
-10.466,-0.666,0.036,0
-10.071,-1.047,-0.063,0
-9.753,-1.498,-0.275,0
-9.705,-2.018,-0.31,0
-9.768,-2.512,-0.234,0
-9.926,-2.738,-0.33,0
-10.233,-2.729,-0.526,0
-10.335,-2.592,-0.603,0
-10.315,-2.356,-0.49,0
-10.166,-2.166,-0.317,0
-10.009,-2.009,-0.209,0
-9.905,-1.824,-0.236,0
-9.822,-1.555,-0.234,0
-9.744,-1.298,-0.198,0
-9.61,-1.095,-0.201,0
-9.395,-1.022,-0.212,0
-9.142,-1.08,-0.136,0
-8.871,-1.213,-0.154,0
-8.594,-1.346,-0.258,0
-8.335,-1.428,-0.323,0
-8.144,-1.528,-0.276,0
-7.974,-1.583,-0.412,0
-7.734,-1.652,-0.577,0
-7.549,-1.808,-0.409,0
-7.418,-2.073,-0.12,0
-7.363,-2.333,-0.034,0
-7.499,-2.711,0.499,0
-8.148,-3.019,1.733,0
-9.358,-2.698,0.049,0
-10.01,-1.985,-1.48,0
-9.451,-2.096,-0.541,0
-8.777,-2.667,-0.245,0
-8.582,-2.898,0.367,0
-9.049,-3.108,1.329,0
-10.38,-3.484,1.925,0
-12.204,-3.724,1.518,0
-13.591,-3.662,0.453,0
-14.268,-3.206,0.622,0
-14.672,-2.332,0.956,0
-14.653,-1.216,0.683,0
-13.678,-0.238,0.422,0
-12.335,0.306,0.777,0
-11.069,0.693,1.068,0
-10.175,0.995,1.098,0
-9.725,1.082,0.754,0
-9.534,0.976,0.325,0
-9.399,0.763,0.292,0
-9.167,0.509,0.36,0
-8.822,0.393,0.361,0
-8.626,0.446,0.341,0
-8.668,0.501,0.537,0
-8.795,0.643,0.483,0
-8.785,0.699,0.121,0
-8.697,0.723,-0.11,0
-8.759,0.665,0.235,0
-9.031,0.628,0.601,0
-9.342,0.602,0.382,0
-9.488,0.585,0.008,0
-9.317,0.634,-0.336,0
-9.034,0.535,-0.526,0
-8.853,0.33,-0.528,0
-8.738,0.044,-0.361,0
-8.673,-0.24,-0.193,0
-8.649,-0.441,-0.184,0
-8.645,-0.551,-0.157,0
-8.667,-0.616,-0.101,0
-8.698,-0.6,-0.13,0
-8.731,-0.565,-0.144,0
-8.726,-0.536,-0.215,0
-8.653,-0.51,-0.259,0
-8.563,-0.514,-0.169,0
-8.517,-0.492,-0.123,0
-8.511,-0.472,-0.162,0
-8.559,-0.431,-0.142,0
-8.713,-0.361,-0.046,0
-8.908,-0.311,0.046,0
-9.068,-0.257,0.1,0
-9.198,-0.23,0.123,0
-9.242,-0.191,-0.031,0
-9.132,-0.111,-0.17,0
-9.0,-0.046,-0.27,0
-8.947,-0.02,-0.431,0
-8.956,-0.022,-0.575,0
-8.962,-0.01,-0.731,0
-8.99,0.009,-0.968,0
-9.047,0.034,-1.052,0
-9.203,0.077,-0.969,0
-9.392,0.128,-0.841,0
-9.574,0.178,-0.744,0
-9.807,0.217,-0.611,0
-10.129,0.213,-0.445,0
-10.487,0.253,-0.566,0
-10.794,0.238,-0.65,0
-11.12,0.216,-0.314,0
-11.435,0.185,-0.202,0
-11.661,0.085,-0.314,0
-11.775,-0.104,-0.287,0
-11.928,-0.356,-0.098,0
-12.053,-0.601,-0.098,0
-12.158,-0.795,-0.129,0
-12.381,-0.656,-0.538,0
-12.419,-0.279,-1.433,0
-12.269,0.099,-1.772,0
-12.255,0.247,-1.185,0
-12.511,0.153,-0.426,0
-12.83,0.12,0.066,0
-12.789,0.256,0.518,0
-12.515,0.313,1.304,0
-12.261,0.28,1.554,0
-11.743,0.128,1.297,0
-11.267,-0.163,1.31,0
-10.924,-0.538,1.292,0
-10.483,-0.857,1.057,0
-9.979,-1.086,0.949,0
-9.394,-1.271,1.059,0
-8.792,-1.323,0.888,0
-8.234,-1.256,0.648,0
-7.815,-1.143,0.584,0
-7.567,-1.028,0.464,0
-7.553,-0.866,0.394,0
-7.845,-0.693,0.502,0
-8.296,-0.51,0.685,0
-8.671,-0.317,0.679,0
-8.975,-0.218,0.611,0
-9.31,-0.317,0.929,0
-9.57,-0.459,1.178,0
-9.547,-0.493,1.061,0
-9.327,-0.53,0.806,0
-8.956,-0.617,0.866,0
-8.571,-0.704,1.07,0
-8.334,-0.735,0.999,0
-8.094,-0.653,0.744,0
-7.938,-0.413,0.608,0
-7.789,-0.08,0.468,0
-7.642,0.269,0.212,0
-7.484,0.55,-0.184,0
-7.3,0.653,-0.376,0
-7.169,0.491,-0.249,0
-7.173,0.187,-0.052,0
-7.361,-0.172,0.059,0
-7.696,-0.517,-0.09,0
-8.102,-0.827,-0.288,0
-8.517,-1.149,-0.441,0
-8.825,-1.47,-0.603,0
-8.966,-1.73,-0.712,0
-8.967,-1.921,-0.835,0
-8.807,-2.059,-0.932,0
-8.573,-2.132,-0.934,0
-8.426,-2.159,-0.97,0
-8.37,-2.14,-1.045,0
-8.272,-2.056,-1.192,0
-8.279,-1.907,-1.393,0
-8.49,-1.739,-1.608,0
-8.766,-1.674,-1.499,0
-9.119,-1.635,-1.306,0
-9.541,-1.581,-1.192,0
-9.946,-1.487,-1.063,0
-10.352,-1.309,-1.056,0
-10.668,-1.052,-1.093,0
-10.723,-0.899,-1.1,0
-10.522,-0.839,-1.169,0
-10.38,-0.823,-1.228,0
-10.316,-0.866,-1.345,0
-10.348,-0.999,-1.153,0
-11.152,-1.28,0.096,0
-12.704,-1.606,1.292,0
-13.942,-1.708,1.654,0
-15.242,-1.343,2.089,0
-16.476,-0.671,2.504,0
-16.831,0.372,1.78,0
-15.637,1.521,0.073,0
-13.354,1.451,-0.648,0
-11.707,0.812,-0.098,0
-10.746,0.414,-0.032,0
-10.35,0.192,0.286,0
-10.88,0.129,1.205,0
-11.667,0.277,1.647,0
-11.771,0.436,1.568,0
-11.53,0.524,1.404,0
-11.225,0.538,1.185,0
-10.777,0.452,0.943,0
-10.376,0.387,0.568,0
-9.824,0.385,0.32,0
-9.049,0.298,0.66,0
-8.414,0.188,1.326,0
-7.944,0.097,1.579,0
-7.7,0.118,1.276,0
-7.649,0.286,0.817,0
-7.657,0.644,0.386,0
-7.587,0.979,0.135,0
-7.455,1.122,0.272,0
-7.306,1.091,0.504,0
-7.159,0.881,0.707,0
-7.198,0.562,0.898,0
-7.405,0.239,0.819,0
-7.627,0.041,0.697,0
-7.891,-0.049,0.545,0
-8.141,-0.07,0.384,0
-8.322,-0.073,0.393,0
-8.443,-0.193,0.213,0
-8.467,-0.43,-0.148,0
-8.334,-0.673,-0.351,0
-8.163,-0.781,-0.412,0
-8.108,-0.791,-0.383,0
-8.229,-0.744,-0.333,0
-8.424,-0.557,-0.421,0
-8.62,-0.301,-0.607,0
-8.766,-0.009,-0.686,0
-8.812,0.327,-0.63,0
-8.739,0.659,-0.54,0
-8.61,1.055,-0.655,0
-8.372,1.382,-0.999,0
-8.102,1.584,-1.119,0
-7.994,1.625,-1.119,0
-7.974,1.49,-1.013,0
-8.025,1.243,-0.914,0
-8.223,0.882,-0.885,0
-8.659,0.565,-0.599,0
-9.304,0.397,-0.37,0
-9.978,0.334,-0.153,0
-10.649,0.367,0.15,0
-11.323,0.36,0.293,0
-11.775,0.241,0.379,0
-11.941,0.121,-0.09,0
-11.692,-0.123,-0.529,0
-11.294,-0.586,-0.48,0
-11.359,-1.159,-0.229,0
-12.095,-1.694,0.571,0
-12.859,-1.661,0.138,0
-13.204,-1.204,-0.984,0
-13.292,-0.481,-1.324,0
-13.207,0.176,-0.83,0
-12.908,0.243,-0.137,0
-12.833,-0.369,0.887,0
-13.095,-1.008,1.159,0
-13.036,-1.541,-0.283,0
-12.574,-1.989,-0.376,0
-12.047,-1.985,0.271,0
-11.708,-1.764,0.933,0
-11.606,-1.431,1.113,0
-11.465,-1.071,1.399,0
-11.157,-0.649,1.448,0
-10.82,-0.24,1.175,0
-10.499,0.051,1.068,0
-10.059,0.208,0.999,0
-9.634,0.06,1.173,0
-9.474,-0.335,1.479,0
-9.39,-0.586,1.431,0
-9.013,-0.71,0.944,0
-8.519,-0.716,0.645,0
-8.052,-0.813,0.622,0
-7.504,-0.948,0.645,0
-7.08,-1.016,0.633,0
-6.774,-0.944,0.606,0
-6.667,-0.723,0.583,0
-6.645,-0.429,0.582,0
-6.653,-0.184,0.609,0
-6.755,0.007,0.456,0
-6.873,0.189,0.096,0
-6.809,0.287,-0.224,0
-6.746,0.289,-0.301,0
-6.852,0.2,-0.232,0
-7.108,0.036,-0.235,0
-7.419,-0.117,-0.305,0
-7.763,-0.268,-0.449,0
-8.087,-0.413,-0.699,0
-8.375,-0.627,-0.905,0
-8.627,-0.901,-0.992,0
-8.767,-1.173,-1.096,0
-8.786,-1.402,-1.274,0
-8.711,-1.545,-1.396,0
-8.588,-1.657,-1.346,0
-8.443,-1.687,-1.324,0
-8.282,-1.705,-1.409,0
-8.174,-1.724,-1.561,0
-8.174,-1.724,-1.66,0
-8.327,-1.692,-1.791,0
-8.606,-1.609,-1.945,0
-8.934,-1.518,-1.892,0
-9.275,-1.414,-1.678,0
-9.524,-1.286,-1.37,0
-9.843,-1.104,-0.945,0
-10.232,-0.914,-0.595,0
-10.601,-0.707,-0.596,0
-10.83,-0.521,-0.928,0
-10.962,-0.413,-1.136,0
-11.035,-0.491,-1.011,0
-11.239,-0.708,-0.541,0
-11.913,-1.065,0.356,0
-13.262,-1.595,1.79,0
-15.022,-1.824,2.728,0
-16.517,-1.143,2.419,0
-17.242,0.598,0.87,0
-16.435,2.257,-0.749,0
-13.771,2.203,-1.371,0
-11.797,1.511,-1.05,0
-10.844,1.129,-0.648,0
-10.406,0.881,-0.512,0
-10.26,0.647,-0.593,0
-10.395,0.165,0.099,0
-11.118,-0.49,1.521,0
-12.047,-0.808,2.228,0
-12.025,-0.732,1.79,0
-11.364,-0.742,1.426,0
-11.037,-0.772,1.34,0
-10.768,-0.545,1.174,0
-10.264,-0.188,0.887,0
-9.546,-0.023,1.228,0
-8.916,-0.153,1.638,0
-8.429,-0.284,1.286,0
-8.19,-0.298,0.633,0
-8.134,-0.133,0.106,0
-8.077,0.126,-0.222,0
-7.874,0.394,-0.202,0
-7.581,0.538,-0.044,0
-7.335,0.57,0.153,0
-7.251,0.498,0.403,0
-7.309,0.472,0.496,0
-7.432,0.499,0.374,0
-7.615,0.527,0.317,0
-7.808,0.48,0.311,0
-7.916,0.377,0.212,0
-7.948,0.263,-0.072,0
-7.898,0.121,-0.257,0
-7.776,-0.185,-0.359,0
-7.59,-0.528,-0.458,0
-7.433,-0.674,-0.488,0
-7.351,-0.63,-0.584,0
-7.384,-0.54,-0.67,0
-7.651,-0.36,-0.672,0
-8.039,-0.095,-0.749,0
-8.341,0.194,-0.831,0
-8.516,0.475,-0.863,0
-8.485,0.72,-0.956,0
-8.385,0.905,-0.938,0
-8.256,1.065,-1.006,0
-8.212,1.258,-1.171,0
-8.269,1.364,-1.182,0
-8.353,1.293,-0.932,0
-8.646,0.99,-0.401,0
-9.104,0.531,0.03,0
-9.56,0.023,0.306,0
-10.18,-0.448,0.797,0
-11.04,-0.707,0.875,0
-11.498,-0.912,-0.112,0
-11.453,-1.145,-1.557,0
-10.784,-1.355,-2.479,0
-10.072,-1.549,-2.257,0
-9.903,-1.62,-1.219,0
-10.481,-1.321,-0.826,0
-11.539,-0.598,-1.025,0
-12.673,0.243,0.006,0
-14.031,1.049,1.103,0
-14.982,1.76,0.665,0
-14.964,1.822,0.956,0
-14.535,1.074,2.167,0
-14.528,0.055,2.01,0
-14.064,-0.785,1.02,0
-12.679,-1.331,-0.034,0
-11.19,-1.397,-0.968,0
-10.07,-1.467,-1.198,0
-9.21,-1.944,-0.658,0
-8.731,-2.471,0.283,0
-8.747,-2.801,0.844,0
-9.36,-2.771,0.747,0
-10.179,-2.427,0.603,0
-11.106,-1.913,0.445,0
-11.742,-1.225,0.349,0
-11.657,-0.451,0.421,0
-11.156,0.058,0.872,0
-10.787,0.22,1.332,0
-10.382,0.27,1.239,0
-9.829,0.265,0.893,0
-9.296,0.075,0.789,0
-8.722,-0.308,0.76,0
-8.157,-0.787,0.679,0
-7.711,-1.134,0.525,0
-7.468,-1.277,0.381,0
-7.367,-1.243,0.356,0
-7.403,-1.075,0.32,0
-7.398,-0.803,0.148,0
-7.328,-0.543,-0.185,0
-7.15,-0.364,-0.472,0
-6.879,-0.332,-0.554,0
-6.687,-0.446,-0.319,0
-6.608,-0.587,-0.118,0
-6.668,-0.66,-0.163,0
-6.899,-0.705,-0.391,0
-7.244,-0.747,-0.544,0
-7.566,-0.793,-0.671,0
-7.837,-0.856,-0.855,0
-8.028,-0.942,-0.983,0
-8.112,-0.979,-1.099,0
-8.125,-1.001,-1.23,0
-8.111,-0.992,-1.281,0
-8.121,-0.965,-1.347,0
-8.151,-0.92,-1.521,0
-8.139,-0.933,-1.534,0
-8.118,-0.976,-1.563,0
-8.113,-1.024,-1.611,0
-8.228,-1.051,-1.571,0
-8.482,-1.065,-1.543,0
-8.833,-0.992,-1.457,0
-9.296,-0.836,-1.356,0
-9.804,-0.632,-1.107,0
-10.206,-0.354,-0.954,0
-10.505,-0.088,-1.012,0
-10.66,0.155,-1.103,0
-10.609,0.31,-1.132,0
-10.388,0.337,-1.015,0
-10.249,0.188,-0.681,0
-10.454,-0.202,-0.483,0
-11.324,-0.874,0.327,0
-13.387,-1.699,2.027,0
-15.73,-2.104,2.221,0
-17.178,-1.321,0.864,0
-17.476,0.398,-0.321,0
-15.971,1.312,-0.994,0
-13.879,1.2,-1.449,0
-12.644,0.982,-1.362,0
-11.718,1.101,-1.164,0
-11.225,1.203,-0.794,0
-10.94,0.874,-0.188,0
-11.205,0.131,0.713,0
-12.068,-0.49,1.232,0
-12.409,-0.675,0.989,0
-11.871,-0.734,0.975,0
-11.496,-0.862,1.345,0
-11.202,-0.851,1.476,0
-10.647,-0.621,1.175,0
-10.063,-0.302,0.962,0
-9.256,-0.23,1.376,0
-8.485,-0.344,1.735,0
-8.128,-0.415,1.561,0
-8.081,-0.4,1.046,0
-7.94,-0.138,0.321,0
-7.748,0.255,-0.071,0
-7.596,0.55,-0.046,0
-7.574,0.677,0.152,0
-7.581,0.693,0.336,0
-7.667,0.579,0.469,0
-7.765,0.486,0.469,0
-7.867,0.501,0.385,0
-8.057,0.577,0.096,0
-8.189,0.571,-0.298,0
-8.167,0.399,-0.536,0
-7.989,0.133,-0.533,0
-7.742,-0.206,-0.47,0
-7.541,-0.596,-0.578,0
-7.373,-0.884,-0.725,0
-7.3,-1.006,-0.84,0
-7.273,-1.018,-1.005,0
-7.335,-0.92,-1.058,0
-7.605,-0.702,-0.989,0
-7.935,-0.407,-0.879,0
-8.184,-0.063,-0.741,0
-8.307,0.289,-0.68,0
-8.356,0.659,-0.721,0
-8.21,0.994,-0.909,0
-8.042,1.221,-1.035,0
-7.883,1.378,-1.036,0
-7.829,1.53,-1.063,0
-7.871,1.502,-1.057,0
-8.063,1.228,-0.546,0
-8.455,0.711,-0.019,0
-8.956,0.112,0.095,0
-9.581,-0.444,0.123,0
-10.584,-0.77,0.312,0
-11.606,-0.818,-0.229,0
-12.031,-0.884,-1.37,0
-11.733,-0.973,-2.318,0
-10.973,-1.082,-1.95,0
-10.802,-1.314,-0.381,0
-11.604,-1.353,0.107,0
-12.42,-1.182,-0.206,0
-13.238,-0.83,0.42,0
-14.19,-0.325,0.747,0
-14.746,0.414,-0.045,0
-14.609,1.129,-0.114,0
-13.824,1.444,0.558,0
-13.273,1.136,0.601,0
-12.659,0.402,0.039,0
-11.645,-0.171,-0.483,0
-10.565,-0.571,-0.987,0
-9.64,-0.889,-1.19,0
-8.984,-1.255,-0.775,0
-8.535,-1.641,0.05,0
-8.46,-1.97,0.937,0
-9.04,-2.087,1.365,0
-9.911,-1.926,0.968,0
-10.628,-1.754,0.363,0
-11.126,-1.48,0.239,0
-11.291,-1.037,0.367,0
-11.003,-0.516,0.438,0
-10.33,-0.167,0.347,0
-9.748,-0.228,0.578,0
-9.704,-0.634,1.237,0
-10.028,-0.953,1.238,0
-10.125,-0.933,0.614,0
-9.97,-0.773,0.14,0
-9.663,-0.714,-0.059,0
-9.237,-0.831,-0.081,0
-8.84,-1.052,-0.136,0
-8.491,-1.181,-0.145,0
-8.236,-1.104,-0.125,0
-8.025,-0.968,-0.064,0
-7.915,-0.808,-0.044,0
-7.966,-0.717,-0.042,0
-8.077,-0.688,-0.182,0
-8.07,-0.641,-0.498,0
-7.957,-0.566,-0.736,0
-7.808,-0.537,-0.715,0
-7.636,-0.554,-0.489,0
-7.486,-0.644,-0.37,0
-7.442,-0.721,-0.401,0
-7.574,-0.784,-0.5,0
-7.85,-0.89,-0.631,0
-8.157,-1.048,-0.707,0
-8.351,-1.221,-0.759,0
-8.314,-1.408,-0.802,0
-8.118,-1.569,-0.748,0
-7.853,-1.638,-0.868,0
-7.614,-1.664,-1.103,0
-7.485,-1.63,-1.249,0
-7.506,-1.544,-1.264,0
-7.709,-1.381,-1.293,0
-8.016,-1.178,-1.395,0
-8.293,-0.94,-1.395,0
-8.582,-0.767,-1.089,0
-8.926,-0.591,-0.827,0
-9.163,-0.421,-0.855,0
-9.361,-0.309,-0.947,0
-9.538,-0.227,-1.044,0
-9.595,-0.172,-1.279,0
-9.549,-0.089,-1.753,0
-9.387,-0.049,-2.293,0
-9.22,-0.204,-2.415,0
-9.357,-0.808,-1.744,0
-10.197,-1.73,-0.855,0
-11.972,-2.656,0.487,0
-14.236,-3.221,1.474,0
-15.876,-2.804,0.494,0
-16.717,-1.096,-0.734,0
-16.111,0.626,-0.867,0
-13.987,1.515,-0.632,0
-12.107,1.743,-0.688,0
-10.745,1.762,-0.686,0
-9.899,1.498,-0.154,0
-10.034,0.754,1.13,0
-11.132,0.115,1.326,0
-11.461,-0.157,0.506,0
-11.466,-0.447,0.357,0
-11.808,-0.739,0.563,0
-11.919,-1.0,0.905,0
-11.751,-1.109,0.776,0
-11.458,-1.073,0.579,0
-11.039,-0.884,0.371,0
-10.664,-0.483,0.267,0
-10.289,0.019,0.261,0
-9.901,0.42,0.608,0
-9.795,0.771,0.976,0
-9.812,1.043,0.836,0
-9.634,1.363,0.253,0
-9.287,1.675,-0.188,0
-9.005,1.764,-0.184,0
-8.789,1.63,0.044,0
-8.558,1.334,0.322,0
-8.324,0.936,0.429,0
-8.185,0.516,0.591,0
-8.168,0.173,0.696,0
-8.174,-0.004,0.441,0
-8.086,-0.142,0.036,0
-7.917,-0.39,-0.174,0
-7.73,-0.651,-0.149,0
-7.542,-0.846,-0.094,0
-7.407,-0.956,-0.029,0
-7.344,-0.957,-0.13,0
-7.305,-0.824,-0.388,0
-7.377,-0.61,-0.463,0
-7.619,-0.354,-0.37,0
-7.969,-0.11,-0.361,0
-8.292,0.136,-0.349,0
-8.518,0.416,-0.391,0
-8.532,0.689,-0.574,0
-8.413,0.905,-0.777,0
-8.215,1.037,-0.882,0
-8.092,1.143,-0.884,0
-8.01,1.227,-0.99,0
-7.897,1.174,-0.966,0
-7.93,0.999,-0.71,0
-8.175,0.618,-0.369,0
-8.558,0.176,-0.106,0
-9.117,-0.199,-0.071,0
-9.678,-0.51,-0.007,0
-10.146,-0.75,0.244,0
-10.629,-0.836,0.378,0
-11.042,-0.782,0.164,0
-11.157,-0.67,0.06,0
-11.017,-0.664,0.367,0
-10.988,-0.784,1.107,0
-11.416,-0.978,1.798,0
-12.271,-1.096,1.49,0
-12.847,-0.896,-0.235,0
-12.851,-0.317,-1.577,0
-12.513,0.298,-1.535,0
-12.057,0.722,-0.757,0
-11.632,0.776,0.507,0
-11.788,0.603,1.099,0
-11.918,0.323,0.196,0
-11.523,-0.198,-0.338,0
-11.047,-0.66,-0.643,0
-10.781,-1.074,-0.422,0
-10.679,-1.388,0.041,0
-10.588,-1.728,0.51,0
-10.447,-2.05,1.133,0
-10.38,-2.204,1.343,0
-10.407,-2.251,1.101,0
-10.447,-2.223,0.745,0
-10.419,-2.167,0.501,0
-10.266,-2.086,0.386,0
-10.013,-2.005,0.478,0
-9.716,-1.922,0.65,0
-9.689,-1.848,0.827,0
-9.922,-1.656,0.924,0
-10.086,-1.255,0.744,0
-10.099,-0.832,0.461,0
-9.908,-0.538,0.343,0
-9.566,-0.386,0.501,0
-9.21,-0.351,0.65,0
-8.983,-0.344,0.694,0
-8.89,-0.348,0.747,0
-8.906,-0.408,0.668,0
-8.873,-0.507,0.383,0
-8.824,-0.654,0.18,0
-8.762,-0.864,0.142,0
-8.652,-1.064,0.243,0
-8.548,-1.23,0.37,0
-8.478,-1.301,0.467,0
-8.459,-1.324,0.438,0
-8.438,-1.38,0.404,0
-8.437,-1.457,0.447,0
-8.471,-1.53,0.468,0
-8.521,-1.566,0.324,0
-8.586,-1.582,0.214,0
-8.62,-1.582,0.158,0
-8.536,-1.585,0.052,0
-8.36,-1.694,0.111,0
-8.227,-1.876,0.275,0
-8.129,-2.042,0.316,0
-8.103,-2.125,0.181,0
-8.175,-2.14,0.093,0
-8.326,-2.036,0.068,0
-8.471,-1.8,-0.214,0
-8.606,-1.458,-0.466,0
-8.703,-1.148,-0.432,0
-8.663,-1.001,-0.157,0
-8.558,-0.962,0.182,0
-8.57,-1.057,0.661,0
-9.114,-1.202,1.528,0
-10.506,-1.308,2.092,0
-12.58,-1.081,2.251,0
-14.568,-0.324,1.676,0
-15.721,1.005,0.483,0
-15.317,2.244,0.323,0
-13.384,2.188,0.505,0
-11.749,1.142,1.07,0
-10.894,0.086,1.7,0
-10.498,-0.687,1.725,0
-10.428,-1.072,1.351,0
-10.543,-1.196,1.026,0
-10.572,-1.126,0.795,0
-10.47,-0.774,0.509,0
-10.25,-0.238,0.302,0
-10.047,0.31,0.33,0
-9.69,0.777,0.353,0
-9.401,1.113,0.567,0
-9.138,1.417,0.566,0
-8.857,1.637,0.554,0
-8.7,1.772,0.626,0
-8.635,1.859,0.586,0
-8.632,1.906,0.583,0
-8.629,1.899,0.613,0
-8.726,1.793,0.563,0
-8.859,1.631,0.342,0
-8.919,1.454,0.18,0
-8.945,1.237,0.171,0
-8.99,0.995,0.266,0
-9.082,0.76,0.388,0
-9.182,0.552,0.506,0
-9.29,0.399,0.491,0
-9.373,0.304,0.464,0
-9.351,0.299,0.466,0
-9.27,0.362,0.502,0
-9.181,0.489,0.524,0
-9.121,0.562,0.761,0
-9.173,0.632,0.935,0
-9.305,0.686,1.065,0
-9.431,0.702,1.03,0
-9.516,0.683,0.947,0
-9.557,0.628,0.942,0
-9.55,0.553,0.987,0
-9.481,0.502,1.066,0
-9.34,0.523,0.955,0
-9.12,0.607,0.741,0
-8.884,0.662,0.82,0
-8.647,0.472,1.904,0
-8.827,0.152,3.258,0
-9.649,-0.083,2.623,0
-10.384,-0.25,1.362,0
-10.606,-0.089,0.98,0
-10.478,0.368,1.221,0
-10.166,0.819,1.403,0
-9.884,0.974,1.545,0
-9.612,0.893,1.965,0
-9.317,0.735,2.001,0
-9.162,0.539,1.622,0
-9.137,0.348,1.19,0
-8.976,0.11,0.949,0
-8.739,-0.229,1.001,0
-8.579,-0.65,1.3,0
-8.581,-1.082,1.465,0
-8.865,-1.478,1.337,0
-9.429,-1.907,1.04,0
-9.998,-2.39,0.543,0
-10.239,-2.907,0.244,0
-10.249,-3.374,0.112,0
-10.072,-3.616,0.041,0
-9.748,-3.542,0.166,0
-9.523,-3.15,0.174,0
-9.527,-2.631,0.212,0
-9.842,-2.081,0.263,0
-10.228,-1.668,0.263,0
-10.478,-1.365,0.252,0
-10.431,-1.233,0.224,0
-10.26,-1.211,0.323,0
-10.118,-1.299,0.38,0
-9.996,-1.476,0.407,0
-9.922,-1.655,0.396,0
-9.856,-1.798,0.371,0
-9.8,-1.88,0.351,0
-9.619,-1.953,0.435,0
-9.391,-1.988,0.527,0
-9.215,-1.964,0.554,0
-9.145,-1.868,0.599,0
-9.081,-1.759,0.71,0
-9.018,-1.634,0.865,0
-9.029,-1.493,0.931,0
-9.119,-1.399,0.957,0
-9.183,-1.344,0.892,0
-9.217,-1.379,0.822,0
-9.226,-1.579,0.918,0
-9.173,-1.87,0.77,0
-9.06,-2.25,0.601,0
-8.995,-2.651,0.568,0
-8.976,-2.982,0.471,0
-9.033,-3.19,0.323,0
-9.153,-3.285,0.406,0
-9.403,-3.247,0.724,0
-9.734,-2.929,0.609,0
-9.99,-2.329,0.272,0
-10.052,-1.707,0.184,0
-10.079,-1.27,0.493,0
-10.213,-1.078,0.904,0
-10.45,-1.004,1.091,0
-10.684,-0.982,1.089,0
-10.836,-0.926,0.945,0
-10.915,-0.943,0.922,0
-10.933,-1.064,1.033,0
-10.952,-1.226,1.116,0
-10.9,-1.318,1.037,0
-10.787,-1.286,0.941,0
-10.656,-1.131,0.981,0
-10.555,-0.913,0.985,0
-10.545,-0.677,0.982,0
-10.523,-0.443,0.955,0
-10.368,-0.203,0.973,0
-10.108,0.054,0.997,0
-9.863,0.356,0.992,0
-9.578,0.704,0.946,0
-9.229,1.063,1.086,0
-8.956,1.476,1.214,0
-8.775,1.84,1.04,0
-8.61,2.112,0.832,0
-8.487,2.288,0.643,0
-8.386,2.345,0.522,0
-8.254,2.271,0.592,0
-8.154,2.048,0.677,0
-8.184,1.683,0.719,0
-8.311,1.3,0.776,0
-8.636,0.923,0.85,0
-9.061,0.584,0.811,0
-9.492,0.384,0.624,0
-9.728,0.282,0.43,0
-9.809,0.238,0.565,0
-9.895,0.28,0.766,0
-10.005,0.37,0.685,0
-10.099,0.484,0.565,0
-10.165,0.631,0.543,0
-10.219,0.821,0.525,0
-10.249,1.019,0.589,0
-10.2,1.232,0.77,0
-10.11,1.417,0.862,0
-9.949,1.605,0.945,0
-9.724,1.673,1.429,0
-9.599,1.585,1.968,0
-9.547,1.449,1.815,0
-9.398,1.154,2.041,0
-9.212,0.931,2.166,0
-9.051,0.613,2.478,0
-8.959,0.227,2.733,0
-8.89,-0.213,2.69,0
-8.761,-0.737,2.603,0
-8.502,-1.344,2.759,0
-8.364,-2.019,3.166,0
-8.666,-2.628,3.171,0
-9.436,-3.277,3.647,0
-10.367,-3.396,2.952,0
-10.863,-2.959,1.899,0
-10.449,-2.03,1.234,0
-9.706,-0.933,0.937,0
-9.289,0.016,1.087,0
-9.123,0.928,1.276,0
-8.999,1.83,1.582,0
-8.891,2.673,1.757,0
-8.726,3.226,1.924,0
-8.633,3.406,2.16,0
-8.682,3.11,2.497,0
-8.931,2.345,2.867,0
-9.436,1.298,3.095,0
-9.973,0.245,2.625,0
-10.188,-0.773,2.016,0
-10.007,-1.824,1.654,0
-9.466,-2.811,1.339,0
-8.89,-3.573,1.027,0
-8.6,-4.09,0.833,0
-8.574,-4.385,0.705,0
-8.736,-4.409,0.653,0
-9.042,-4.182,0.617,0
-9.32,-3.856,0.599,0
-9.469,-3.485,0.67,0
-9.557,-3.087,0.738,0
-9.647,-2.769,0.86,0
-9.766,-2.515,0.968,0
-9.842,-2.334,0.968,0
-9.94,-2.173,1.1,0
-10.012,-1.997,1.198,0
-9.977,-1.896,1.424,0
-9.903,-1.893,1.647,0
-9.925,-1.933,1.909,0
-10.018,-1.957,2.105,0
-10.124,-1.89,2.086,0
-10.292,-1.689,2.063,0
-10.525,-1.387,2.178,0
-10.833,-1.024,2.449,0
-11.178,-0.644,2.961,0
-11.407,-0.179,3.338,0
-11.314,0.523,2.992,0
-10.875,1.396,2.344,0
-10.288,1.792,2.258,0
-9.834,1.561,2.549,0
-9.679,1.07,2.907,0
-9.784,0.472,3.039,0
-10.039,-0.118,2.926,0
-10.291,-0.622,2.6,0
-10.386,-0.901,2.222,0
-10.141,-0.878,2.005,0
-9.781,-0.584,1.892,0
-9.492,-0.153,2.027,0
-9.247,0.322,2.173,0
-8.978,0.823,2.319,0
-8.764,1.265,2.454,0
-8.447,1.719,2.316,0
-8.109,2.154,2.405,0
-7.847,2.536,2.375,0
-7.651,2.839,2.298,0
-7.385,3.078,2.13,0
-7.002,3.249,2.06,0
-6.703,3.296,1.983,0
-6.546,3.271,1.829,0
-6.588,3.058,1.832,0
-6.803,2.713,1.946,0
-7.122,2.377,2.082,0
-7.511,2.005,2.154,0
-7.982,1.581,2.327,0
-8.429,1.174,2.307,0
-8.784,0.843,2.134,0
-8.953,0.569,2.112,0
-8.963,0.468,2.1,0
-8.832,0.567,2.308,0
-8.787,0.84,2.739,0
-8.676,1.097,2.777,0
-8.522,1.2,2.944,0
-8.613,1.031,4.209,0
-9.364,0.531,6.267,0
-10.11,0.012,6.348,0
-9.766,-0.12,3.032,0
-8.279,-0.392,0.68,0
-6.986,-0.69,1.337,0
-6.707,-0.621,1.881,0
-7.048,-0.287,1.827,0
-7.597,0.365,2.086,0
-8.057,1.177,2.391,0
-8.369,2.057,2.437,0
-8.281,2.732,2.316,0
-7.929,2.873,2.287,0
-8.077,2.389,2.515,0
-8.694,1.619,2.686,0
-9.342,0.849,2.631,0
-9.524,0.123,2.892,0
-9.387,-0.414,3.062,0
-9.284,-0.83,2.998,0
-9.406,-1.188,3.067,0
-9.697,-1.473,2.986,0
-9.895,-1.618,2.767,0
-9.886,-1.629,2.724,0
-9.74,-1.431,2.719,0
-9.477,-1.094,2.73,0
-9.29,-0.629,2.762,0
-9.178,-0.22,2.842,0
-9.024,0.001,2.894,0
-8.799,0.136,2.834,0
-8.539,0.125,2.783,0
-8.31,0.088,2.803,0
-8.189,0.043,2.799,0
-8.178,-0.036,2.889,0
-8.164,-0.094,2.819,0
-8.187,-0.161,2.661,0
-8.246,-0.239,2.702,0
-8.369,-0.35,2.81,0
-8.56,-0.412,2.729,0
-8.624,-0.444,2.641,0
-8.678,-0.45,2.65,0
-8.641,-0.484,2.682,0
-8.661,-0.545,2.84,0
-8.746,-0.566,2.842,0
-8.791,-0.581,2.975,0
-8.823,-0.556,3.064,0
-8.824,-0.511,3.023,0
-8.795,-0.388,2.862,0
-8.732,-0.301,2.948,0
-8.695,-0.219,3.025,0
-8.59,-0.169,3.036,0
-8.657,-0.145,3.114,0
-8.794,-0.114,3.104,0
-8.742,-0.141,3.025,0
-8.755,-0.179,2.988,0
-8.883,-0.225,3.083,0
-8.957,-0.201,3.023,0
-9.024,-0.247,3.172,0
-9.026,-0.285,3.319,0
-9.147,-0.301,3.314,0
-9.276,-0.351,3.239,0
-9.324,-0.407,3.337,0
-9.432,-0.396,3.296,0
-9.443,-0.384,3.197,0
-9.419,-0.385,3.427,0
-9.41,-0.388,3.674,0
-9.371,-0.298,3.565,0
-9.448,-0.24,3.355,0
-9.577,-0.225,3.38,0
-9.55,-0.205,3.323,0
-9.526,-0.183,3.249,0
-9.43,-0.209,3.236,0
-9.419,-0.227,3.245,0
-9.39,-0.223,3.124,0
-9.348,-0.197,3.111,0
-9.242,-0.183,3.113,0
-9.221,-0.057,2.978,0
-9.095,0.069,2.876,0
-9.006,0.151,3.045,0
-8.805,0.208,2.972,0
-8.669,0.253,2.869,0
-8.601,0.198,2.74,0
-8.546,0.155,2.697,0
-8.573,0.173,2.468,0
-8.571,0.18,2.245,0
-8.585,0.237,2.234,0
-8.568,0.275,2.242,0
-8.503,0.357,2.153,0
-8.455,0.413,2.078,0
-8.46,0.44,2.041,0
-8.396,0.421,2.048,0
-8.319,0.406,1.978,0
-8.189,0.427,1.849,0
-8.106,0.436,1.91,0
-8.144,0.403,1.915,0
-8.292,0.358,1.887,0
-8.604,0.175,1.857,0
-9.203,-0.036,1.839,0
-9.99,-0.279,1.949,0
-11.033,-0.49,2.133,0
-12.067,-0.597,1.95,0
-13.044,-0.835,1.829,0
-14.407,-1.156,1.805,0
-15.655,-1.34,1.382,0
-16.477,-1.353,0.68,0
-17.153,-1.22,0.037,0
-17.519,-1.13,-0.501,0
-16.835,-1.257,-1.264,0
-15.313,-1.262,-1.627,0
-13.892,-1.186,-1.628,0
-12.927,-1.186,-1.746,0
-12.315,-1.391,-1.829,0
-11.647,-1.541,-2.062,0
-10.743,-1.558,-2.287,0
-9.771,-1.403,-2.457,0
-8.959,-1.164,-2.51,0
-8.373,-0.893,-2.54,0
-7.919,-0.765,-2.583,0
-7.604,-0.725,-2.493,0
-7.552,-0.704,-2.423,0
-7.711,-0.645,-2.608,0
-7.623,-0.664,-2.581,0
-7.715,-0.681,-2.454,0
-8.007,-0.775,-2.461,0
-8.383,-0.816,-2.33,0
-8.781,-0.756,-2.185,0
-9.114,-0.649,-2.075,0
-9.461,-0.52,-1.891,0
-9.878,-0.413,-1.62,0
-10.118,-0.31,-1.574,0
-10.321,-0.21,-1.347,0
-10.559,-0.118,-1.306,0
-10.818,-0.125,-1.371,0
-11.026,-0.075,-1.251,0
-11.056,-0.045,-1.31,0
-11.065,-0.047,-1.515,0
-11.052,-0.121,-1.565,0
-11.046,-0.236,-1.626,0
-10.962,-0.273,-1.692,0
-10.865,-0.311,-1.73,0
-10.653,-0.278,-1.821,0
-10.341,-0.184,-1.859,0
-10.03,-0.113,-1.861,0
-9.795,-0.042,-1.907,0
-9.717,-0.01,-2.029,0
-9.659,0.03,-2.213,0
-9.55,-0.015,-2.255,0
-9.422,-0.129,-2.228,0
-9.392,-0.177,-2.325,0
-9.421,-0.199,-2.495,0
-9.406,-0.219,-2.544,0
-9.373,-0.226,-2.567,0
-9.343,-0.276,-2.563,0
-9.36,-0.355,-2.529,0
-9.412,-0.46,-2.49,0
-9.462,-0.544,-2.503,0
-9.476,-0.656,-2.546,0
-9.484,-0.744,-2.605,0
-9.551,-0.777,-2.659,0
-9.6,-0.796,-2.677,0
-9.634,-0.782,-2.616,0
-9.705,-0.714,-2.482,0
-9.687,-0.732,-2.446,0
-9.583,-0.695,-2.525,0
-9.501,-0.654,-2.447,0
-9.503,-0.578,-2.311,0
-9.553,-0.498,-2.212,0
-9.618,-0.398,-2.241,0
-9.614,-0.362,-2.273,0
-9.567,-0.379,-2.244,0
-9.526,-0.375,-2.248,0
-9.431,-0.376,-2.169,0
-9.433,-0.275,-2.303,0
-9.465,-0.225,-2.23,0
-9.421,-0.152,-2.228,0
-9.339,-0.121,-2.364,0
-9.3,-0.037,-2.303,0
-9.269,0.033,-2.291,0
-9.24,0.07,-2.33,0
-9.143,0.096,-2.343,0
-9.06,0.09,-2.355,0
-9.155,0.116,-2.414,0
-9.242,0.133,-2.446,0
-9.375,0.135,-2.468,0
-9.431,0.134,-2.497,0
-9.423,0.105,-2.47,0
-9.473,0.079,-2.45,0
-9.44,0.04,-2.436,0
-9.431,0.047,-2.456,0
-9.456,0.106,-2.535,0
-9.449,0.141,-2.676,0
-9.43,0.153,-2.768,0
-9.424,0.202,-2.783,0
-9.444,0.261,-2.768,0
-9.408,0.316,-2.691,0
-9.392,0.411,-2.664,0
-9.36,0.433,-2.639,0
-9.334,0.452,-2.615,0
-9.343,0.457,-2.662,0
-9.303,0.465,-2.75,0
-9.347,0.453,-2.766,0
-9.367,0.426,-2.658,0
-9.312,0.456,-2.572,0
-9.26,0.469,-2.581,0
-9.257,0.449,-2.612,0
-9.259,0.39,-2.637,0
-9.251,0.311,-2.649,0
-9.234,0.327,-2.662,0
-9.217,0.363,-2.701,0
-9.214,0.417,-2.66,0
-9.211,0.493,-2.588,0
-9.177,0.524,-2.642,0
-9.133,0.481,-2.703,0
-9.216,0.446,-2.669,0
-9.352,0.417,-2.69,0
-9.455,0.414,-2.784,0
-9.333,0.416,-2.709,0
-9.174,0.387,-2.61,0
-9.23,0.316,-2.694,0
-9.379,0.323,-2.745,0
-9.384,0.375,-2.838,0
-9.243,0.417,-2.972,0
-9.1,0.348,-3.071,0
-9.031,0.176,-3.102,0
-9.113,0.058,-3.145,0
-9.318,0.034,-3.281,0
-9.408,0.074,-3.357,0
-9.43,0.185,-3.328,0
-9.39,0.348,-3.276,0
-9.359,0.53,-3.141,0
-9.333,0.691,-3.058,0
-9.279,0.816,-3.096,0
-9.151,0.877,-3.126,0
-9.061,0.896,-3.225,0
-9.037,0.844,-3.281,0
-9.004,0.731,-3.191,0
-8.987,0.636,-3.157,0
-9.018,0.578,-3.205,0
-9.041,0.493,-3.277,0
-9.087,0.388,-3.31,0
-9.173,0.307,-3.355,0
-9.234,0.278,-3.398,0
-9.265,0.254,-3.399,0
-9.327,0.32,-3.401,0
-9.326,0.426,-3.351,0
-9.251,0.497,-3.206,0
-9.198,0.574,-3.134,0
-9.18,0.666,-3.196,0
-9.155,0.727,-3.189,0
-9.102,0.748,-3.146,0
-9.058,0.738,-3.08,0
-9.057,0.725,-3.04,0
-9.081,0.712,-3.006,0
-9.096,0.714,-3.015,0
-9.099,0.667,-3.002,0
-9.089,0.631,-2.977,0
-9.096,0.622,-2.972,0
-9.084,0.631,-3.003,0
-9.116,0.645,-2.992,0
-9.127,0.625,-3.083,0
-9.118,0.595,-3.117,0
-9.149,0.562,-3.13,0
-9.164,0.54,-3.155,0
-9.218,0.536,-3.191,0
-9.224,0.528,-3.238,0
-9.198,0.57,-3.263,0
-9.175,0.594,-3.265,0
-9.134,0.62,-3.243,0
-9.118,0.65,-3.189,0
-9.102,0.674,-3.189,0
-9.087,0.674,-3.142,0
-9.06,0.655,-3.126,0
-9.045,0.623,-3.112,0
-9.033,0.574,-3.116,0
-9.051,0.529,-3.123,0
-9.074,0.469,-3.132,0
-9.078,0.417,-3.181,0
-9.113,0.368,-3.213,0
-9.153,0.335,-3.2,0
-9.186,0.302,-3.192,0
-9.187,0.325,-3.224,0
-9.175,0.383,-3.254,0
-9.155,0.455,-3.247,0
-9.133,0.522,-3.206,0
-9.124,0.573,-3.209,0
-9.085,0.609,-3.177,0
-9.075,0.642,-3.193,0
-9.064,0.635,-3.191,0
-9.075,0.613,-3.141,0
-9.076,0.584,-3.146,0
-9.083,0.568,-3.176,0
-9.101,0.557,-3.162,0
-9.101,0.543,-3.177,0
-9.125,0.53,-3.209,0
-9.148,0.522,-3.177,0
-9.168,0.54,-3.241,0
-9.135,0.562,-3.309,0
-9.112,0.564,-3.288,0
-9.109,0.569,-3.249,0
-9.112,0.596,-3.231,0
-9.107,0.652,-3.261,0
-9.073,0.725,-3.254,0
-9.027,0.776,-3.234,0
-9.001,0.787,-3.234,0
-9.01,0.787,-3.216,0
-9.019,0.76,-3.221,0
-9.018,0.715,-3.21,0
-9.029,0.688,-3.221,0
-9.044,0.655,-3.268,0
-9.096,0.656,-3.293,0
-9.114,0.652,-3.336,0
-9.115,0.638,-3.347,0
-9.111,0.62,-3.354,0
-9.13,0.623,-3.349,0
-9.119,0.602,-3.331,0
-9.1,0.611,-3.31,0
-9.093,0.622,-3.333,0
-9.104,0.62,-3.327,0
-9.082,0.617,-3.275,0
-9.1,0.647,-3.245,0
-9.091,0.665,-3.222,0
-9.062,0.669,-3.218,0
-9.053,0.685,-3.236,0
