AccV,AccML,AccAP,FoG
-9.579,-0.237,-0.259,0
-9.58,-0.235,-0.251,0
-9.569,-0.226,-0.258,0
-9.571,-0.24,-0.265,0
-9.57,-0.241,-0.262,0
-9.566,-0.258,-0.267,0
-9.57,-0.264,-0.264,0
-9.574,-0.259,-0.262,0
-9.574,-0.264,-0.269,0
-9.573,-0.26,-0.272,0
-9.574,-0.269,-0.28,0
-9.581,-0.255,-0.266,0
-9.58,-0.249,-0.24,0
-9.58,-0.256,-0.188,0
-9.586,-0.262,-0.169,0
-9.59,-0.275,-0.154,0
-9.577,-0.274,-0.154,0
-9.581,-0.276,-0.145,0
-9.577,-0.285,-0.14,0
-9.586,-0.276,-0.145,0
-9.586,-0.271,-0.133,0
-9.585,-0.268,-0.137,0
-9.579,-0.278,-0.168,0
-9.579,-0.284,-0.19,0
-9.584,-0.278,-0.208,0
-9.584,-0.274,-0.24,0
-9.588,-0.269,-0.262,0
-9.571,-0.269,-0.244,0
-9.577,-0.267,-0.174,0
-9.582,-0.265,-0.197,0
-9.584,-0.26,-0.249,0
-9.579,-0.275,-0.287,0
-9.58,-0.249,-0.326,0
-9.582,-0.235,-0.276,0
-9.586,-0.244,-0.226,0
-9.584,-0.262,-0.213,0
-9.583,-0.275,-0.219,0
-9.576,-0.282,-0.214,0
-9.591,-0.283,-0.197,0
-9.591,-0.279,-0.175,0
-9.582,-0.278,-0.165,0
-9.582,-0.29,-0.165,0
-9.586,-0.291,-0.154,0
-9.582,-0.285,-0.161,0
-9.602,-0.283,-0.152,0
-9.597,-0.279,-0.149,0
-9.591,-0.283,-0.159,0
-9.596,-0.276,-0.193,0
-9.578,-0.267,-0.213,0
-9.582,-0.272,-0.229,0
-9.579,-0.26,-0.228,0
-9.582,-0.274,-0.186,0
-9.584,-0.278,-0.163,0
-9.586,-0.282,-0.167,0
-9.585,-0.286,-0.188,0
-9.584,-0.283,-0.222,0
-9.593,-0.278,-0.219,0
-9.584,-0.285,-0.204,0
-9.593,-0.278,-0.197,0
-9.586,-0.289,-0.188,0
-9.579,-0.289,-0.201,0
-9.591,-0.285,-0.192,0
-9.588,-0.278,-0.186,0
-9.591,-0.276,-0.188,0
-9.591,-0.264,-0.188,0
-9.593,-0.262,-0.195,0
-9.584,-0.269,-0.197,0
-9.596,-0.263,-0.19,0
-9.594,-0.279,-0.17,0
-9.577,-0.28,-0.172,0
-9.581,-0.271,-0.179,0
-9.589,-0.269,-0.192,0
-9.586,-0.262,-0.203,0
-9.584,-0.26,-0.204,0
-9.591,-0.264,-0.19,0
-9.595,-0.278,-0.185,0
-9.595,-0.28,-0.206,0
-9.589,-0.271,-0.233,0
-9.58,-0.265,-0.192,0
-9.587,-0.258,-0.156,0
-9.593,-0.262,-0.17,0
-9.609,-0.262,-0.201,0
-9.584,-0.264,-0.228,0
-9.593,-0.262,-0.213,0
-9.593,-0.264,-0.194,0
-9.588,-0.286,-0.179,0
-9.6,-0.298,-0.154,0
-9.582,-0.297,-0.173,0
-9.587,-0.272,-0.17,0
-9.586,-0.251,-0.176,0
-9.58,-0.242,-0.174,0
-9.582,-0.254,-0.172,0
-9.58,-0.263,-0.156,0
-9.589,-0.267,-0.154,0
-9.586,-0.266,-0.163,0
-9.585,-0.263,-0.156,0
-9.584,-0.262,-0.17,0
-9.579,-0.266,-0.165,0
-9.591,-0.258,-0.168,0
-9.591,-0.251,-0.177,0
-9.588,-0.271,-0.195,0
-9.584,-0.275,-0.215,0
-9.577,-0.274,-0.21,0
-9.588,-0.296,-0.185,0
-9.599,-0.291,-0.158,0
-9.593,-0.278,-0.172,0
-9.592,-0.261,-0.188,0
-9.585,-0.247,-0.193,0
-9.586,-0.237,-0.194,0
-9.589,-0.256,-0.172,0
-9.582,-0.265,-0.17,0
-9.589,-0.26,-0.174,0
-9.584,-0.26,-0.174,0
-9.585,-0.254,-0.184,0
-9.58,-0.258,-0.192,0
-9.585,-0.256,-0.192,0
-9.583,-0.263,-0.197,0
-9.586,-0.255,-0.206,0
-9.581,-0.262,-0.208,0
-9.584,-0.267,-0.206,0
-9.58,-0.265,-0.195,0
-9.586,-0.262,-0.19,0
-9.602,-0.259,-0.19,0
-9.588,-0.259,-0.192,0
-9.582,-0.253,-0.186,0
-9.59,-0.261,-0.186,0
-9.586,-0.253,-0.172,0
-9.589,-0.244,-0.176,0
-9.577,-0.257,-0.183,0
-9.581,-0.248,-0.16,0
-9.585,-0.242,-0.12,0
-9.59,-0.254,-0.118,0
-9.585,-0.254,-0.13,0
-9.577,-0.232,-0.147,0
-9.582,-0.242,-0.163,0
-9.585,-0.242,-0.163,0
-9.589,-0.262,-0.152,0
-9.581,-0.271,-0.149,0
-9.584,-0.272,-0.168,0
-9.579,-0.267,-0.181,0
-9.58,-0.255,-0.199,0
-9.582,-0.265,-0.199,0
-9.585,-0.267,-0.204,0
-9.58,-0.27,-0.213,0
-9.58,-0.274,-0.211,0
-9.585,-0.261,-0.197,0
-9.585,-0.27,-0.206,0
-9.585,-0.253,-0.215,0
-9.582,-0.242,-0.197,0
-9.582,-0.24,-0.192,0
-9.595,-0.253,-0.181,0
-9.584,-0.26,-0.177,0
-9.593,-0.244,-0.174,0
-9.591,-0.253,-0.192,0
-9.592,-0.24,-0.172,0
-9.585,-0.238,-0.154,0
-9.581,-0.245,-0.127,0
-9.584,-0.246,-0.145,0
-9.58,-0.244,-0.156,0
-9.58,-0.245,-0.154,0
-9.583,-0.247,-0.143,0
-9.591,-0.249,-0.127,0
-9.595,-0.253,-0.122,0
-9.585,-0.258,-0.138,0
-9.587,-0.269,-0.154,0
-9.6,-0.278,-0.174,0
-9.582,-0.271,-0.161,0
-9.587,-0.265,-0.172,0
-9.587,-0.263,-0.179,0
-9.584,-0.269,-0.174,0
-9.582,-0.265,-0.186,0
-9.581,-0.269,-0.188,0
-9.58,-0.267,-0.188,0
-9.58,-0.251,-0.204,0
-9.582,-0.239,-0.212,0
-9.584,-0.249,-0.195,0
-9.58,-0.249,-0.199,0
-9.589,-0.242,-0.195,0
-9.582,-0.235,-0.213,0
-9.585,-0.231,-0.204,0
-9.581,-0.229,-0.218,0
-9.58,-0.226,-0.199,0
-9.581,-0.236,-0.202,0
-9.58,-0.246,-0.197,0
-9.583,-0.245,-0.17,0
-9.593,-0.237,-0.122,0
-9.591,-0.251,-0.109,0
-9.597,-0.246,-0.122,0
-9.58,-0.265,-0.125,0
-9.582,-0.269,-0.134,0
-9.599,-0.275,-0.12,0
-9.591,-0.274,-0.113,0
-9.596,-0.277,-0.121,0
-9.6,-0.274,-0.118,0
-9.589,-0.265,-0.147,0
-9.586,-0.269,-0.161,0
-9.591,-0.258,-0.168,0
-9.589,-0.247,-0.186,0
-9.584,-0.253,-0.199,0
-9.582,-0.251,-0.215,0
-9.584,-0.25,-0.221,0
-9.579,-0.239,-0.224,0
-9.58,-0.238,-0.229,0
-9.58,-0.237,-0.217,0
-9.58,-0.237,-0.244,0
-9.58,-0.249,-0.247,0
-9.582,-0.257,-0.233,0
-9.579,-0.262,-0.192,0
-9.593,-0.26,-0.159,0
-9.595,-0.262,-0.127,0
-9.596,-0.251,-0.116,0
-9.603,-0.244,-0.12,0
-9.616,-0.246,-0.12,0
-9.61,-0.246,-0.118,0
-9.598,-0.26,-0.127,0
-9.607,-0.251,-0.141,0
-9.602,-0.262,-0.143,0
-9.603,-0.24,-0.168,0
-9.612,-0.246,-0.165,0
-9.611,-0.248,-0.174,0
-9.616,-0.262,-0.177,0
-9.609,-0.273,-0.179,0
-9.613,-0.264,-0.185,0
-9.633,-0.273,-0.185,0
-9.615,-0.268,-0.188,0
-9.627,-0.241,-0.183,0
-9.633,-0.234,-0.185,0
-9.634,-0.232,-0.174,0
-9.691,-0.213,-0.174,0
-10.013,-0.111,-0.167,0
-9.824,-0.154,-0.113,0
-9.718,-0.185,-0.09,0
-9.716,-0.172,-0.075,0
-9.632,-0.189,-0.095,0
-9.673,-0.166,-0.147,0
-9.629,-0.144,-0.106,0
-9.541,-0.149,-0.116,0
-9.646,-0.142,-0.124,0
-9.649,-0.167,-0.107,0
-9.578,-0.132,-0.098,0
-9.622,-0.133,-0.135,0
-9.635,-0.19,-0.118,0
-9.713,-0.128,-0.154,0
-9.64,-0.154,-0.125,0
-9.649,-0.149,-0.145,0
-9.635,-0.144,-0.113,0
-9.717,-0.127,-0.176,0
-9.642,-0.153,-0.12,0
-9.74,-0.127,-0.183,0
-9.794,-0.067,-0.271,0
-9.74,-0.173,-0.185,0
-9.711,-0.172,-0.115,0
-9.722,-0.187,-0.208,0
-9.717,-0.23,-0.14,0
-9.687,-0.161,-0.237,0
-9.677,-0.166,-0.194,0
-9.763,-0.191,-0.226,0
-9.616,-0.1,-0.129,0
-9.754,-0.181,-0.095,0
-9.648,-0.155,-0.608,0
-9.51,-0.024,-1.026,0
-9.7,-0.147,-0.307,0
-9.66,-0.18,-0.116,0
-9.697,-0.172,-0.108,0
-9.666,-0.188,-0.104,0
-9.664,-0.169,-0.131,0
-9.673,-0.182,-0.122,0
-9.687,-0.166,-0.113,0
-9.723,-0.195,-0.106,0
-9.757,-0.145,-0.084,0
-9.746,-0.131,-0.063,0
-9.748,-0.126,-0.025,0
-9.733,0.056,0.079,0
-9.676,-0.011,0.045,0
-9.742,0.014,0.009,0
-9.591,0.073,0.074,0
-9.7,0.086,0.013,0
-9.654,0.151,0.14,0
-9.739,0.127,0.115,0
-9.708,0.194,0.189,0
-9.735,0.129,0.133,0
-9.746,-0.006,0.076,0
-9.785,0.031,0.135,0
-9.733,0.026,0.208,0
-9.729,-0.043,0.233,0
-9.739,-0.143,0.242,0
-9.723,-0.161,0.287,0
-9.684,-0.209,0.309,0
-9.705,-0.257,0.256,0
-9.691,-0.225,0.302,0
-9.657,-0.23,0.336,0
-9.69,-0.244,0.349,0
-9.639,-0.203,0.404,0
-9.639,-0.185,0.44,0
-9.626,-0.178,0.47,0
-9.642,-0.144,0.49,0
-9.649,-0.12,0.479,0
-9.706,-0.08,0.504,0
-9.693,-0.067,0.531,0
-9.789,0.013,0.596,0
-9.777,-0.003,0.569,0
-9.762,0.049,0.561,0
-9.775,0.114,0.621,0
-9.75,0.127,0.571,0
-9.726,0.133,0.601,0
-9.694,0.135,0.569,0
-9.658,0.103,0.546,0
-9.644,0.096,0.567,0
-9.596,0.075,0.605,0
-9.628,0.039,0.691,0
-9.625,0.016,0.706,0
-9.639,0.028,0.711,0
-9.655,0.049,0.718,0
-9.671,0.065,0.758,0
-9.665,0.112,0.799,0
-9.643,0.163,0.808,0
-9.642,0.206,0.855,0
-9.627,0.239,0.928,0
-9.611,0.275,0.975,0
-9.566,0.27,0.987,0
-9.568,0.247,1.032,0
-9.518,0.229,1.089,0
-9.542,0.204,1.088,0
-9.524,0.179,1.12,0
-9.563,0.168,1.131,0
-9.537,0.134,1.203,0
-9.541,0.118,1.244,0
-9.573,0.114,1.305,0
-9.584,0.13,1.289,0
-9.558,0.134,1.311,0
-9.551,0.161,1.359,0
-9.533,0.194,1.395,0
-9.522,0.217,1.425,0
-9.509,0.243,1.395,0
-9.478,0.24,1.436,0
-9.435,0.238,1.558,0
-9.39,0.223,1.621,0
-9.347,0.209,1.6,0
-9.252,0.187,1.607,0
-9.168,0.166,1.614,0
-9.138,0.156,1.605,0
-9.129,0.145,1.637,0
-9.116,0.181,1.702,0
-9.15,0.227,1.746,0
-9.214,0.225,1.786,0
-9.286,0.244,1.77,0
-9.363,0.243,1.759,0
-9.406,0.232,1.756,0
-9.46,0.25,1.777,0
-9.499,0.276,1.795,0
-9.51,0.327,1.802,0
-9.494,0.373,1.833,0
-9.461,0.429,1.847,0
-9.423,0.467,1.858,0
-9.412,0.482,1.867,0
-9.374,0.486,1.878,0
-9.313,0.466,1.905,0
-9.285,0.428,1.925,0
-9.26,0.396,1.935,0
-9.251,0.36,1.943,0
-9.224,0.326,1.955,0
-9.22,0.314,1.971,0
-9.198,0.312,1.971,0
-9.195,0.319,1.977,0
-9.171,0.338,1.989,0
-9.162,0.374,1.977,0
-9.17,0.392,2.007,0
-9.18,0.419,2.011,0
-9.203,0.437,2.015,0
-9.231,0.443,2.027,0
-9.253,0.432,2.028,0
-9.274,0.421,2.041,0
-9.308,0.424,2.032,0
-9.33,0.402,1.998,0
-9.336,0.382,1.991,0
-9.336,0.375,1.991,0
-9.35,0.384,1.973,0
-9.363,0.385,1.953,0
-9.363,0.385,1.944,0
-9.377,0.382,1.925,0
-9.374,0.365,1.903,0
-9.379,0.361,1.921,0
-9.374,0.369,1.905,0
-9.355,0.375,1.916,0
-9.339,0.381,1.914,0
-9.33,0.384,1.907,0
-9.332,0.386,1.894,0
-9.332,0.388,1.878,0
-9.336,0.379,1.862,0
-9.338,0.382,1.867,0
-9.341,0.377,1.858,0
-9.356,0.364,1.858,0
-9.372,0.362,1.855,0
-9.406,0.374,1.844,0
-9.417,0.376,1.822,0
-9.435,0.381,1.824,0
-9.438,0.388,1.833,0
-9.456,0.386,1.815,0
-9.448,0.368,1.811,0
-9.478,0.359,1.812,0
-9.477,0.335,1.795,0
-9.477,0.328,1.797,0
-9.479,0.326,1.797,0
-9.459,0.33,1.779,0
-9.457,0.334,1.754,0
-9.437,0.345,1.752,0
-9.419,0.37,1.731,0
-9.401,0.363,1.729,0
-9.392,0.365,1.705,0
-9.408,0.351,1.686,0
-9.444,0.331,1.679,0
-9.473,0.337,1.648,0
-9.486,0.335,1.63,0
-9.496,0.343,1.627,0
-9.494,0.348,1.629,0
-9.5,0.335,1.65,0
-9.522,0.327,1.661,0
-9.532,0.326,1.639,0
-9.535,0.304,1.63,0
-9.545,0.286,1.609,0
-9.555,0.273,1.573,0
-9.546,0.275,1.558,0
-9.542,0.259,1.537,0
-9.537,0.259,1.506,0
-9.511,0.244,1.484,0
-9.505,0.225,1.474,0
-9.498,0.223,1.468,0
-9.523,0.23,1.46,0
-9.541,0.23,1.46,0
-9.564,0.262,1.418,0
-9.607,0.278,1.406,0
-9.63,0.301,1.411,0
-9.637,0.318,1.398,0
-9.628,0.329,1.398,0
-9.626,0.319,1.393,0
-9.623,0.304,1.399,0
-9.611,0.279,1.402,0
-9.604,0.247,1.382,0
-9.588,0.236,1.359,0
-9.604,0.218,1.359,0
-9.597,0.227,1.359,0
-9.593,0.241,1.361,0
-9.571,0.26,1.359,0
-9.557,0.282,1.363,0
-9.545,0.302,1.372,0
-9.518,0.315,1.368,0
-9.511,0.331,1.368,0
-9.5,0.34,1.356,0
-9.512,0.328,1.372,0
-9.525,0.326,1.359,0
-9.54,0.313,1.323,0
-9.558,0.323,1.329,0
-9.581,0.325,1.314,0
-9.574,0.334,1.3,0
-9.581,0.345,1.295,0
-9.573,0.356,1.298,0
-9.584,0.359,1.282,0
-9.581,0.367,1.267,0
-9.604,0.348,1.255,0
-9.62,0.351,1.239,0
-9.617,0.33,1.214,0
-9.615,0.321,1.219,0
-9.623,0.302,1.226,0
-9.629,0.303,1.234,0
-9.619,0.297,1.228,0
-9.605,0.281,1.239,0
-9.588,0.275,1.246,0
-9.582,0.267,1.241,0
-9.571,0.278,1.255,0
-9.533,0.286,1.241,0
-9.506,0.307,1.215,0
-9.486,0.315,1.221,0
-9.489,0.333,1.214,0
-9.501,0.35,1.196,0
-9.499,0.391,1.185,0
-9.513,0.403,1.207,0
-9.541,0.404,1.174,0
-9.557,0.413,1.149,0
-9.582,0.427,1.158,0
-9.594,0.424,1.155,0
-9.621,0.418,1.124,0
-9.638,0.417,1.124,0
-9.666,0.405,1.13,0
-9.686,0.39,1.128,0
-9.669,0.383,1.126,0
-9.667,0.397,1.102,0
-9.649,0.385,1.092,0
-9.624,0.401,1.102,0
-9.62,0.416,1.092,0
-9.605,0.425,1.076,0
-9.589,0.45,1.074,0
-9.582,0.454,1.104,0
-9.594,0.472,1.092,0
-9.567,0.478,1.076,0
-9.554,0.492,1.081,0
-9.554,0.498,1.076,0
-9.538,0.496,1.063,0
-9.539,0.505,1.069,0
-9.541,0.493,1.078,0
-9.531,0.473,1.065,0
-9.524,0.476,1.068,0
-9.513,0.469,1.058,0
-9.517,0.458,1.036,0
-9.54,0.446,1.038,0
-9.556,0.449,1.038,0
-9.58,0.454,1.045,0
-9.596,0.477,1.031,0
-9.631,0.497,1.02,0
-9.656,0.509,1.022,0
-9.663,0.554,1.015,0
-9.65,0.583,0.999,0
-9.65,0.608,1.024,0
-9.659,0.627,1.034,0
-9.653,0.633,1.02,0
-9.63,0.624,1.018,0
-9.604,0.604,0.992,0
-9.591,0.599,0.959,0
-9.549,0.591,0.961,0
-9.563,0.606,1.004,0
-9.561,0.622,0.916,0
-9.529,0.631,0.907,0
-9.521,0.574,0.871,0
-9.5,0.637,0.922,0
-9.5,0.617,0.907,0
-9.513,0.656,0.878,0
-9.528,0.682,0.882,0
-9.537,0.735,0.882,0
-9.592,0.744,0.861,0
-9.62,0.709,0.796,0
-9.649,0.669,0.796,0
-9.649,0.673,0.805,0
-9.666,0.784,0.948,0
-9.722,0.704,0.758,0
-9.707,0.758,0.821,0
-9.725,0.781,0.882,0
-9.721,0.771,0.798,0
-9.713,0.765,0.821,0
-9.696,0.764,0.828,0
-9.663,0.735,0.805,0
-9.641,0.714,0.819,0
-9.616,0.677,0.814,0
-9.59,0.644,0.815,0
-9.575,0.635,0.841,0
-9.572,0.629,0.837,0
-9.549,0.611,0.839,0
-9.546,0.6,0.842,0
-9.572,0.544,0.821,0
-9.593,0.526,0.81,0
-9.613,0.529,0.846,0
-9.629,0.511,0.83,0
-9.653,0.473,0.823,0
-9.66,0.469,0.841,0
-9.659,0.476,0.821,0
-9.672,0.454,0.788,0
-9.681,0.431,0.821,0
-9.681,0.404,0.806,0
-9.672,0.406,0.808,0
-9.65,0.442,0.823,0
-9.626,0.454,0.852,0
-9.611,0.479,0.862,0
-9.572,0.477,0.866,0
-9.556,0.488,0.873,0
-9.541,0.491,0.87,0
-9.523,0.491,0.859,0
-9.523,0.493,0.852,0
-9.554,0.494,0.841,0
-9.562,0.507,0.852,0
-9.577,0.512,0.83,0
-9.582,0.521,0.832,0
-9.575,0.53,0.844,0
-9.571,0.548,0.825,0
-9.58,0.546,0.839,0
-9.588,0.549,0.853,0
-9.569,0.545,0.848,0
-9.564,0.528,0.85,0
-9.559,0.528,0.841,0
-9.55,0.53,0.825,0
-9.551,0.548,0.821,0
-9.558,0.55,0.814,0
-9.559,0.544,0.808,0
-9.562,0.546,0.791,0
-9.557,0.541,0.789,0
-9.557,0.548,0.785,0
-9.58,0.537,0.758,0
-9.6,0.551,0.762,0
-9.59,0.542,0.756,0
-9.597,0.558,0.742,0
-9.595,0.549,0.738,0
-9.593,0.549,0.751,0
-9.595,0.543,0.733,0
-9.599,0.527,0.735,0
-9.599,0.543,0.752,0
-9.598,0.547,0.747,0
-9.6,0.524,0.751,0
-9.609,0.529,0.765,0
-9.609,0.526,0.751,0
-9.606,0.5,0.744,0
-9.595,0.511,0.74,0
-9.581,0.509,0.702,0
-9.58,0.468,0.652,0
-9.572,0.474,0.638,0
-9.572,0.457,0.604,0
-9.59,0.436,0.57,0
-9.59,0.454,0.572,0
-9.625,0.464,0.539,0
-9.643,0.487,0.557,0
-9.656,0.516,0.62,0
-9.652,0.527,0.62,0
-9.645,0.536,0.629,0
-9.633,0.547,0.656,0
-9.629,0.552,0.647,0
-9.616,0.549,0.636,0
-9.611,0.554,0.622,0
-9.591,0.565,0.634,0
-9.564,0.571,0.636,0
-9.553,0.566,0.624,0
-9.515,0.574,0.647,0
-9.478,0.556,0.701,0
-9.478,0.538,0.659,0
-9.476,0.489,0.711,0
-9.507,0.42,0.657,0
-9.559,0.38,0.649,0
-9.605,0.354,0.659,0
-9.626,0.368,0.677,0
-9.658,0.386,0.659,0
-9.677,0.418,0.656,0
-9.683,0.434,0.623,0
-9.686,0.458,0.616,0
-9.704,0.459,0.58,0
-9.695,0.465,0.562,0
-9.688,0.455,0.564,0
-9.67,0.452,0.596,0
-9.653,0.451,0.595,0
-9.646,0.464,0.545,0
-9.624,0.48,0.548,0
-9.605,0.484,0.548,0
-9.611,0.49,0.55,0
-9.626,0.513,0.545,0
-9.624,0.528,0.544,0
-9.618,0.538,0.566,0
-9.615,0.524,0.57,0
-9.616,0.551,0.559,0
-9.616,0.544,0.563,0
-9.634,0.526,0.532,0
-9.618,0.558,0.555,0
-9.633,0.564,0.538,0
-9.614,0.547,0.532,0
-9.606,0.488,0.541,0
-9.621,0.486,0.545,0
-9.634,0.451,0.478,0
-9.67,0.44,0.458,0
-9.659,0.426,0.496,0
-9.665,0.417,0.512,0
-9.69,0.386,0.509,0
-9.679,0.402,0.534,0
-9.658,0.372,0.546,0
-9.631,0.354,0.548,0
-9.577,0.366,0.591,0
-9.553,0.335,0.595,0
-9.567,0.326,0.611,0
-9.551,0.337,0.613,0
-9.553,0.346,0.598,0
-9.556,0.366,0.604,0
-9.572,0.392,0.611,0
-9.578,0.397,0.624,0
-9.573,0.393,0.647,0
-9.564,0.418,0.688,0
-9.56,0.415,0.679,0
-9.548,0.424,0.622,0
-9.571,0.448,0.602,0
-9.574,0.452,0.575,0
-9.589,0.459,0.586,0
-9.605,0.464,0.579,0
-9.597,0.488,0.557,0
-9.622,0.513,0.541,0
-9.614,0.529,0.532,0
-9.614,0.538,0.525,0
-9.596,0.546,0.518,0
-9.622,0.561,0.521,0
-9.627,0.549,0.539,0
-9.64,0.554,0.512,0
-9.669,0.563,0.47,0
-9.672,0.562,0.453,0
-9.668,0.586,0.428,0
-9.659,0.563,0.401,0
-9.698,0.49,0.358,0
-9.706,0.43,0.349,0
-9.732,0.38,0.349,0
-9.71,0.377,0.378,0
-9.714,0.323,0.36,0
-9.695,0.283,0.356,0
-9.693,0.292,0.331,0
-9.686,0.34,0.352,0
-9.669,0.377,0.363,0
-9.656,0.404,0.381,0
-9.652,0.406,0.437,0
-9.642,0.399,0.458,0
-9.656,0.39,0.455,0
-9.672,0.386,0.442,0
-9.708,0.391,0.435,0
-9.708,0.407,0.455,0
-9.703,0.421,0.465,0
-9.677,0.429,0.494,0
-9.65,0.444,0.498,0
-9.623,0.453,0.496,0
-9.581,0.472,0.543,0
-9.536,0.476,0.62,0
-9.512,0.491,0.644,0
-9.48,0.529,0.679,0
-9.445,0.542,0.712,0
-9.44,0.546,0.717,0
-9.431,0.535,0.708,0
-9.441,0.52,0.717,0
-9.496,0.515,0.649,0
-9.559,0.528,0.604,0
-9.615,0.522,0.643,0
-9.689,0.515,0.627,0
-9.735,0.501,0.604,0
-9.773,0.5,0.591,0
-9.779,0.514,0.562,0
-9.763,0.502,0.564,0
-9.742,0.501,0.55,0
-9.718,0.483,0.55,0
-9.686,0.465,0.539,0
-9.661,0.447,0.516,0
-9.657,0.408,0.478,0
-9.651,0.398,0.438,0
-9.627,0.39,0.421,0
-9.617,0.404,0.437,0
-9.609,0.401,0.408,0
-9.609,0.423,0.406,0
-9.631,0.412,0.372,0
-9.612,0.454,0.444,0
-9.601,0.511,0.469,0
-9.667,0.507,0.408,0
-9.65,0.543,0.527,0
-9.672,0.516,0.478,0
-9.663,0.543,0.536,0
-9.656,0.532,0.582,0
-9.67,0.514,0.597,0
-9.665,0.509,0.633,0
-9.665,0.512,0.647,0
-9.649,0.513,0.688,0
-9.667,0.519,0.64,0
-9.644,0.48,0.683,0
-9.62,0.472,0.726,0
-9.606,0.485,0.744,0
-9.597,0.474,0.733,0
-9.571,0.452,0.765,0
-9.558,0.451,0.728,0
-9.554,0.439,0.726,0
-9.504,0.491,0.803,0
-9.534,0.486,0.708,0
-9.529,0.494,0.722,0
-9.543,0.5,0.724,0
-9.541,0.534,0.758,0
-9.571,0.553,0.674,0
-9.572,0.593,0.69,0
-9.57,0.629,0.703,0
-9.591,0.633,0.667,0
-9.601,0.636,0.663,0
-9.615,0.632,0.638,0
-9.631,0.621,0.629,0
-9.609,0.656,0.687,0
-9.633,0.653,0.636,0
-9.62,0.668,0.64,0
-9.576,0.71,0.705,0
-9.591,0.69,0.651,0
-9.591,0.69,0.69,0
-9.576,0.697,0.715,0
-9.578,0.706,0.739,0
-9.581,0.71,0.76,0
-9.589,0.71,0.78,0
-9.591,0.717,0.803,0
-9.595,0.697,0.814,0
-9.584,0.674,0.823,0
-9.591,0.672,0.846,0
-9.606,0.646,0.823,0
-9.587,0.637,0.837,0
-9.593,0.64,0.837,0
-9.595,0.636,0.821,0
-9.592,0.641,0.803,0
-9.613,0.652,0.794,0
-9.622,0.657,0.769,0
-9.656,0.646,0.749,0
-9.657,0.633,0.749,0
-9.682,0.611,0.747,0
-9.702,0.589,0.737,0
-9.7,0.541,0.742,0
-9.692,0.512,0.737,0
-9.669,0.462,0.753,0
-9.663,0.429,0.749,0
-9.65,0.39,0.767,0
-9.65,0.35,0.763,0
-9.66,0.338,0.778,0
-9.659,0.319,0.785,0
-9.698,0.323,0.783,0
-9.723,0.335,0.803,0
-9.754,0.345,0.812,0
-9.779,0.347,0.876,0
-9.768,0.351,0.869,0
-9.759,0.365,0.846,0
-9.721,0.373,0.832,0
-9.676,0.386,0.864,0
-9.654,0.401,0.875,0
-9.621,0.396,0.875,0
-9.618,0.394,0.86,0
-9.62,0.387,0.857,0
-9.609,0.371,0.835,0
-9.608,0.346,0.848,0
-9.593,0.35,0.882,0
-9.597,0.353,0.909,0
-9.573,0.372,0.938,0
-9.564,0.392,0.95,0
-9.557,0.399,0.952,0
-9.548,0.393,0.997,0
-9.539,0.392,1.024,0
-9.561,0.388,1.031,0
-9.59,0.371,1.063,0
-9.604,0.353,1.076,0
-9.647,0.329,1.09,0
-9.648,0.309,1.099,0
-9.662,0.302,1.09,0
-9.659,0.28,1.122,0
-9.638,0.27,1.14,0
-9.609,0.274,1.16,0
-9.578,0.278,1.167,0
-9.584,0.288,1.176,0
-9.571,0.301,1.167,0
-9.579,0.32,1.187,0
-9.583,0.333,1.196,0
-9.606,0.342,1.178,0
-9.609,0.371,1.189,0
-9.621,0.389,1.162,0
-9.623,0.4,1.158,0
-9.607,0.4,1.187,0
-9.62,0.387,1.174,0
-9.618,0.387,1.158,0
-9.611,0.362,1.174,0
-9.6,0.346,1.162,0
-9.619,0.325,1.174,0
-9.616,0.301,1.192,0
-9.623,0.297,1.203,0
-9.614,0.294,1.228,0
-9.601,0.312,1.237,0
-9.599,0.353,1.212,0
-9.596,0.382,1.207,0
-9.591,0.411,1.228,0
-9.581,0.422,1.257,0
-9.568,0.439,1.27,0
-9.558,0.428,1.293,0
-9.561,0.41,1.304,0
-9.564,0.365,1.322,0
-9.581,0.307,1.347,0
-9.604,0.236,1.366,0
-9.624,0.177,1.429,0
-9.623,0.135,1.456,0
-9.623,0.096,1.508,0
-9.623,0.101,1.542,0
-9.607,0.123,1.576,0
-9.601,0.15,1.58,0
-9.588,0.188,1.601,0
-9.552,0.205,1.614,0
-9.516,0.22,1.648,0
-9.499,0.234,1.686,0
-9.481,0.235,1.693,0
-9.474,0.217,1.738,0
-9.469,0.202,1.754,0
-9.48,0.224,1.754,0
-9.49,0.227,1.765,0
-9.551,0.234,1.765,0
-9.588,0.222,1.759,0
-9.609,0.217,1.779,0
-9.635,0.205,1.784,0
-9.638,0.195,1.759,0
-9.61,0.191,1.777,0
-9.579,0.188,1.795,0
-9.563,0.185,1.795,0
-9.557,0.18,1.804,0
-9.527,0.185,1.838,0
-9.521,0.218,1.845,0
-9.517,0.238,1.826,0
-9.507,0.243,1.851,0
-9.485,0.222,1.871,0
-9.468,0.19,1.933,0
-9.446,0.172,1.975,0
-9.425,0.147,1.996,0
-9.418,0.11,2.007,0
-9.408,0.09,2.023,0
-9.444,0.064,2.05,0
-9.467,0.035,2.061,0
-9.476,-0.0,2.107,0
-9.502,-0.005,2.159,0
-9.507,0.004,2.195,0
-9.516,0.011,2.219,0
-9.506,0.018,2.22,0
-9.492,0.042,2.267,0
-9.46,0.041,2.339,0
-9.433,0.045,2.38,0
-9.403,0.043,2.398,0
-9.388,0.038,2.405,0
-9.345,0.044,2.414,0
-9.315,0.066,2.457,0
-9.307,0.082,2.484,0
-9.298,0.088,2.479,0
-9.304,0.064,2.475,0
-9.333,0.037,2.475,0
-9.364,-0.009,2.464,0
-9.371,-0.025,2.491,0
-9.384,-0.034,2.534,0
-9.39,-0.063,2.563,0
-9.401,-0.079,2.611,0
-9.399,-0.076,2.631,0
-9.392,-0.068,2.656,0
-9.393,-0.057,2.64,0
-9.38,-0.032,2.658,0
-9.362,-0.019,2.703,0
-9.353,-0.013,2.73,0
-9.364,-0.023,2.735,0
-9.373,-0.053,2.752,0
-9.364,-0.069,2.768,0
-9.363,-0.098,2.786,0
-9.353,-0.127,2.807,0
-9.364,-0.149,2.805,0
-9.368,-0.194,2.825,0
-9.363,-0.248,2.832,0
-9.365,-0.276,2.857,0
-9.346,-0.324,2.888,0
-9.337,-0.341,2.947,0
-9.334,-0.384,3.001,0
-9.338,-0.425,3.035,0
-9.344,-0.461,3.058,0
-9.314,-0.474,3.099,0
-9.327,-0.498,3.088,0
-9.309,-0.51,3.094,0
-9.282,-0.518,3.123,0
-9.254,-0.543,3.157,0
-9.249,-0.572,3.144,0
-9.195,-0.575,3.151,0
-9.141,-0.585,3.198,0
-9.082,-0.599,3.232,0
-9.052,-0.622,3.241,0
-9.035,-0.594,3.286,0
-9.028,-0.571,3.361,0
-9.015,-0.556,3.426,0
-8.997,-0.52,3.478,0
-8.993,-0.511,3.523,0
-9.003,-0.491,3.586,0
-9.026,-0.464,3.65,0
-9.017,-0.444,3.693,0
-8.995,-0.422,3.74,0
-8.961,-0.418,3.787,0
-8.934,-0.425,3.796,0
-8.914,-0.449,3.85,0
-8.911,-0.478,3.913,0
-8.89,-0.507,3.927,0
-8.89,-0.552,3.923,0
-8.859,-0.611,3.957,0
-8.83,-0.664,4.02,0
-8.795,-0.718,4.054,0
-8.778,-0.758,4.081,0
-8.766,-0.786,4.09,0
-8.752,-0.801,4.124,0
-8.743,-0.785,4.181,0
-8.756,-0.789,4.225,0
-8.762,-0.77,4.321,0
-8.783,-0.749,4.377,0
-8.784,-0.712,4.377,0
-8.757,-0.669,4.407,0
-8.713,-0.625,4.428,0
-8.65,-0.602,4.44,0
-8.587,-0.625,4.406,0
-8.52,-0.689,4.397,0
-8.464,-0.759,4.409,0
-8.411,-0.845,4.443,0
-8.363,-0.935,4.526,0
-8.344,-0.994,4.609,0
-8.343,-1.056,4.646,0
-8.346,-1.098,4.673,0
-8.344,-1.117,4.691,0
-8.349,-1.086,4.765,0
-8.346,-1.043,4.819,0
-8.36,-1.007,4.878,0
-8.369,-0.972,4.885,0
-8.379,-0.982,4.891,0
-8.375,-1.019,4.967,0
-8.384,-1.056,5.066,0
-8.408,-1.074,5.158,0
-8.409,-1.045,5.224,0
-8.394,-0.996,5.28,0
-8.357,-0.908,5.346,0
-8.304,-0.844,5.293,0
-8.243,-0.82,5.212,0
-8.168,-0.843,5.181,0
-8.074,-0.935,5.151,0
-7.985,-1.003,5.154,0
-7.867,-1.053,5.168,0
-7.79,-1.076,5.143,0
-7.724,-1.087,5.029,0
-7.632,-1.084,5.025,0
-7.519,-1.133,5.146,0
-7.396,-1.203,5.359,0
-7.344,-1.235,5.519,0
-7.395,-1.165,5.634,0
-7.516,-1.048,5.68,0
-7.642,-0.955,5.756,0
-7.782,-0.898,5.842,0
-7.891,-0.892,5.937,0
-7.959,-0.923,6.027,0
-8.031,-1.007,6.037,0
-8.121,-1.135,5.996,0
-8.141,-1.295,5.949,0
-8.082,-1.439,5.854,0
-7.973,-1.54,5.768,0
-7.833,-1.579,5.682,0
-7.674,-1.599,5.651,0
-7.551,-1.529,5.662,0
-7.483,-1.427,5.637,0
-7.458,-1.287,5.592,0
-7.415,-1.172,5.6,0
-7.387,-1.089,5.562,0
-7.35,-1.054,5.532,0
-7.313,-1.088,5.555,0
-7.305,-1.153,5.614,0
-7.333,-1.179,5.664,0
-7.418,-1.225,5.707,0
-7.515,-1.23,5.781,0
-7.601,-1.211,5.86,0
-7.672,-1.185,5.921,0
-7.73,-1.178,5.951,0
-7.792,-1.174,5.958,0
-7.814,-1.173,6.024,0
-7.825,-1.178,6.129,0
-7.841,-1.19,6.238,0
-7.857,-1.176,6.294,0
-7.868,-1.201,6.369,0
-7.862,-1.194,6.405,0
-7.839,-1.188,6.394,0
-7.787,-1.161,6.375,0
-7.739,-1.106,6.355,0
-7.67,-1.046,6.346,0
-7.6,-1.025,6.296,0
-7.533,-1.006,6.237,0
-7.46,-1.023,6.165,0
-7.419,-1.068,6.111,0
-7.371,-1.112,6.088,0
-7.35,-1.112,6.034,0
-7.324,-1.099,6.023,0
-7.315,-1.095,6.025,0
-7.294,-1.088,6.037,0
-7.271,-1.044,6.083,0
-7.233,-0.993,6.185,0
-7.211,-0.943,6.271,0
-7.192,-0.863,6.334,0
-7.203,-0.805,6.393,0
-7.185,-0.774,6.445,0
-7.197,-0.756,6.508,0
-7.181,-0.767,6.542,0
-7.163,-0.785,6.562,0
-7.155,-0.821,6.6,0
-7.157,-0.88,6.596,0
-7.193,-0.944,6.655,0
-7.216,-0.978,6.682,0
-7.237,-1.011,6.712,0
-7.258,-1.018,6.775,0
-7.276,-1.049,6.784,0
-7.273,-1.042,6.782,0
-7.251,-1.036,6.809,0
-7.255,-1.06,6.806,0
-7.246,-1.092,6.809,0
-7.194,-1.118,6.788,0
-7.139,-1.137,6.808,0
-7.082,-1.178,6.793,0
-7.032,-1.217,6.763,0
-6.993,-1.254,6.747,0
-6.947,-1.279,6.747,0
-6.934,-1.284,6.734,0
-6.911,-1.289,6.734,0
-6.888,-1.28,6.761,0
-6.894,-1.251,6.783,0
-6.891,-1.185,6.816,0
-6.893,-1.138,6.808,0
-6.904,-1.099,6.8,0
-6.894,-1.059,6.813,0
-6.865,-1.035,6.813,0
-6.854,-1.027,6.799,0
-6.832,-1.02,6.856,0
-6.817,-1.056,6.888,0
-6.799,-1.106,6.915,0
-6.789,-1.174,6.919,0
-6.793,-1.208,6.921,0
-6.763,-1.244,6.969,0
-6.754,-1.258,6.991,0
-6.756,-1.267,7.039,0
-6.783,-1.303,7.039,0
-6.805,-1.338,7.005,0
-6.822,-1.376,7.016,0
-6.84,-1.458,7.021,0
-6.86,-1.53,7.035,0
-6.858,-1.554,7.07,0
-6.844,-1.544,7.098,0
-6.835,-1.545,7.107,0
-6.808,-1.529,7.141,0
-6.798,-1.498,7.213,0
-6.785,-1.424,7.251,0
-6.768,-1.341,7.24,0
-6.757,-1.307,7.231,0
-6.767,-1.303,7.188,0
-6.749,-1.278,7.136,0
-6.766,-1.284,7.073,0
-6.776,-1.278,7.005,0
-6.734,-1.254,6.987,0
-6.697,-1.245,6.942,0
-6.644,-1.235,6.939,0
-6.562,-1.274,6.917,0
-6.444,-1.337,6.91,0
-6.318,-1.42,6.883,0
-6.205,-1.534,6.917,0
-6.121,-1.607,6.962,0
-6.088,-1.604,6.973,0
-6.097,-1.549,7.021,0
-6.121,-1.473,7.07,0
-6.194,-1.386,7.104,0
-6.296,-1.263,7.115,0
-6.413,-1.147,7.142,0
-6.485,-1.042,7.108,0
-6.51,-1.017,7.07,0
-6.489,-1.023,7.023,0
-6.418,-1.117,6.975,0
-6.321,-1.256,6.966,0
-6.216,-1.403,7.001,0
-6.14,-1.529,7.021,0
-6.094,-1.586,7.093,0
-6.128,-1.601,7.136,0
-6.192,-1.591,7.131,0
-6.292,-1.593,7.184,0
-6.371,-1.621,7.265,0
-6.45,-1.634,7.308,0
-6.504,-1.628,7.326,0
-6.49,-1.596,7.329,0
-6.444,-1.566,7.306,0
-6.359,-1.545,7.276,0
-6.283,-1.524,7.229,0
-6.21,-1.546,7.253,0
-6.162,-1.582,7.204,0
-6.166,-1.604,7.15,0
-6.198,-1.577,7.118,0
-6.255,-1.529,7.046,0
-6.298,-1.519,7.034,0
-6.294,-1.515,6.962,0
-6.287,-1.485,6.903,0
-6.287,-1.469,6.815,0
-6.236,-1.484,6.811,0
-6.178,-1.474,6.754,0
-6.095,-1.49,6.719,0
-5.993,-1.542,6.711,0
-5.88,-1.602,6.684,0
-5.746,-1.588,6.596,0
-5.627,-1.574,6.558,0
-5.52,-1.556,6.514,0
-5.465,-1.552,6.471,0
-5.427,-1.564,6.41,0
-5.418,-1.535,6.361,0
-5.475,-1.482,6.332,0
-5.561,-1.454,6.286,0
-5.677,-1.423,6.316,0
-5.847,-1.368,6.279,0
-6.014,-1.313,6.172,0
-6.182,-1.271,6.158,0
-6.333,-1.286,6.264,0
-6.451,-1.383,6.317,0
-6.515,-1.468,6.309,0
-6.54,-1.485,6.314,0
-6.548,-1.521,6.346,0
-6.551,-1.515,6.305,0
-6.572,-1.469,6.232,0
-6.588,-1.455,6.19,0
-6.63,-1.481,6.163,0
-6.7,-1.508,6.077,0
-6.792,-1.515,5.991,0
-6.891,-1.531,6.005,0
-7.017,-1.531,5.987,0
-7.172,-1.569,5.967,0
-7.31,-1.63,5.942,0
-7.449,-1.661,5.873,0
-7.566,-1.695,5.818,0
-7.596,-1.72,5.818,0
-7.543,-1.758,5.85,0
-7.464,-1.782,5.804,0
-7.4,-1.803,5.78,0
-7.319,-1.841,5.809,0
-7.246,-1.876,5.847,0
-7.216,-1.89,5.886,0
-7.252,-1.914,5.872,0
-7.294,-1.962,5.872,0
-7.338,-1.959,5.923,0
-7.409,-1.911,5.945,0
-7.501,-1.811,5.97,0
-7.614,-1.681,6.053,0
-7.7,-1.529,6.026,0
-7.781,-1.413,5.962,0
-7.814,-1.345,5.944,0
-7.799,-1.298,5.881,0
-7.765,-1.271,5.766,0
-7.713,-1.293,5.637,0
-7.663,-1.324,5.51,0
-7.597,-1.334,5.434,0
-7.572,-1.346,5.424,0
-7.614,-1.385,5.403,0
-7.703,-1.445,5.398,0
-7.858,-1.499,5.357,0
-8.036,-1.539,5.337,0
-8.222,-1.548,5.315,0
-8.408,-1.519,5.277,0
-8.573,-1.486,5.247,0
-8.687,-1.503,5.245,0
-8.777,-1.58,5.238,0
-8.803,-1.732,5.259,0
-8.831,-1.934,5.275,0
-8.888,-2.079,5.259,0
-8.971,-2.128,5.241,0
-9.054,-2.113,5.217,0
-9.175,-2.051,5.185,0
-9.295,-1.944,5.179,0
-9.393,-1.84,5.146,0
-9.471,-1.729,5.085,0
-9.527,-1.606,5.033,0
-9.518,-1.476,4.943,0
-9.498,-1.39,4.844,0
-9.441,-1.348,4.764,0
-9.32,-1.287,4.701,0
-9.156,-1.218,4.624,0
-8.959,-1.158,4.624,0
-8.801,-1.138,4.637,0
-8.669,-1.079,4.588,0
-8.63,-0.982,4.56,0
-8.639,-0.849,4.564,0
-8.696,-0.668,4.582,0
-8.776,-0.489,4.616,0
-8.852,-0.376,4.618,0
-8.902,-0.365,4.671,0
-8.917,-0.422,4.754,0
-8.943,-0.491,4.806,0
-8.969,-0.552,4.855,0
-8.996,-0.589,4.905,0
-9.033,-0.668,4.923,0
-9.086,-0.73,4.896,0
-9.112,-0.753,4.96,0
-9.113,-0.714,5.014,0
-9.114,-0.644,5.053,0
-9.14,-0.547,5.064,0
-9.15,-0.479,5.084,0
-9.181,-0.431,5.057,0
-9.162,-0.42,5.039,0
-9.129,-0.432,5.012,0
-9.085,-0.468,4.926,0
-8.997,-0.552,4.946,0
-8.893,-0.652,4.984,0
-8.815,-0.732,5.0,0
-8.77,-0.836,5.021,0
-8.717,-0.965,5.057,0
-8.728,-1.134,5.093,0
-8.767,-1.29,5.126,0
-8.831,-1.417,5.182,0
-8.878,-1.505,5.24,0
-8.93,-1.549,5.36,0
-9.012,-1.545,5.483,0
-9.105,-1.489,5.596,0
-9.219,-1.409,5.591,0
-9.276,-1.349,5.625,0
-9.25,-1.314,5.657,0
-9.176,-1.296,5.683,0
-9.084,-1.288,5.71,0
-8.946,-1.31,5.73,0
-8.763,-1.322,5.767,0
-8.601,-1.325,5.775,0
-8.438,-1.33,5.836,0
-8.242,-1.347,5.904,0
-8.072,-1.368,6.012,0
-7.914,-1.393,6.177,0
-7.825,-1.464,6.29,0
-7.751,-1.536,6.387,0
-7.665,-1.584,6.489,0
-7.586,-1.621,6.602,0
-7.501,-1.593,6.744,0
-7.429,-1.536,6.812,0
-7.401,-1.476,6.882,0
-7.4,-1.443,6.949,0
-7.404,-1.438,7.001,0
-7.389,-1.402,7.051,0
-7.307,-1.329,7.141,0
-7.22,-1.264,7.191,0
-7.174,-1.224,7.217,0
-7.138,-1.207,7.247,0
-7.115,-1.207,7.267,0
-7.072,-1.214,7.283,0
-6.997,-1.236,7.252,0
-6.91,-1.313,7.218,0
-6.812,-1.425,7.22,0
-6.724,-1.55,7.24,0
-6.629,-1.701,7.288,0
-6.56,-1.801,7.263,0
-6.52,-1.877,7.232,0
-6.474,-1.957,7.202,0
-6.421,-2.009,7.168,0
-6.356,-2.027,7.199,0
-6.284,-2.007,7.195,0
-6.245,-1.96,7.174,0
-6.219,-1.918,7.239,0
-6.191,-1.887,7.27,0
-6.172,-1.778,7.218,0
-6.135,-1.674,7.123,0
-6.076,-1.581,7.1,0
-5.992,-1.477,7.129,0
-5.917,-1.39,7.097,0
-5.853,-1.286,7.065,0
-5.787,-1.217,7.095,0
-5.781,-1.15,6.995,0
-5.794,-1.094,6.911,0
-5.836,-1.077,6.885,0
-5.877,-1.119,6.889,0
-5.95,-1.192,6.93,0
-6.054,-1.3,7.007,0
-6.192,-1.422,7.084,0
-6.326,-1.5,7.109,0
-6.435,-1.541,7.118,0
-6.529,-1.582,7.101,0
-6.569,-1.616,7.107,0
-6.568,-1.628,7.147,0
-6.564,-1.636,7.141,0
-6.555,-1.627,7.067,0
-6.553,-1.633,7.008,0
-6.516,-1.663,7.044,0
-6.488,-1.649,7.026,0
-6.418,-1.623,7.032,0
-6.363,-1.544,7.058,0
-6.324,-1.471,7.037,0
-6.309,-1.397,7.014,0
-6.319,-1.355,7.009,0
-6.342,-1.348,6.998,0
-6.355,-1.379,7.025,0
-6.341,-1.431,7.091,0
-6.316,-1.507,7.084,0
-6.311,-1.559,7.098,0
-6.288,-1.56,7.132,0
-6.278,-1.499,7.172,0
-6.311,-1.415,7.104,0
-6.399,-1.333,7.0,0
-6.561,-1.335,6.921,0
-6.714,-1.346,6.772,0
-6.84,-1.362,6.653,0
-6.9,-1.356,6.61,0
-6.904,-1.355,6.597,0
-6.907,-1.374,6.592,0
-6.9,-1.39,6.54,0
-6.909,-1.407,6.504,0
-6.885,-1.439,6.443,0
-6.858,-1.491,6.432,0
-6.819,-1.528,6.429,0
-6.768,-1.596,6.402,0
-6.71,-1.691,6.414,0
-6.604,-1.789,6.448,0
-6.557,-1.877,6.416,0
-6.499,-1.929,6.387,0
-6.519,-1.946,6.351,0
-6.6,-1.902,6.268,0
-6.705,-1.849,6.22,0
-6.855,-1.767,6.143,0
-6.987,-1.704,6.125,0
-7.08,-1.651,6.165,0
-7.144,-1.601,6.186,0
-7.181,-1.544,6.156,0
-7.201,-1.521,6.132,0
-7.2,-1.496,6.159,0
-7.173,-1.493,6.154,0
-7.158,-1.475,6.143,0
-7.146,-1.495,6.161,0
-7.134,-1.486,6.148,0
-7.14,-1.453,6.111,0
-7.14,-1.417,6.066,0
-7.164,-1.365,6.005,0
-7.236,-1.297,5.938,0
-7.289,-1.234,5.879,0
-7.372,-1.206,5.851,0
-7.417,-1.194,5.876,0
-7.402,-1.167,5.874,0
-7.402,-1.138,5.887,0
-7.409,-1.136,5.899,0
-7.437,-1.202,5.863,0
-7.48,-1.282,5.827,0
-7.507,-1.347,5.779,0
-7.494,-1.428,5.796,0
-7.475,-1.467,5.744,0
-7.47,-1.5,5.723,0
-7.486,-1.539,5.682,0
-7.498,-1.563,5.66,0
-7.525,-1.581,5.651,0
-7.584,-1.593,5.608,0
-7.646,-1.592,5.563,0
-7.692,-1.596,5.552,0
-7.717,-1.567,5.517,0
-7.72,-1.525,5.491,0
-7.698,-1.487,5.468,0
-7.667,-1.456,5.45,0
-7.638,-1.43,5.416,0
-7.645,-1.407,5.373,0
-7.623,-1.413,5.409,0
-7.598,-1.426,5.418,0
-7.58,-1.427,5.384,0
-7.572,-1.452,5.373,0
-7.568,-1.436,5.337,0
-7.532,-1.405,5.283,0
-7.501,-1.388,5.242,0
-7.519,-1.396,5.233,0
-7.582,-1.407,5.181,0
-7.649,-1.43,5.185,0
-7.689,-1.458,5.134,0
-7.734,-1.494,5.106,0
-7.776,-1.529,5.097,0
-7.81,-1.574,5.102,0
-7.831,-1.618,5.087,0
-7.861,-1.678,5.112,0
-7.901,-1.754,5.082,0
-7.889,-1.815,5.116,0
-7.895,-1.851,5.152,0
-7.924,-1.884,5.161,0
-7.984,-1.903,5.162,0
-8.052,-1.909,5.154,0
-8.081,-1.902,5.164,0
-8.103,-1.848,5.188,0
-8.13,-1.799,5.173,0
-8.183,-1.758,5.13,0
-8.232,-1.737,5.087,0
-8.262,-1.7,5.019,0
-8.278,-1.643,5.013,0
-8.29,-1.611,5.023,0
-8.268,-1.617,5.051,0
-8.227,-1.627,5.069,0
-8.187,-1.629,5.051,0
-8.139,-1.619,5.046,0
-8.095,-1.604,5.012,0
-8.056,-1.598,4.99,0
-8.016,-1.571,4.934,0
-8.012,-1.549,4.859,0
-8.01,-1.538,4.784,0
-7.998,-1.571,4.757,0
-8.016,-1.589,4.735,0
-8.015,-1.625,4.712,0
-8.012,-1.683,4.719,0
-8.02,-1.736,4.721,0
-8.048,-1.802,4.73,0
-8.063,-1.872,4.755,0
-8.069,-1.919,4.762,0
-8.057,-1.975,4.755,0
-8.047,-2.009,4.729,0
-8.064,-2.033,4.722,0
-8.078,-2.035,4.69,0
-8.083,-2.009,4.663,0
-8.101,-1.994,4.629,0
-8.124,-1.976,4.609,0
-8.155,-1.991,4.634,0
-8.192,-1.986,4.636,0
-8.219,-1.966,4.595,0
-8.219,-1.947,4.582,0
-8.24,-1.914,4.552,0
-8.25,-1.864,4.516,0
-8.251,-1.823,4.512,0
-8.254,-1.806,4.511,0
-8.251,-1.805,4.509,0
-8.217,-1.806,4.525,0
-8.214,-1.808,4.539,0
-8.235,-1.808,4.516,0
-8.277,-1.825,4.535,0
-8.376,-1.864,4.532,0
-8.453,-1.865,4.521,0
-8.534,-1.862,4.509,0
-8.586,-1.856,4.444,0
-8.615,-1.867,4.439,0
-8.62,-1.892,4.432,0
-8.592,-1.922,4.434,0
-8.567,-1.956,4.419,0
-8.537,-2.004,4.435,0
-8.507,-2.042,4.43,0
-8.497,-2.06,4.415,0
-8.475,-2.051,4.36,0
-8.446,-2.031,4.311,0
-8.389,-2.044,4.31,0
-8.319,-2.068,4.319,0
-8.271,-2.109,4.283,0
-8.225,-2.136,4.263,0
-8.172,-2.2,4.302,0
-8.097,-2.249,4.344,0
-8.054,-2.297,4.371,0
-7.987,-2.392,4.428,0
-7.959,-2.444,4.462,0
-7.954,-2.467,4.496,0
-7.93,-2.441,4.511,0
-7.914,-2.395,4.499,0
-7.931,-2.344,4.518,0
-7.998,-2.387,4.6,0
-8.141,-2.365,4.448,0
-8.249,-2.329,4.34,0
-8.353,-2.328,4.218,0
-8.438,-2.353,4.117,0
-8.484,-2.444,4.058,0
-8.524,-2.612,3.977,0
-8.567,-2.767,3.898,0
-8.605,-2.901,3.844,0
-8.635,-3.033,3.781,0
-8.682,-3.165,3.731,0
-8.743,-3.299,3.725,0
-8.818,-3.385,3.719,0
-8.864,-3.434,3.748,0
-8.878,-3.452,3.748,0
-8.867,-3.422,3.741,0
-8.814,-3.376,3.779,0
-8.738,-3.321,3.772,0
-8.635,-3.246,3.777,0
-8.524,-3.19,3.808,0
-8.415,-3.109,3.824,0
-8.307,-3.061,3.837,0
-8.201,-3.036,3.837,0
-8.118,-2.985,3.829,0
-8.036,-2.957,3.81,0
-7.982,-2.947,3.783,0
-7.946,-2.963,3.749,0
-7.927,-2.995,3.725,0
-7.916,-3.062,3.679,0
-7.91,-3.113,3.611,0
-7.874,-3.207,3.595,0
-7.841,-3.27,3.53,0
-7.802,-3.337,3.453,0
-7.761,-3.382,3.394,0
-7.695,-3.405,3.446,0
-7.675,-3.354,3.347,0
-7.603,-3.254,3.322,0
-7.512,-3.182,3.351,0
-7.461,-3.127,3.357,0
-7.477,-3.083,3.351,0
-7.523,-3.049,3.407,0
-7.613,-3.034,3.455,0
-7.777,-3.047,3.616,0
-8.048,-3.068,3.929,0
-8.532,-2.975,4.042,0
-9.027,-2.654,3.93,0
-9.27,-2.272,3.841,0
-9.278,-2.031,3.891,0
-9.185,-1.975,4.051,0
-9.105,-1.95,4.049,0
-8.958,-1.934,4.111,0
-8.783,-1.97,4.222,0
-8.773,-2.027,4.256,0
-8.895,-2.045,4.263,0
-9.037,-2.016,4.263,0
-9.146,-1.992,4.297,0
-9.167,-1.95,4.291,0
-9.158,-1.926,4.299,0
-9.104,-1.913,4.32,0
-9.034,-1.916,4.345,0
-8.971,-1.902,4.423,0
-8.87,-1.899,4.446,0
-8.812,-1.864,4.421,0
-8.756,-1.877,4.498,0
-8.726,-1.907,4.468,0
-8.702,-1.967,4.455,0
-8.69,-2.042,4.482,0
-8.731,-2.127,4.496,0
-8.789,-2.211,4.509,0
-8.84,-2.253,4.496,0
-8.88,-2.266,4.415,0
-8.84,-2.226,4.326,0
-8.693,-2.13,4.247,0
-8.555,-1.985,4.15,0
-8.4,-1.851,4.113,0
-8.255,-1.72,4.086,0
-8.215,-1.595,4.077,0
-8.294,-1.443,4.02,0
-8.402,-1.318,3.991,0
-8.531,-1.219,3.937,0
-8.645,-1.195,3.905,0
-8.701,-1.212,3.998,0
-8.713,-1.245,3.996,0
-8.721,-1.324,4.059,0
-8.728,-1.398,4.047,0
-8.686,-1.441,4.028,0
-8.692,-1.486,4.075,0
-8.68,-1.506,4.102,0
-8.699,-1.47,4.048,0
-8.725,-1.375,3.987,0
-8.721,-1.241,3.966,0
-8.689,-1.077,3.905,0
-8.707,-0.925,3.921,0
-8.822,-0.814,3.995,0
-9.0,-0.731,4.101,0
-9.165,-0.703,4.088,0
-9.201,-0.695,4.065,0
-9.126,-0.714,4.027,0
-8.982,-0.713,4.027,0
-8.846,-0.707,4.002,0
-8.685,-0.679,4.015,0
-8.475,-0.635,4.031,0
-8.256,-0.558,4.015,0
-8.047,-0.489,3.999,0
-7.909,-0.42,3.987,0
-7.842,-0.367,3.969,0
-7.797,-0.334,3.947,0
-7.757,-0.293,3.926,0
-7.704,-0.27,3.924,0
-7.688,-0.223,3.908,0
-7.634,-0.134,3.901,0
-7.589,-0.071,3.886,0
-7.568,-0.02,3.915,0
-7.58,0.025,4.028,0
-7.671,0.035,4.129,0
-7.784,-0.055,4.213,0
-7.991,-0.31,4.356,0
-8.291,-0.737,4.395,0
-8.608,-1.199,4.326,0
-8.782,-1.652,4.441,0
-8.793,-2.069,4.433,0
-8.706,-2.416,4.207,0
-8.402,-2.756,4.135,0
-8.117,-2.959,4.065,0
-8.042,-3.005,4.007,0
-8.236,-2.835,3.88,0
-8.624,-2.595,3.76,0
-9.124,-2.365,3.726,0
-9.601,-2.237,3.754,0
-9.935,-2.261,3.977,0
-10.08,-2.399,4.167,0
-10.073,-2.657,4.231,0
-9.955,-3.006,4.229,0
-9.737,-3.357,4.24,0
-9.47,-3.573,4.297,0
-9.215,-3.569,4.364,0
-8.979,-3.391,4.465,0
-8.741,-3.08,4.596,0
-8.481,-2.814,4.718,0
-8.229,-2.663,4.812,0
-8.057,-2.707,5.13,0
-8.026,-2.642,5.137,0
-8.042,-2.374,4.931,0
-8.007,-2.125,4.681,0
-7.966,-2.061,4.447,0
-8.081,-2.161,4.186,0
-8.318,-2.423,3.96,0
-8.563,-2.868,3.893,0
-8.851,-3.331,3.77,0
-9.082,-3.698,3.653,0
-9.164,-3.903,3.662,0
-9.123,-3.95,3.739,0
-9.064,-3.806,3.812,0
-9.032,-3.582,3.901,0
-9.03,-3.281,4.025,0
-9.053,-2.971,4.133,0
-9.089,-2.695,4.258,0
-9.161,-2.411,4.335,0
-9.155,-2.155,4.315,0
-9.07,-2.046,4.309,0
-8.988,-1.976,4.29,0
-8.858,-1.944,4.27,0
-8.715,-2.009,4.268,0
-8.579,-2.155,4.25,0
-8.477,-2.373,4.247,0
-8.391,-2.622,4.257,0
-8.313,-2.825,4.18,0
-8.232,-2.952,4.088,0
-8.127,-3.012,4.081,0
-8.053,-3.032,4.072,0
-7.945,-3.004,4.011,0
-7.802,-2.921,3.947,0
-7.629,-2.776,3.904,0
-7.466,-2.62,3.859,0
-7.327,-2.484,3.806,0
-7.231,-2.368,3.768,0
-7.165,-2.275,3.707,0
-7.126,-2.199,3.677,0
-7.113,-2.168,3.648,0
-7.124,-2.19,3.621,0
-7.168,-2.263,3.605,0
-7.216,-2.391,3.623,0
-7.266,-2.528,3.625,0
-7.324,-2.648,3.565,0
-7.388,-2.757,3.499,0
-7.433,-2.875,3.427,0
-7.534,-3.014,3.374,0
-7.675,-3.176,3.361,0
-7.853,-3.333,3.35,0
-8.036,-3.458,3.316,0
-8.172,-3.564,3.311,0
-8.279,-3.673,3.323,0
-8.357,-3.743,3.3,0
-8.417,-3.79,3.275,0
-8.43,-3.793,3.253,0
-8.432,-3.811,3.249,0
-8.439,-3.809,3.255,0
-8.415,-3.753,3.179,0
-8.339,-3.678,3.102,0
-8.269,-3.605,3.042,0
-8.188,-3.534,2.997,0
-8.092,-3.493,2.986,0
-7.99,-3.457,2.967,0
-7.925,-3.399,2.943,0
-7.901,-3.341,2.925,0
-7.925,-3.244,2.881,0
-7.993,-3.113,2.913,0
-8.107,-3.044,3.211,0
-8.376,-2.887,3.399,0
-8.711,-2.773,3.932,0
-9.26,-2.644,4.591,0
-9.965,-2.12,4.598,0
-10.273,-1.44,4.397,0
-10.091,-1.057,4.464,0
-9.76,-1.045,4.531,0
-9.377,-1.243,4.455,0
-8.982,-1.511,4.38,0
-8.661,-1.73,4.312,0
-8.482,-1.903,4.193,0
-8.436,-1.969,4.08,0
-8.475,-1.933,4.104,0
-8.548,-1.834,4.236,0
-8.673,-1.57,4.262,0
-8.779,-1.262,4.439,0
-9.005,-0.845,4.402,0
-9.277,-0.442,4.291,0
-9.408,-0.155,4.128,0
-9.405,-0.051,4.006,0
-9.322,-0.145,3.918,0
-9.209,-0.421,3.923,0
-9.133,-0.827,4.031,0
-9.179,-1.305,4.157,0
-9.338,-1.804,4.333,0
-9.471,-2.269,4.415,0
-9.497,-2.611,4.42,0
-9.402,-2.859,4.419,0
-9.244,-2.898,4.35,0
-9.087,-2.797,4.239,0
-9.034,-2.586,4.228,0
-9.067,-2.28,4.099,0
-9.139,-1.964,4.126,0
-9.216,-1.675,4.214,0
-9.328,-1.469,4.371,0
-9.509,-1.41,4.367,0
-9.601,-1.438,4.292,0
-9.467,-1.523,4.229,0
-9.253,-1.598,4.157,0
-9.009,-1.64,4.157,0
-8.763,-1.66,4.186,0
-8.536,-1.635,4.163,0
-8.237,-1.572,4.145,0
-7.951,-1.493,4.154,0
-7.743,-1.395,4.12,0
-7.619,-1.278,4.045,0
-7.583,-1.167,3.981,0
-7.575,-1.07,3.921,0
-7.545,-0.992,3.891,0
-7.481,-0.934,3.884,0
-7.418,-0.872,3.879,0
-7.411,-0.787,3.814,0
-7.419,-0.674,3.811,0
-7.443,-0.568,3.796,0
-7.508,-0.454,3.767,0
-7.613,-0.41,3.879,0
-7.756,-0.386,3.928,0
-7.826,-0.41,3.91,0
-7.881,-0.472,3.919,0
-7.918,-0.529,3.811,0
-7.976,-0.575,3.769,0
-8.019,-0.687,3.879,0
-8.058,-0.854,4.073,0
-8.079,-1.071,4.205,0
-8.057,-1.294,4.194,0
-8.034,-1.452,4.013,0
-8.0,-1.625,3.923,0
-8.13,-1.9,3.921,0
-8.513,-2.208,3.875,0
-8.955,-2.489,3.922,0
-9.318,-2.764,3.941,0
-9.524,-3.03,3.844,0
-9.592,-3.341,3.852,0
-9.666,-3.666,3.951,0
-9.696,-3.952,4.071,0
-9.573,-4.156,4.209,0
-9.345,-4.236,4.239,0
-9.099,-4.179,4.304,0
-8.922,-3.946,4.394,0
-8.844,-3.597,4.568,0
-8.789,-3.297,4.739,0
-8.712,-3.09,4.95,0
-8.622,-3.032,5.161,0
-8.612,-2.853,5.079,0
-8.725,-2.559,4.754,0
-8.842,-2.386,4.595,0
-8.951,-2.323,4.564,0
-9.021,-2.361,4.457,0
-8.984,-2.411,4.347,0
-8.791,-2.46,4.234,0
-8.528,-2.523,4.105,0
-8.328,-2.634,4.033,0
-8.24,-2.752,3.968,0
-8.216,-2.869,3.918,0
-8.237,-2.948,3.88,0
-8.288,-3.017,3.848,0
-8.321,-3.091,3.855,0
-8.371,-3.171,3.875,0
-8.501,-3.234,3.932,0
-8.674,-3.226,3.919,0
-8.82,-3.179,3.928,0
-8.942,-3.127,3.953,0
-9.072,-3.071,3.928,0
-9.089,-2.974,3.98,0
-8.982,-2.882,4.052,0
-8.823,-2.81,4.088,0
-8.676,-2.736,4.108,0
-8.537,-2.68,4.099,0
-8.433,-2.65,4.069,0
-8.339,-2.636,4.026,0
-8.251,-2.628,3.981,0
-8.161,-2.627,3.904,0
-8.078,-2.64,3.807,0
-8.049,-2.706,3.8,0
-8.026,-2.758,3.735,0
-8.021,-2.787,3.674,0
-8.0,-2.844,3.586,0
-7.963,-2.914,3.509,0
-7.923,-2.986,3.475,0
-7.874,-3.086,3.437,0
-7.9,-3.155,3.39,0
-7.948,-3.201,3.356,0
-7.957,-3.217,3.322,0
-7.949,-3.172,3.272,0
-7.914,-3.105,3.238,0
-7.854,-3.061,3.259,0
-7.853,-3.039,3.292,0
-7.897,-3.04,3.328,0
-7.963,-3.044,3.351,0
-7.997,-2.989,3.293,0
-7.959,-2.931,3.284,0
-7.901,-2.915,3.279,0
-7.833,-2.947,3.288,0
-7.783,-3.0,3.29,0
-7.793,-3.055,3.213,0
-7.833,-3.068,3.107,0
-7.878,-3.053,3.033,0
-7.898,-3.071,3.01,0
-7.941,-3.061,2.941,0
-7.955,-3.039,2.965,0
-7.998,-3.063,3.04,0
-8.157,-3.142,3.342,0
-8.457,-3.245,3.973,0
-9.07,-3.2,4.398,0
-9.73,-2.686,4.242,0
-9.94,-1.947,4.015,0
-9.743,-1.455,3.992,0
-9.444,-1.287,3.96,0
-9.134,-1.411,3.997,0
-8.909,-1.709,4.134,0
-8.821,-2.033,4.292,0
-8.859,-2.302,4.379,0
-8.986,-2.44,4.415,0
-9.066,-2.449,4.426,0
-9.071,-2.399,4.388,0
-8.963,-2.307,4.372,0
-8.804,-2.192,4.404,0
-8.685,-2.026,4.403,0
-8.573,-1.776,4.369,0
-8.444,-1.472,4.307,0
-8.386,-1.156,4.163,0
-8.324,-0.943,4.084,0
-8.364,-0.841,4.009,0
-8.477,-0.84,4.004,0
-8.651,-0.94,4.018,0
-8.859,-1.134,4.061,0
-9.062,-1.359,4.073,0
-9.193,-1.594,4.11,0
-9.223,-1.83,4.105,0
-9.177,-2.013,4.101,0
-9.118,-2.147,4.114,0
-9.053,-2.216,4.155,0
-9.048,-2.175,4.184,0
-9.102,-2.068,4.157,0
-9.129,-1.915,4.103,0
-9.157,-1.721,4.118,0
-9.196,-1.537,4.111,0
-9.236,-1.402,4.099,0
-9.237,-1.314,4.115,0
-9.174,-1.217,4.08,0
-9.02,-1.152,4.086,0
-8.871,-1.075,4.079,0
-8.711,-1.039,4.04,0
-8.578,-1.034,4.038,0
-8.469,-1.031,4.0,0
-8.364,-1.018,3.995,0
-8.26,-0.96,3.973,0
-8.142,-0.908,3.961,0
-8.049,-0.831,3.918,0
-7.968,-0.771,3.864,0
-7.903,-0.725,3.825,0
-7.801,-0.683,3.816,0
-7.662,-0.617,3.798,0
-7.538,-0.572,3.899,0
-7.439,-0.486,4.055,0
-7.335,-0.451,4.094,0
-7.261,-0.491,4.102,0
-7.194,-0.562,4.114,0
-7.198,-0.696,4.143,0
-7.306,-0.848,4.125,0
-7.486,-1.036,4.053,0
-7.686,-1.212,4.051,0
-7.862,-1.376,4.122,0
-7.944,-1.561,4.165,0
-8.071,-1.784,4.204,0
-8.266,-1.959,4.165,0
-8.394,-2.119,4.005,0
-8.421,-2.203,3.879,0
-8.391,-2.219,3.737,0
-8.442,-2.421,3.847,0
-8.662,-2.885,4.237,0
-9.041,-3.462,4.513,0
-9.357,-4.122,4.593,0
-9.339,-4.684,4.551,0
-9.039,-4.979,4.463,0
-8.677,-4.879,4.347,0
-8.438,-4.462,4.32,0
-8.361,-3.949,4.375,0
-8.375,-3.458,4.484,0
-8.458,-3.003,4.679,0
-8.675,-2.688,4.919,0
-8.967,-2.375,4.869,0
-9.203,-2.122,4.71,0
-9.276,-1.952,4.568,0
-9.231,-1.9,4.417,0
-9.144,-1.962,4.356,0
-9.0,-2.088,4.335,0
-8.882,-2.322,4.292,0
-8.799,-2.575,4.27,0
-8.764,-2.783,4.218,0
-8.756,-2.955,4.156,0
-8.799,-3.085,4.059,0
-8.852,-3.154,3.923,0
-8.864,-3.187,3.854,0
-8.819,-3.187,3.761,0
-8.728,-3.193,3.718,0
-8.661,-3.204,3.733,0
-8.658,-3.198,3.767,0
-8.698,-3.19,3.785,0
-8.751,-3.094,3.767,0
-8.768,-2.988,3.768,0
-8.777,-2.885,3.763,0
-8.749,-2.809,3.794,0
-8.675,-2.756,3.842,0
-8.581,-2.729,3.936,0
-8.516,-2.671,3.97,0
-8.441,-2.593,3.884,0
-8.356,-2.545,3.83,0
-8.3,-2.56,3.847,0
-8.258,-2.61,3.827,0
-8.228,-2.658,3.775,0
-8.133,-2.693,3.696,0
-8.089,-2.714,3.604,0
-8.102,-2.745,3.554,0
-8.127,-2.79,3.507,0
-8.173,-2.838,3.434,0
-8.217,-2.891,3.349,0
-8.246,-2.931,3.259,0
-8.243,-2.969,3.207,0
-8.242,-3.028,3.162,0
-8.25,-3.077,3.071,0
-8.21,-3.181,3.035,0
-8.204,-3.309,3.042,0
-8.248,-3.378,3.067,0
-8.288,-3.36,3.054,0
-8.317,-3.263,2.99,0
-8.299,-3.16,2.963,0
-8.288,-3.067,2.981,0
-8.272,-2.987,3.04,0
-8.281,-2.944,3.056,0
-8.288,-2.939,3.25,0
-8.369,-2.965,3.356,0
-8.454,-2.889,3.239,0
-8.469,-2.883,3.349,0
-8.537,-2.891,3.48,0
-8.615,-2.847,3.455,0
-8.617,-2.737,3.349,0
-8.522,-2.601,3.326,0
-8.432,-2.595,3.622,0
-8.478,-2.56,3.737,0
-8.57,-2.416,3.665,0
-8.534,-2.302,3.906,0
-8.588,-2.208,4.028,0
-8.718,-1.976,3.793,0
-8.641,-1.796,3.857,0
-8.533,-1.675,3.867,0
-8.436,-1.654,3.892,0
-8.414,-1.682,3.926,0
-8.456,-1.807,3.944,0
-8.509,-1.907,3.933,0
-8.567,-1.976,3.967,0
-8.588,-2.041,4.001,0
-8.584,-2.115,4.042,0
-8.605,-2.229,4.092,0
-8.644,-2.312,4.137,0
-8.666,-2.367,4.248,0
-8.717,-2.421,4.282,0
-8.749,-2.418,4.352,0
-8.808,-2.377,4.41,0
-8.869,-2.289,4.401,0
-8.864,-2.144,4.431,0
-8.817,-1.956,4.421,0
-8.71,-1.767,4.347,0
-8.569,-1.544,4.244,0
-8.415,-1.342,4.163,0
-8.288,-1.2,4.075,0
-8.195,-1.118,4.011,0
-8.214,-1.046,3.918,0
-8.333,-1.042,3.858,0
-8.481,-1.114,3.803,0
-8.646,-1.221,3.752,0
-8.823,-1.411,3.714,0
-9.004,-1.582,3.671,0
-9.156,-1.738,3.649,0
-9.309,-1.898,3.676,0
-9.413,-2.019,3.717,0
-9.504,-2.103,3.724,0
-9.551,-2.141,3.688,0
-9.578,-2.157,3.667,0
-9.546,-2.161,3.641,0
-9.473,-2.125,3.647,0
-9.415,-2.033,3.693,0
-9.388,-1.894,3.686,0
-9.343,-1.751,3.699,0
-9.257,-1.627,3.714,0
-9.136,-1.492,3.75,0
-8.98,-1.35,3.768,0
-8.84,-1.222,3.781,0
-8.738,-1.125,3.774,0
-8.644,-1.073,3.824,0
-8.586,-1.054,3.88,0
-8.545,-1.059,3.909,0
-8.476,-1.047,3.948,0
-8.381,-1.019,3.961,0
-8.276,-0.987,4.011,0
-8.171,-0.917,4.072,0
-8.13,-0.852,4.083,0
-8.107,-0.81,4.096,0
-8.055,-0.792,4.092,0
-7.971,-0.763,4.078,0
-7.876,-0.726,4.069,0
-7.8,-0.677,4.033,0
-7.741,-0.623,3.985,0
-7.725,-0.63,3.96,0
-7.74,-0.663,3.938,0
-7.782,-0.723,3.915,0
-7.874,-0.831,3.88,0
-7.979,-0.94,3.828,0
-8.083,-1.05,3.779,0
-8.145,-1.147,3.746,0
-8.218,-1.253,3.796,0
-8.323,-1.368,3.77,0
-8.467,-1.555,3.883,0
-8.674,-1.786,3.935,0
-8.847,-2.084,3.933,0
-8.931,-2.41,3.9,0
-8.873,-2.683,3.76,0
-8.79,-2.829,3.708,0
-8.781,-2.806,3.778,0
-8.839,-2.7,3.794,0
-8.922,-2.645,3.744,0
-8.985,-2.63,3.735,0
-9.091,-2.706,3.711,0
-9.145,-2.85,3.704,0
-9.177,-2.996,3.688,0
-9.173,-3.083,3.679,0
-9.133,-3.079,3.679,0
-9.092,-2.97,3.672,0
-9.096,-2.841,3.654,0
-9.138,-2.708,3.602,0
-9.174,-2.597,3.546,0
-9.167,-2.483,3.521,0
-9.072,-2.365,3.502,0
-8.907,-2.197,3.534,0
-8.731,-2.027,3.594,0
-8.613,-1.851,3.68,0
-8.473,-1.739,3.816,0
-8.304,-1.742,3.933,0
-8.105,-1.941,4.057,0
-8.034,-2.297,4.107,0
-8.101,-2.719,4.202,0
-8.305,-3.077,4.248,0
-8.558,-3.186,4.248,0
-8.791,-3.041,4.225,0
-9.062,-2.748,4.212,0
-9.35,-2.348,4.182,0
-9.586,-1.952,4.173,0
-9.718,-1.629,4.198,0
-9.717,-1.413,4.324,0
-9.592,-1.289,4.423,0
-9.424,-1.286,4.455,0
-9.233,-1.351,4.48,0
-8.996,-1.385,4.5,0
-8.696,-1.39,4.486,0
-8.423,-1.385,4.468,0
-8.152,-1.437,4.571,0
-8.031,-1.534,4.655,0
-8.039,-1.576,4.553,0
-8.117,-1.624,4.422,0
-8.22,-1.683,4.235,0
-8.268,-1.784,4.104,0
-8.247,-1.922,4.032,0
-8.186,-2.058,3.942,0
-8.083,-2.182,3.867,0
-7.929,-2.313,3.794,0
-7.813,-2.454,3.73,0
-7.739,-2.533,3.621,0
-7.75,-2.622,3.545,0
-7.89,-2.739,3.471,0
-8.135,-2.871,3.434,0
-8.398,-2.996,3.381,0
-8.638,-3.098,3.329,0
-8.828,-3.189,3.395,0
-9.012,-3.261,3.46,0
-9.16,-3.278,3.427,0
-9.219,-3.273,3.443,0
-9.224,-3.201,3.479,0
-9.168,-3.076,3.512,0
-9.125,-2.969,3.616,0
-9.034,-2.908,3.607,0
-9.043,-2.844,3.589,0
-8.993,-2.753,3.58,0
-8.868,-2.69,3.537,0
-8.775,-2.682,3.579,0
-8.735,-2.697,3.536,0
-8.691,-2.675,3.536,0
-8.638,-2.66,3.561,0
-8.587,-2.638,3.534,0
-8.569,-2.614,3.509,0
-8.537,-2.616,3.46,0
-8.472,-2.612,3.437,0
-8.371,-2.601,3.41,0
-8.245,-2.587,3.373,0
-8.177,-2.599,3.324,0
-8.134,-2.602,3.261,0
-8.109,-2.607,3.148,0
-8.05,-2.628,3.039,0
-8.006,-2.678,2.981,0
-8.024,-2.769,2.924,0
-8.035,-2.862,2.856,0
-8.041,-2.939,2.793,0
-8.007,-2.967,2.732,0
-7.936,-3.006,2.66,0
-7.802,-3.021,2.574,0
-7.628,-3.067,2.565,0
-7.525,-3.126,2.63,0
-7.544,-3.26,2.949,0
-7.809,-3.371,3.441,0
-8.218,-3.249,3.632,0
-8.637,-3.04,3.9,0
-9.128,-2.805,4.284,0
-9.461,-2.304,4.155,0
-9.298,-1.744,4.096,0
-8.992,-1.322,3.964,0
-8.672,-1.144,3.842,0
-8.426,-1.303,3.912,0
-8.533,-1.68,3.969,0
-8.934,-2.1,4.035,0
-9.468,-2.438,4.149,0
-9.895,-2.647,4.156,0
-10.115,-2.774,4.113,0
-10.165,-2.854,4.152,0
-10.152,-2.964,4.251,0
-10.112,-3.201,4.324,0
-9.991,-3.38,4.392,0
-9.829,-3.408,4.387,0
-9.694,-3.278,4.425,0
-9.543,-3.093,4.439,0
-9.366,-2.908,4.438,0
-9.169,-2.695,4.433,0
-8.845,-2.48,4.481,0
-8.441,-2.262,4.459,0
-7.966,-2.013,4.339,0
-7.468,-1.731,4.262,0
-6.966,-1.393,4.202,0
-6.597,-1.036,4.116,0
-6.389,-0.685,4.077,0
-6.362,-0.361,4.122,0
-6.561,-0.066,4.09,0
-6.89,0.216,4.052,0
-7.262,0.449,3.955,0
-7.591,0.535,3.891,0
-7.882,0.441,3.876,0
-8.191,0.195,3.908,0
-8.512,-0.21,4.01,0
-8.863,-0.667,4.07,0
-9.126,-1.11,4.105,0
-9.248,-1.492,4.188,0
-9.233,-1.754,4.213,0
-9.149,-1.896,4.228,0
-9.11,-1.942,4.198,0
-9.164,-1.986,4.263,0
-9.111,-2.055,4.471,0
-8.977,-2.01,4.509,0
-8.943,-1.86,4.423,0
-8.936,-1.721,4.376,0
-8.765,-1.575,4.346,0
-8.561,-1.349,4.328,0
-8.362,-1.095,4.274,0
-8.171,-0.775,4.284,0
-7.919,-0.489,4.236,0
-7.649,-0.314,4.294,0
-7.464,-0.214,4.522,0
-7.308,-0.312,4.536,0
-7.27,-0.556,4.439,0
-7.387,-0.867,4.376,0
-7.616,-1.232,4.352,0
-7.853,-1.639,4.411,0
-8.023,-2.09,4.536,0
-8.233,-2.514,4.555,0
-8.469,-2.816,4.323,0
-8.691,-3.062,4.036,0
-8.928,-3.163,3.792,0
-9.09,-3.181,3.618,0
-9.138,-3.199,3.659,0
-9.175,-3.277,3.838,0
-9.219,-3.487,3.885,0
-9.243,-3.725,3.956,0
-9.242,-3.881,4.129,0
-9.301,-3.949,4.239,0
-9.378,-3.921,4.338,0
-9.469,-3.778,4.43,0
-9.464,-3.506,4.475,0
-9.26,-3.12,4.493,0
-8.896,-2.734,4.507,0
-8.443,-2.374,4.453,0
-8.021,-2.125,4.468,0
-7.734,-1.898,4.535,0
-7.508,-1.659,4.591,0
-7.349,-1.471,4.7,0
-7.23,-1.274,4.681,0
-7.146,-1.155,4.663,0
-7.145,-1.107,4.604,0
-7.238,-1.095,4.64,0
-7.458,-1.156,4.819,0
-7.811,-1.157,4.822,0
-8.128,-1.228,4.781,0
-8.336,-1.326,4.693,0
-8.426,-1.532,4.646,0
-8.502,-1.788,4.568,0
-8.657,-2.089,4.475,0
-8.821,-2.403,4.368,0
-8.972,-2.712,4.261,0
-9.094,-3.013,4.192,0
-9.14,-3.221,4.185,0
-9.163,-3.425,4.172,0
-9.155,-3.63,4.132,0
-9.121,-3.82,4.186,0
-9.056,-4.018,4.202,0
-8.965,-4.144,4.168,0
-8.82,-4.148,4.175,0
-8.698,-3.979,4.218,0
-8.651,-3.724,4.249,0
-8.664,-3.447,4.269,0
-8.671,-3.175,4.23,0
-8.664,-2.939,4.219,0
-8.603,-2.764,4.255,0
-8.509,-2.588,4.221,0
-8.385,-2.437,4.159,0
-8.23,-2.368,4.117,0
-8.135,-2.334,4.107,0
-8.072,-2.328,4.096,0
-8.015,-2.29,4.026,0
-7.9,-2.214,4.023,0
-7.763,-2.191,4.08,0
-7.702,-2.193,4.127,0
-7.67,-2.202,4.132,0
-7.669,-2.238,4.141,0
-7.699,-2.242,4.113,0
-7.79,-2.267,4.071,0
-7.907,-2.333,3.962,0
-8.017,-2.466,3.854,0
-8.057,-2.663,3.827,0
-8.002,-2.839,3.751,0
-7.878,-2.964,3.683,0
-7.707,-3.059,3.722,0
-7.617,-3.219,3.983,0
-7.7,-3.279,4.033,0
-7.827,-3.124,3.882,0
-7.884,-2.924,3.669,0
-7.885,-2.811,3.545,0
-7.938,-2.875,3.455,0
-8.047,-3.135,3.695,0
-8.339,-3.434,3.951,0
-8.734,-3.539,4.062,0
-9.021,-3.403,4.098,0
-9.094,-3.087,4.027,0
-9.002,-2.79,4.061,0
-8.937,-2.553,4.103,0
-8.904,-2.444,4.137,0
-8.928,-2.38,4.186,0
-8.937,-2.336,4.173,0
-8.919,-2.238,4.141,0
-8.9,-2.165,4.154,0
-8.865,-2.102,4.179,0
-8.78,-2.022,4.222,0
-8.71,-1.973,4.259,0
-8.656,-1.928,4.328,0
-8.628,-1.847,4.362,0
-8.588,-1.751,4.394,0
-8.536,-1.648,4.391,0
-8.482,-1.558,4.377,0
-8.413,-1.503,4.386,0
-8.367,-1.501,4.432,0
-8.366,-1.55,4.49,0
-8.454,-1.61,4.474,0
-8.564,-1.644,4.434,0
-8.668,-1.689,4.441,0
-8.772,-1.683,4.461,0
-8.802,-1.646,4.477,0
-8.77,-1.564,4.461,0
-8.738,-1.445,4.445,0
-8.709,-1.309,4.398,0
-8.695,-1.129,4.359,0
-8.638,-0.934,4.388,0
-8.573,-0.791,4.386,0
-8.532,-0.652,4.374,0
-8.462,-0.533,4.363,0
-8.38,-0.447,4.34,0
-8.292,-0.405,4.293,0
-8.166,-0.402,4.252,0
-8.028,-0.407,4.236,0
-7.874,-0.431,4.211,0
-7.742,-0.475,4.211,0
-7.656,-0.561,4.249,0
-7.667,-0.687,4.245,0
-7.72,-0.801,4.275,0
-7.787,-0.883,4.313,0
-7.893,-0.978,4.342,0
-8.01,-1.039,4.388,0
-8.125,-1.122,4.431,0
-8.256,-1.246,4.461,0
-8.416,-1.383,4.502,0
-8.592,-1.531,4.504,0
-8.745,-1.69,4.486,0
-8.859,-1.884,4.489,0
-8.934,-2.132,4.535,0
-8.994,-2.366,4.607,0
-9.037,-2.589,4.702,0
-9.068,-2.755,4.596,0
-9.04,-2.855,4.438,0
-8.991,-2.842,4.372,0
-8.945,-2.707,4.359,0
-8.892,-2.508,4.408,0
-8.854,-2.311,4.408,0
-8.823,-2.173,4.405,0
-8.765,-2.083,4.378,0
-8.666,-1.966,4.355,0
-8.529,-1.829,4.355,0
-8.345,-1.618,4.339,0
-8.163,-1.412,4.339,0
-7.99,-1.235,4.318,0
-7.85,-1.113,4.307,0
-7.776,-1.085,4.279,0
-7.779,-1.159,4.289,0
-7.891,-1.337,4.3,0
-8.045,-1.604,4.328,0
-8.224,-1.868,4.362,0
-8.384,-2.071,4.401,0
-8.552,-2.181,4.41,0
-8.719,-2.205,4.428,0
-8.871,-2.126,4.408,0
-8.947,-2.017,4.448,0
-8.948,-1.927,4.532,0
-8.891,-1.829,4.566,0
-8.773,-1.743,4.584,0
-8.615,-1.654,4.559,0
-8.442,-1.61,4.547,0
-8.268,-1.619,4.533,0
-8.101,-1.631,4.502,0
-7.936,-1.672,4.459,0
-7.789,-1.786,4.484,0
-7.751,-1.958,4.56,0
-7.839,-2.056,4.432,0
-7.95,-2.168,4.328,0
-8.092,-2.337,4.281,0
-8.231,-2.508,4.182,0
-8.37,-2.676,4.044,0
-8.475,-2.874,3.981,0
-8.565,-3.032,3.939,0
-8.671,-3.139,3.864,0
-8.714,-3.188,3.812,0
-8.731,-3.218,3.765,0
-8.775,-3.276,3.754,0
-8.819,-3.338,3.734,0
-8.869,-3.363,3.697,0
-8.937,-3.355,3.664,0
-9.004,-3.342,3.671,0
-9.061,-3.31,3.657,0
-9.077,-3.289,3.639,0
-9.062,-3.245,3.641,0
-9.002,-3.182,3.68,0
-8.945,-3.103,3.654,0
-8.869,-3.045,3.65,0
-8.744,-2.984,3.625,0
-8.623,-2.928,3.641,0
-8.494,-2.892,3.669,0
-8.382,-2.862,3.674,0
-8.296,-2.81,3.685,0
-8.211,-2.719,3.692,0
-8.147,-2.634,3.694,0
-8.097,-2.538,3.674,0
-8.06,-2.458,3.651,0
-8.038,-2.402,3.624,0
-8.013,-2.38,3.608,0
-7.987,-2.371,3.597,0
-7.946,-2.393,3.553,0
-7.887,-2.436,3.542,0
-7.827,-2.499,3.534,0
-7.794,-2.559,3.479,0
-7.782,-2.615,3.432,0
-7.756,-2.708,3.567,0
-7.827,-2.74,3.575,0
-7.976,-2.749,3.674,0
-8.182,-2.674,3.72,0
-8.393,-2.511,3.685,0
-8.532,-2.406,3.915,0
-8.726,-2.241,4.123,0
-8.905,-2.0,4.222,0
-8.997,-1.742,4.261,0
-9.005,-1.504,4.217,0
-8.952,-1.325,4.149,0
-8.864,-1.322,4.147,0
-8.834,-1.466,4.131,0
-8.865,-1.658,4.15,0
-8.945,-1.877,4.146,0
-9.032,-2.077,4.139,0
-9.099,-2.215,4.112,0
-9.172,-2.33,4.132,0
-9.234,-2.408,4.122,0
-9.278,-2.459,4.076,0
-9.325,-2.476,4.088,0
-9.359,-2.443,4.145,0
-9.375,-2.336,4.121,0
-9.395,-2.212,4.167,0
-9.379,-2.061,4.18,0
-9.303,-1.898,4.148,0
-9.197,-1.748,4.198,0
-9.075,-1.573,4.256,0
-8.947,-1.43,4.299,0
-8.846,-1.297,4.278,0
-8.742,-1.2,4.303,0
-8.653,-1.098,4.273,0
-8.56,-1.026,4.232,0
-8.468,-0.984,4.21,0
-8.367,-0.981,4.203,0
-8.233,-0.99,4.196,0
-8.122,-0.983,4.205,0
-8.018,-0.954,4.207,0
-7.91,-0.876,4.228,0
-7.836,-0.782,4.236,0
-7.81,-0.642,4.202,0
-7.803,-0.522,4.191,0
-7.794,-0.417,4.186,0
-7.796,-0.307,4.204,0
-7.811,-0.212,4.208,0
-7.839,-0.169,4.213,0
-7.857,-0.144,4.26,0
-7.866,-0.174,4.285,0
-7.892,-0.232,4.328,0
-7.967,-0.293,4.342,0
-8.05,-0.35,4.365,0
-8.151,-0.376,4.349,0
-8.285,-0.443,4.306,0
-8.415,-0.511,4.288,0
-8.542,-0.603,4.243,0
-8.681,-0.744,4.223,0
-8.809,-0.853,4.121,0
-8.916,-0.926,4.076,0
-9.052,-0.986,4.054,0
-9.244,-1.051,3.978,0
-9.401,-1.137,3.942,0
-9.48,-1.197,3.871,0
-9.53,-1.293,3.856,0
-9.502,-1.432,3.901,0
-9.442,-1.69,4.191,0
-9.453,-2.003,4.564,0
-9.561,-2.428,4.804,0
-9.54,-2.88,4.637,0
-9.15,-3.174,4.289,0
-8.6,-3.124,4.122,0
-8.24,-2.8,4.241,0
-8.135,-2.437,4.453,0
-8.186,-2.116,4.524,0
-8.205,-1.883,4.459,0
-8.108,-1.809,4.35,0
-7.931,-1.798,4.203,0
-7.689,-1.769,4.038,0
-7.415,-1.646,3.936,0
-7.201,-1.506,3.852,0
-7.131,-1.411,3.845,0
-7.329,-1.366,3.927,0
-7.789,-1.322,3.979,0
-8.469,-1.294,4.061,0
-9.248,-1.318,4.118,0
-9.858,-1.378,4.143,0
-10.135,-1.489,4.166,0
-10.055,-1.66,4.169,0
-9.715,-1.786,4.216,0
-9.322,-1.874,4.247,0
-8.977,-1.965,4.281,0
-8.749,-2.021,4.294,0
-8.602,-2.057,4.281,0
-8.495,-2.12,4.226,0
-8.369,-2.154,4.196,0
-8.189,-2.17,4.157,0
-8.004,-2.165,4.159,0
-7.87,-2.148,4.208,0
-7.793,-2.119,4.271,0
-7.782,-2.09,4.312,0
-7.814,-2.035,4.29,0
-7.94,-1.989,4.249,0
-8.109,-1.986,4.172,0
-8.316,-2.019,4.161,0
-8.527,-2.105,4.147,0
-8.761,-2.213,4.18,0
-8.988,-2.307,4.238,0
-9.156,-2.392,4.22,0
-9.249,-2.43,4.16,0
-9.257,-2.486,4.117,0
-9.227,-2.548,4.051,0
-9.14,-2.632,3.988,0
-9.013,-2.72,3.936,0
-8.861,-2.822,3.905,0
-8.734,-2.901,3.839,0
-8.636,-2.923,3.817,0
-8.596,-2.926,3.79,0
-8.547,-2.9,3.751,0
-8.548,-2.846,3.728,0
-8.567,-2.755,3.697,0
-8.558,-2.648,3.669,0
-8.539,-2.581,3.669,0
-8.517,-2.538,3.674,0
-8.521,-2.527,3.674,0
-8.513,-2.528,3.662,0
-8.492,-2.507,3.678,0
-8.429,-2.497,3.699,0
-8.369,-2.494,3.683,0
-8.334,-2.485,3.667,0
-8.314,-2.485,3.669,0
-8.314,-2.476,3.681,0
-8.319,-2.49,3.699,0
-8.33,-2.526,3.71,0
-8.305,-2.565,3.703,0
-8.263,-2.608,3.73,0
-8.204,-2.622,3.749,0
-8.137,-2.623,3.732,0
-8.077,-2.655,3.832,0
-8.121,-2.72,3.954,0
-8.226,-2.694,3.766,0
-8.237,-2.671,3.728,0
-8.194,-2.683,3.635,0
-8.143,-2.758,3.565,0
-8.121,-2.873,3.5,0
-8.143,-2.984,3.442,0
-8.249,-3.069,3.509,0
-8.469,-3.156,3.539,0
-8.714,-3.149,3.532,0
-8.896,-3.047,3.598,0
-9.017,-2.91,3.727,0
-9.071,-2.797,3.901,0
-9.162,-2.64,4.013,0
-9.243,-2.435,4.115,0
-9.253,-2.185,4.149,0
-9.205,-1.977,4.189,0
-9.13,-1.848,4.193,0
-9.003,-1.805,4.2,0
-8.849,-1.837,4.197,0
-8.737,-1.906,4.222,0
-8.683,-2.007,4.254,0
-8.662,-2.058,4.234,0
-8.647,-2.058,4.204,0
-8.595,-2.034,4.168,0
-8.543,-2.007,4.146,0
-8.487,-2.002,4.173,0
-8.485,-1.959,4.152,0
-8.511,-1.912,4.152,0
-8.516,-1.86,4.166,0
-8.514,-1.8,4.183,0
-8.494,-1.719,4.199,0
-8.435,-1.625,4.235,0
-8.365,-1.519,4.251,0
-8.326,-1.393,4.282,0
-8.31,-1.263,4.298,0
-8.304,-1.129,4.307,0
-8.306,-0.994,4.286,0
-8.292,-0.843,4.289,0
-8.24,-0.709,4.297,0
-8.206,-0.593,4.326,0
-8.207,-0.543,4.351,0
-8.204,-0.538,4.35,0
-8.175,-0.546,4.338,0
-8.176,-0.592,4.366,0
-8.184,-0.593,4.335,0
-8.204,-0.584,4.281,0
-8.229,-0.579,4.263,0
-8.301,-0.596,4.186,0
-8.374,-0.61,4.088,0
-8.435,-0.661,4.081,0
-8.507,-0.724,4.027,0
-8.579,-0.771,4.004,0
-8.614,-0.857,4.002,0
-8.718,-0.976,3.995,0
-8.818,-1.114,3.997,0
-8.906,-1.295,3.989,0
-8.994,-1.461,3.967,0
-9.052,-1.644,4.021,0
-9.074,-1.83,4.037,0
-9.075,-2.031,4.162,0
-9.135,-2.232,4.381,0
-9.294,-2.423,4.596,0
-9.408,-2.621,4.637,0
-9.298,-2.763,4.436,0
-9.019,-2.703,4.334,0
-8.804,-2.469,4.329,0
-8.698,-2.183,4.419,0
-8.648,-1.937,4.439,0
-8.584,-1.747,4.362,0
-8.509,-1.579,4.281,0
-8.357,-1.402,4.226,0
-8.166,-1.22,4.188,0
-7.98,-1.023,4.176,0
-7.856,-0.867,4.171,0
-7.826,-0.758,4.155,0
-7.857,-0.684,4.159,0
-7.898,-0.661,4.22,0
-8.01,-0.722,4.282,0
-8.156,-0.892,4.35,0
-8.289,-1.151,4.371,0
-8.465,-1.47,4.454,0
-8.667,-1.786,4.509,0
-8.825,-2.048,4.516,0
-8.919,-2.2,4.507,0
-8.915,-2.198,4.512,0
-8.862,-2.081,4.539,0
-8.813,-1.932,4.563,0
-8.793,-1.781,4.554,0
-8.78,-1.629,4.547,0
-8.728,-1.499,4.558,0
-8.619,-1.432,4.565,0
-8.506,-1.408,4.529,0
-8.366,-1.413,4.504,0
-8.221,-1.447,4.508,0
-8.083,-1.496,4.463,0
-7.949,-1.557,4.429,0
-7.821,-1.662,4.434,0
-7.731,-1.801,4.456,0
-7.721,-1.999,4.524,0
-7.844,-2.22,4.572,0
-8.037,-2.374,4.455,0
-8.18,-2.495,4.349,0
-8.279,-2.606,4.245,0
-8.372,-2.706,4.153,0
-8.44,-2.816,4.099,0
-8.532,-2.959,4.068,0
-8.605,-3.063,4.013,0
-8.671,-3.136,3.955,0
-8.685,-3.168,3.864,0
-8.664,-3.154,3.833,0
-8.673,-3.14,3.824,0
-8.723,-3.151,3.808,0
-8.802,-3.177,3.84,0
-8.878,-3.196,3.86,0
-8.959,-3.179,3.883,0
-9.012,-3.133,3.899,0
-9.013,-3.063,3.948,0
-8.96,-2.999,3.975,0
-8.887,-2.915,4.016,0
-8.803,-2.837,4.072,0
-8.73,-2.744,4.117,0
-8.641,-2.649,4.132,0
-8.539,-2.563,4.128,0
-8.448,-2.516,4.123,0
-8.383,-2.471,4.105,0
-8.322,-2.455,4.073,0
-8.259,-2.449,4.028,0
-8.225,-2.461,3.974,0
-8.164,-2.486,3.913,0
-8.07,-2.53,3.836,0
-7.966,-2.574,3.793,0
-7.896,-2.594,3.739,0
-7.864,-2.628,3.7,0
-7.847,-2.662,3.658,0
-7.85,-2.674,3.621,0
-7.865,-2.682,3.601,0
-7.898,-2.679,3.667,0
-7.933,-2.649,3.687,0
-7.954,-2.572,3.694,0
-7.943,-2.483,3.723,0
-7.925,-2.434,3.956,0
-8.066,-2.398,4.091,0
-8.196,-2.28,4.047,0
-8.274,-2.283,4.22,0
-8.435,-2.304,4.193,0
-8.517,-2.283,4.111,0
-8.618,-2.356,4.245,0
-8.821,-2.474,4.313,0
-8.958,-2.503,4.284,0
-9.003,-2.471,4.275,0
-9.03,-2.436,4.234,0
-9.034,-2.394,4.202,0
-8.98,-2.376,4.234,0
-8.973,-2.386,4.295,0
-9.004,-2.378,4.359,0
-9.051,-2.326,4.372,0
-9.045,-2.216,4.41,0
-8.962,-2.073,4.372,0
-8.836,-1.959,4.328,0
-8.651,-1.93,4.36,0
-8.491,-1.916,4.365,0
-8.376,-1.928,4.36,0
-8.277,-1.898,4.319,0
-8.157,-1.823,4.314,0
-8.065,-1.75,4.262,0
-8.012,-1.657,4.244,0
-8.094,-1.642,4.235,0
-8.27,-1.65,4.269,0
-8.476,-1.676,4.416,0
-8.673,-1.678,4.531,0
-8.843,-1.628,4.633,0
-8.916,-1.55,4.708,0
-8.892,-1.411,4.78,0
-8.832,-1.233,4.845,0
-8.7,-1.033,4.856,0
-8.511,-0.849,4.896,0
-8.326,-0.687,4.917,0
-8.101,-0.566,4.889,0
-7.895,-0.468,4.785,0
-7.706,-0.392,4.694,0
-7.585,-0.36,4.615,0
-7.526,-0.315,4.527,0
-7.522,-0.29,4.434,0
-7.554,-0.311,4.33,0
-7.647,-0.348,4.222,0
-7.733,-0.409,4.159,0
-7.822,-0.498,4.111,0
-7.937,-0.581,4.033,0
-8.08,-0.696,3.983,0
-8.222,-0.83,3.982,0
-8.381,-1.007,3.971,0
-8.541,-1.19,3.952,0
-8.644,-1.372,3.973,0
-8.753,-1.521,4.102,0
-8.815,-1.691,4.231,0
-8.886,-1.929,4.387,0
-8.994,-2.192,4.665,0
-9.085,-2.431,4.715,0
-9.075,-2.661,4.584,0
-9.038,-2.732,4.532,0
-8.941,-2.674,4.596,0
-8.855,-2.525,4.645,0
-8.798,-2.341,4.604,0
-8.733,-2.183,4.541,0
-8.62,-2.032,4.471,0
-8.494,-1.833,4.369,0
-8.428,-1.522,4.278,0
-8.393,-1.186,4.264,0
-8.375,-0.871,4.237,0
-8.372,-0.66,4.241,0
-8.366,-0.603,4.286,0
-8.4,-0.743,4.291,0
-8.472,-0.997,4.296,0
-8.532,-1.343,4.273,0
-8.557,-1.697,4.236,0
-8.539,-1.978,4.218,0
-8.523,-2.161,4.195,0
-8.505,-2.265,4.263,0
-8.523,-2.328,4.315,0
-8.563,-2.335,4.347,0
-8.618,-2.328,4.324,0
-8.603,-2.344,4.286,0
-8.511,-2.321,4.345,0
-8.402,-2.253,4.324,0
-8.335,-2.177,4.367,0
-8.329,-2.169,4.41,0
-8.39,-2.152,4.317,0
-8.455,-2.128,4.252,0
-8.549,-2.141,4.166,0
-8.619,-2.195,4.13,0
-8.665,-2.316,4.074,0
-8.708,-2.455,4.035,0
-8.73,-2.607,3.999,0
-8.742,-2.724,3.918,0
-8.705,-2.843,3.887,0
-8.654,-2.988,3.873,0
-8.634,-3.124,3.853,0
-8.664,-3.229,3.819,0
-8.683,-3.298,3.808,0
-8.707,-3.331,3.794,0
-8.725,-3.27,3.815,0
-8.728,-3.146,3.887,0
-8.764,-2.973,3.864,0
-8.751,-2.731,3.814,0
-8.654,-2.518,3.807,0
-8.537,-2.347,3.821,0
-8.431,-2.23,3.836,0
-8.338,-2.159,3.811,0
-8.237,-2.125,3.78,0
-8.145,-2.12,3.782,0
-8.078,-2.161,3.782,0
-8.054,-2.256,3.759,0
-7.999,-2.365,3.779,0
-7.987,-2.491,3.771,0
-8.012,-2.65,3.771,0
-8.055,-2.768,3.714,0
-8.07,-2.854,3.651,0
-8.06,-2.912,3.606,0
-8.087,-3.022,3.73,0
-8.217,-3.017,3.634,0
-8.293,-2.985,3.613,0
-8.366,-2.928,3.629,0
-8.428,-2.846,3.586,0
-8.478,-2.804,3.701,0
-8.584,-2.738,3.685,0
-8.659,-2.623,3.74,0
-8.734,-2.481,3.798,0
-8.845,-2.34,3.875,0
-8.944,-2.201,3.931,0
-8.977,-2.143,3.999,0
-9.01,-2.141,4.092,0
-9.059,-2.138,4.119,0
-9.056,-2.128,4.112,0
-8.97,-2.104,4.098,0
-8.84,-2.086,4.078,0
-8.779,-2.094,4.062,0
-8.731,-2.162,4.035,0
-8.718,-2.232,4.022,0
-8.737,-2.32,3.987,0
-8.764,-2.348,3.972,0
-8.82,-2.356,3.922,0
-8.886,-2.319,3.906,0
-8.947,-2.262,3.87,0
-9.011,-2.209,3.859,0
-9.044,-2.159,3.879,0
-9.073,-2.128,3.876,0
-9.072,-2.114,3.884,0
-9.022,-2.053,3.914,0
-8.985,-1.984,3.972,0
-8.963,-1.846,3.978,0
-8.915,-1.653,4.021,0
-8.845,-1.504,4.097,0
-8.802,-1.358,4.152,0
-8.741,-1.211,4.163,0
-8.66,-1.089,4.217,0
-8.553,-1.007,4.237,0
-8.43,-0.951,4.239,0
-8.323,-0.913,4.198,0
-8.232,-0.893,4.205,0
-8.154,-0.867,4.205,0
-8.07,-0.827,4.168,0
-7.995,-0.781,4.175,0
-7.949,-0.737,4.186,0
-7.925,-0.667,4.152,0
-7.908,-0.579,4.105,0
-7.897,-0.479,4.098,0
-7.879,-0.393,4.096,0
-7.911,-0.335,4.059,0
-7.924,-0.323,4.077,0
-7.931,-0.335,4.111,0
-7.888,-0.362,4.105,0
-7.853,-0.407,4.053,0
-7.84,-0.511,4.071,0
-7.869,-0.637,4.078,0
-7.978,-0.783,4.062,0
-8.132,-0.94,4.013,0
-8.315,-1.106,4.045,0
-8.506,-1.278,4.07,0
-8.713,-1.439,4.061,0
-8.903,-1.573,4.037,0
-9.044,-1.656,3.951,0
-9.147,-1.688,3.953,0
-9.251,-1.639,3.992,0
-9.398,-1.612,4.039,0
-9.554,-1.605,4.055,0
-9.67,-1.661,4.021,0
-9.662,-1.747,4.03,0
-9.587,-1.809,3.992,0
-9.476,-1.811,3.951,0
-9.311,-1.795,3.936,0
-9.152,-1.76,3.969,0
-9.009,-1.668,3.949,0
-8.876,-1.58,3.948,0
-8.716,-1.481,4.021,0
-8.532,-1.461,4.059,0
-8.466,-1.553,4.09,0
-8.454,-1.674,4.107,0
-8.445,-1.784,4.105,0
-8.437,-1.875,4.12,0
-8.463,-1.973,4.1,0
-8.543,-2.051,4.096,0
-8.646,-2.069,4.105,0
-8.753,-2.022,4.08,0
-8.832,-1.913,4.01,0
-8.865,-1.796,3.962,0
-8.846,-1.697,3.949,0
-8.827,-1.618,3.924,0
-8.766,-1.576,3.912,0
-8.669,-1.554,3.923,0
-8.537,-1.547,3.948,0
-8.375,-1.545,3.964,0
-8.247,-1.561,3.966,0
-8.142,-1.619,3.977,0
-8.066,-1.703,4.005,0
-8.105,-1.824,4.036,0
-8.259,-1.975,4.104,0
-8.427,-2.084,4.139,0
-8.624,-2.157,4.114,0
-8.763,-2.199,4.119,0
-8.824,-2.244,4.13,0
-8.817,-2.301,4.148,0
-8.762,-2.413,4.16,0
-8.687,-2.487,4.13,0
-8.585,-2.558,4.13,0
-8.499,-2.591,4.15,0
-8.424,-2.592,4.071,0
-8.401,-2.629,3.997,0
-8.447,-2.711,4.051,0
-8.556,-2.77,4.01,0
-8.668,-2.813,3.956,0
-8.783,-2.87,3.979,0
-8.89,-2.933,3.95,0
-8.939,-2.982,3.925,0
-8.962,-3.049,3.896,0
-8.945,-3.098,3.871,0
-8.899,-3.148,3.867,0
-8.87,-3.183,3.842,0
-8.861,-3.192,3.81,0
-8.818,-3.168,3.787,0
-8.751,-3.167,3.767,0
-8.711,-3.159,3.744,0
-8.658,-3.162,3.708,0
-8.571,-3.159,3.701,0
-8.49,-3.151,3.694,0
-8.42,-3.121,3.721,0
-8.346,-3.072,3.728,0
-8.26,-2.991,3.769,0
-8.166,-2.897,3.803,0
-8.094,-2.796,3.832,0
-8.009,-2.698,3.841,0
-7.966,-2.606,3.85,0
-7.933,-2.546,3.829,0
-7.918,-2.515,3.782,0
-7.883,-2.529,3.721,0
-7.867,-2.565,3.764,0
-7.882,-2.63,3.741,0
-7.88,-2.653,3.741,0
-7.899,-2.702,3.834,0
-7.986,-2.748,3.929,0
-8.102,-2.688,3.965,0
-8.142,-2.609,4.082,0
-8.177,-2.506,4.168,0
-8.247,-2.395,4.218,0
-8.282,-2.309,4.227,0
-8.272,-2.256,4.231,0
-8.237,-2.251,4.231,0
-8.216,-2.301,4.229,0
-8.24,-2.379,4.173,0
-8.279,-2.469,4.121,0
-8.343,-2.562,4.096,0
-8.436,-2.657,4.089,0
-8.552,-2.729,4.067,0
-8.675,-2.806,4.049,0
-8.781,-2.859,4.051,0
-8.85,-2.878,4.092,0
-8.93,-2.836,4.094,0
-8.976,-2.75,4.106,0
-8.957,-2.648,4.124,0
-8.922,-2.561,4.135,0
-8.881,-2.465,4.11,0
-8.817,-2.386,4.107,0
-8.771,-2.312,4.094,0
-8.731,-2.248,4.121,0
-8.696,-2.183,4.112,0
-8.659,-2.1,4.094,0
-8.624,-2.047,4.103,0
-8.602,-2.029,4.139,0
-8.615,-2.066,4.175,0
-8.646,-2.103,4.143,0
-8.696,-2.084,4.116,0
-8.725,-2.079,4.136,0
-8.729,-2.007,4.118,0
-8.701,-1.868,4.089,0
-8.664,-1.7,4.104,0
-8.613,-1.542,4.167,0
-8.52,-1.366,4.235,0
-8.467,-1.18,4.316,0
-8.416,-1.001,4.359,0
-8.335,-0.833,4.388,0
-8.277,-0.707,4.43,0
-8.245,-0.593,4.435,0
-8.203,-0.508,4.421,0
-8.166,-0.42,4.356,0
-8.136,-0.308,4.304,0
-8.091,-0.206,4.235,0
-8.018,-0.106,4.192,0
-7.948,-0.018,4.185,0
-7.92,-0.038,4.179,0
-7.9,-0.155,4.138,0
-7.94,-0.3,4.098,0
-8.025,-0.472,4.107,0
-8.182,-0.635,4.076,0
-8.293,-0.844,4.038,0
-8.39,-1.052,3.997,0
-8.482,-1.236,3.984,0
-8.583,-1.366,3.946,0
-8.678,-1.502,3.951,0
-8.782,-1.624,3.98,0
-8.915,-1.727,4.003,0
-8.981,-1.843,4.003,0
-9.012,-1.937,4.005,0
-9.009,-1.969,3.978,0
-8.978,-1.92,3.883,0
-8.914,-1.831,3.938,0
-8.911,-1.714,4.044,0
-9.003,-1.67,4.116,0
-9.113,-1.7,4.1,0
-9.158,-1.814,4.075,0
-9.124,-1.983,4.089,0
-9.017,-2.156,4.078,0
-8.837,-2.257,4.067,0
-8.686,-2.239,4.044,0
-8.616,-2.135,4.012,0
-8.614,-1.959,4.019,0
-8.659,-1.755,4.0,0
-8.695,-1.581,4.045,0
-8.698,-1.469,4.046,0
-8.697,-1.418,4.095,0
-8.695,-1.453,4.108,0
-8.653,-1.484,4.172,0
-8.599,-1.512,4.233,0
-8.56,-1.565,4.33,0
-8.523,-1.656,4.386,0
-8.485,-1.708,4.382,0
-8.453,-1.737,4.376,0
-8.438,-1.756,4.42,0
-8.417,-1.738,4.457,0
-8.393,-1.678,4.45,0
-8.344,-1.596,4.474,0
-8.253,-1.537,4.508,0
-8.143,-1.48,4.517,0
-8.013,-1.454,4.521,0
-7.933,-1.486,4.528,0
-7.913,-1.579,4.481,0
-7.963,-1.701,4.488,0
-8.065,-1.837,4.517,0
-8.207,-1.997,4.608,0
-8.451,-2.14,4.62,0
-8.635,-2.234,4.561,0
-8.69,-2.327,4.518,0
-8.655,-2.416,4.489,0
-8.574,-2.523,4.414,0
-8.526,-2.649,4.34,0
-8.542,-2.82,4.236,0
-8.589,-2.958,4.119,0
-8.613,-3.083,4.011,0
-8.645,-3.197,3.921,0
-8.716,-3.306,3.867,0
-8.783,-3.359,3.824,0
-8.827,-3.394,3.824,0
-8.861,-3.396,3.802,0
-8.878,-3.349,3.779,0
-8.874,-3.288,3.77,0
-8.828,-3.194,3.768,0
-8.816,-3.121,3.806,0
-8.806,-3.054,3.923,0
-8.791,-2.981,3.986,0
-8.699,-2.873,3.997,0
-8.536,-2.773,4.037,0
-8.361,-2.717,4.099,0
-8.204,-2.693,4.103,0
-8.085,-2.657,4.037,0
-7.918,-2.661,3.992,0
-7.778,-2.698,3.931,0
-7.682,-2.762,3.856,0
-7.605,-2.837,3.802,0
-7.573,-2.891,3.734,0
-7.529,-2.97,3.701,0
-7.532,-2.979,3.586,0
-7.546,-2.983,3.672,0
-7.644,-2.998,3.701,0
-7.764,-2.92,3.448,0
-7.785,-2.998,3.532,0
-7.915,-3.225,3.791,0
-8.233,-3.336,3.878,0
-8.592,-3.416,4.072,0
-8.989,-3.361,4.179,0
-9.214,-3.056,4.088,0
-9.251,-2.745,4.108,0
-9.265,-2.417,4.051,0
-9.246,-2.201,4.083,0
-9.271,-2.171,4.216,0
-9.337,-2.193,4.254,0
-9.362,-2.204,4.182,0
-9.264,-2.187,4.09,0
-9.059,-2.202,4.037,0
-8.888,-2.227,3.954,0
-8.796,-2.328,3.877,0
-8.766,-2.442,3.846,0
-8.789,-2.561,3.843,0
-8.821,-2.655,3.841,0
-8.835,-2.643,3.812,0
-8.816,-2.57,3.823,0
-8.787,-2.467,3.823,0
-8.784,-2.335,3.832,0
-8.819,-2.232,3.911,0
-8.856,-2.088,4.015,0
-8.883,-1.896,4.1,0
-8.892,-1.652,4.19,0
-8.89,-1.4,4.251,0
-8.869,-1.099,4.292,0
-8.784,-0.788,4.284,0
-8.676,-0.513,4.293,0
-8.538,-0.298,4.238,0
-8.342,-0.13,4.157,0
-8.107,-0.039,4.087,0
-7.875,-0.007,3.989,0
-7.648,-0.046,3.962,0
-7.49,-0.125,3.894,0
-7.417,-0.229,3.858,0
-7.406,-0.365,3.895,0
-7.481,-0.525,3.935,0
-7.631,-0.737,3.976,0
-7.793,-0.921,3.954,0
-7.936,-1.062,3.902,0
-8.093,-1.122,3.701,0
-8.164,-1.01,3.555,0
-8.166,-0.824,3.534,0
-8.223,-0.657,3.667,0
-8.38,-0.529,3.823,0
-8.709,-0.554,3.774,0
-9.059,-0.762,3.718,0
-9.28,-1.101,3.711,0
-9.328,-1.453,3.811,0
-9.345,-1.797,3.988,0
-9.367,-2.139,4.06,0
-9.421,-2.366,3.952,0
-9.405,-2.353,3.778,0
-9.302,-2.108,3.685,0
-9.233,-1.753,3.698,0
-9.248,-1.496,3.735,0
-9.298,-1.388,3.757,0
-9.238,-1.42,3.834,0
-9.1,-1.628,3.996,0
-8.934,-1.965,4.105,0
-8.658,-2.296,4.182,0
-8.29,-2.562,4.223,0
-7.937,-2.688,4.186,0
-7.668,-2.721,4.207,0
-7.632,-2.706,4.261,0
-7.899,-2.563,4.279,0
-8.331,-2.315,4.277,0
-8.901,-1.989,4.193,0
-9.441,-1.643,4.168,0
-9.844,-1.337,4.182,0
-10.045,-1.116,4.213,0
-10.012,-1.031,4.222,0
-9.806,-1.05,4.247,0
-9.515,-1.194,4.303,0
-9.248,-1.38,4.346,0
-8.955,-1.561,4.382,0
-8.635,-1.757,4.38,0
-8.29,-1.943,4.353,0
-7.921,-2.137,4.357,0
-7.563,-2.303,4.359,0
-7.243,-2.4,4.292,0
-6.996,-2.501,4.319,0
-6.879,-2.586,4.249,0
-6.941,-2.654,4.177,0
-7.23,-2.654,4.127,0
-7.622,-2.652,4.091,0
-8.022,-2.615,4.017,0
-8.378,-2.581,4.006,0
-8.671,-2.599,4.02,0
-8.872,-2.605,4.017,0
-8.966,-2.641,4.018,0
-8.974,-2.695,4.038,0
-8.906,-2.723,3.995,0
-8.854,-2.765,3.934,0
-8.787,-2.827,3.837,0
-8.808,-2.909,3.724,0
-8.843,-3.026,3.659,0
-8.928,-3.173,3.652,0
-9.027,-3.298,3.635,0
-9.09,-3.345,3.628,0
-9.06,-3.345,3.677,0
-8.968,-3.349,3.711,0
-8.818,-3.307,3.72,0
-8.62,-3.234,3.769,0
-8.435,-3.143,3.837,0
-8.284,-3.012,3.864,0
-8.189,-2.868,3.877,0
-8.14,-2.723,3.911,0
-8.103,-2.59,3.888,0
-8.087,-2.496,3.854,0
-8.09,-2.442,3.802,0
-8.079,-2.434,3.736,0
-8.042,-2.477,3.648,0
-8.004,-2.549,3.579,0
-7.968,-2.673,3.577,0
-8.057,-2.807,3.59,0
-8.18,-2.881,3.496,0
-8.273,-2.922,3.423,0
-8.382,-2.922,3.369,0
-8.497,-2.948,3.399,0
-8.639,-2.923,3.389,0
-8.762,-2.818,3.322,0
-8.84,-2.74,3.326,0
-8.896,-2.633,3.347,0
-8.942,-2.585,3.482,0
-9.027,-2.553,3.626,0
-9.071,-2.474,3.789,0
-9.149,-2.351,3.952,0
-9.225,-2.163,4.051,0
-9.242,-1.938,4.114,0
-9.216,-1.739,4.064,0
-9.005,-1.616,3.971,0
-8.711,-1.603,3.946,0
-8.467,-1.696,3.955,0
-8.309,-1.852,3.994,0
-8.295,-2.025,3.974,0
-8.352,-2.173,3.953,0
-8.467,-2.267,3.897,0
-8.6,-2.31,3.847,0
-8.731,-2.335,3.771,0
-8.822,-2.363,3.723,0
-8.887,-2.359,3.699,0
-8.974,-2.318,3.683,0
-9.065,-2.237,3.653,0
-9.159,-2.119,3.656,0
-9.228,-2.006,3.734,0
-9.221,-1.86,3.752,0
-9.153,-1.694,3.797,0
-8.991,-1.508,3.856,0
-8.821,-1.324,3.908,0
-8.636,-1.19,4.02,0
-8.46,-1.074,4.074,0
-8.336,-0.948,4.085,0
-8.256,-0.839,4.11,0
-8.201,-0.777,4.085,0
-8.187,-0.768,4.072,0
-8.205,-0.772,4.065,0
-8.241,-0.817,4.017,0
-8.288,-0.848,3.986,0
-8.33,-0.865,3.929,0
-8.373,-0.857,3.9,0
-8.417,-0.825,3.877,0
-8.449,-0.796,3.877,0
-8.511,-0.734,3.857,0
-8.583,-0.697,3.83,0
-8.617,-0.671,3.823,0
-8.646,-0.709,3.821,0
-8.695,-0.771,3.794,0
-8.749,-0.885,3.767,0
-8.796,-1.016,3.772,0
-8.817,-1.138,3.749,0
-8.837,-1.251,3.741,0
-8.828,-1.304,3.736,0
-8.817,-1.286,3.777,0
-8.808,-1.25,3.822,0
-8.798,-1.169,3.84,0
-8.764,-1.08,3.835,0
-8.75,-0.988,3.851,0
-8.724,-0.922,3.893,0
-8.703,-0.894,3.925,0
-8.722,-0.87,3.95,0
-8.743,-0.886,4.011,0
-8.751,-0.896,4.034,0
-8.79,-0.864,4.036,0
-8.821,-0.838,4.043,0
-8.872,-0.825,4.011,0
-8.932,-0.839,4.004,0
-8.949,-0.895,3.968,0
-8.94,-0.934,3.907,0
-8.914,-0.993,3.905,0
-8.893,-1.045,3.851,0
-8.886,-1.085,3.86,0
-8.937,-1.127,3.882,0
-8.986,-1.156,3.86,0
-8.995,-1.162,3.853,0
-8.972,-1.187,3.849,0
-8.928,-1.253,3.849,0
-8.89,-1.305,3.854,0
-8.874,-1.361,3.874,0
-8.88,-1.422,3.892,0
-8.883,-1.462,3.922,0
-8.893,-1.485,3.928,0
-8.879,-1.51,3.966,0
-8.865,-1.499,3.991,0
-8.834,-1.474,3.971,0
-8.786,-1.422,3.957,0
-8.755,-1.37,3.987,0
-8.737,-1.327,4.037,0
-8.734,-1.275,4.027,0
-8.728,-1.207,4.018,0
-8.731,-1.187,4.009,0
-8.749,-1.184,4.011,0
-8.775,-1.22,3.998,0
-8.809,-1.251,3.975,0
-8.835,-1.274,3.93,0
-8.857,-1.285,3.926,0
-8.884,-1.3,3.896,0
-8.882,-1.301,3.876,0
-8.859,-1.323,3.883,0
-8.805,-1.32,3.872,0
-8.752,-1.296,3.905,0
-8.729,-1.265,3.928,0
-8.714,-1.209,3.921,0
-8.685,-1.164,3.881,0
-8.657,-1.131,3.846,0
-8.619,-1.119,3.808,0
-8.587,-1.137,3.776,0
-8.588,-1.197,3.781,0
-8.589,-1.287,3.786,0
-8.599,-1.398,3.795,0
-8.622,-1.503,3.806,0
-8.647,-1.579,3.822,0
-8.676,-1.648,3.842,0
-8.688,-1.695,3.856,0
-8.713,-1.733,3.881,0
-8.766,-1.77,3.888,0
-8.822,-1.778,3.906,0
-8.86,-1.805,3.87,0
-8.887,-1.831,3.872,0
-8.911,-1.855,3.856,0
-8.927,-1.875,3.865,0
-8.937,-1.914,3.872,0
-8.919,-1.925,3.868,0
-8.89,-1.935,3.89,0
-8.875,-1.897,3.897,0
-8.844,-1.857,3.886,0
-8.794,-1.808,3.906,0
-8.73,-1.737,3.94,0
-8.671,-1.676,3.901,0
-8.58,-1.661,3.881,0
-8.517,-1.668,3.836,0
-8.441,-1.681,3.815,0
-8.377,-1.755,3.786,0
-8.293,-1.88,3.831,0
-8.236,-2.028,3.857,0
-8.206,-2.126,3.888,0
-8.224,-2.229,3.856,0
-8.248,-2.289,3.818,0
-8.299,-2.36,3.716,0
-8.43,-2.498,3.752,0
-8.638,-2.618,3.726,0
-8.785,-2.653,3.613,0
-8.877,-2.637,3.577,0
-8.861,-2.582,3.541,0
-8.83,-2.531,3.505,0
-8.8,-2.455,3.495,0
-8.722,-2.391,3.484,0
-8.657,-2.309,3.446,0
-8.637,-2.183,3.396,0
-8.587,-2.09,3.398,0
-8.529,-2.057,3.422,0
-8.475,-2.054,3.441,0
-8.444,-2.047,3.499,0
-8.392,-2.01,3.556,0
-8.329,-2.018,3.632,0
-8.322,-2.057,3.768,0
-8.43,-2.039,3.786,0
-8.514,-2.038,3.831,0
-8.632,-2.076,3.94,0
-8.77,-2.108,3.994,0
-8.806,-2.075,3.951,0
-8.663,-2.028,3.902,0
-8.412,-1.922,3.784,0
-8.169,-1.856,3.671,0
-8.057,-1.847,3.623,0
-8.142,-1.877,3.607,0
-8.402,-1.938,3.669,0
-8.737,-1.915,3.68,0
-9.054,-1.819,3.63,0
-9.225,-1.67,3.621,0
-9.253,-1.517,3.633,0
-9.226,-1.403,3.704,0
-9.233,-1.322,3.804,0
-9.249,-1.273,3.794,0
-9.244,-1.284,3.817,0
-9.207,-1.309,3.781,0
-9.123,-1.347,3.704,0
-8.98,-1.398,3.693,0
-8.855,-1.441,3.641,0
-8.795,-1.506,3.639,0
-8.766,-1.606,3.718,0
-8.803,-1.697,3.734,0
-8.831,-1.817,3.741,0
-8.874,-1.896,3.705,0
-8.903,-1.959,3.676,0
-8.976,-1.989,3.579,0
-9.109,-2.023,3.455,0
-9.228,-2.05,3.36,0
-9.357,-2.053,3.283,0
-9.486,-2.104,3.272,0
-9.535,-2.157,3.295,0
-9.57,-2.213,3.292,0
-9.595,-2.219,3.259,0
-9.545,-2.171,3.263,0
-9.484,-2.111,3.369,0
-9.414,-2.048,3.432,0
-9.34,-1.956,3.462,0
-9.2,-1.839,3.513,0
-8.991,-1.697,3.567,0
-8.777,-1.498,3.607,0
-8.622,-1.245,3.582,0
-8.465,-1.004,3.559,0
-8.405,-0.762,3.579,0
-8.433,-0.497,3.547,0
-8.41,-0.229,3.527,0
-8.248,0.074,3.506,0
-8.081,0.303,3.492,0
-7.984,0.499,3.517,0
-7.914,0.605,3.573,0
-7.901,0.637,3.586,0
-7.951,0.534,3.842,0
-8.231,0.283,4.161,0
-8.663,-0.218,4.15,0
-8.818,-0.92,4.027,0
-8.802,-1.415,3.688,0
-8.757,-1.606,3.644,0
-8.647,-1.768,3.723,0
-8.575,-2.003,3.849,0
-8.655,-2.245,3.804,0
-8.888,-2.582,3.703,0
-9.213,-2.894,3.72,0
-9.588,-3.11,3.813,0
-9.99,-3.246,3.804,0
-10.194,-3.361,3.696,0
-10.098,-3.379,3.621,0
-9.799,-3.292,3.68,0
-9.51,-3.076,3.729,0
-9.319,-2.746,3.774,0
-9.174,-2.366,3.841,0
-8.989,-1.937,3.888,0
-8.806,-1.559,3.91,0
-8.599,-1.283,3.887,0
-8.383,-1.146,3.898,0
-8.217,-1.161,3.95,0
-8.115,-1.231,4.002,0
-8.083,-1.339,3.975,0
-8.062,-1.418,3.928,0
-8.054,-1.483,3.9,0
-8.062,-1.566,3.925,0
-8.101,-1.651,3.889,0
-8.189,-1.766,3.883,0
-8.22,-1.937,3.894,0
-8.214,-2.09,3.894,0
-8.175,-2.236,3.883,0
-8.102,-2.37,3.899,0
-8.065,-2.495,3.922,0
-8.067,-2.639,3.897,0
-8.12,-2.817,3.877,0
-8.14,-2.963,3.848,0
-8.13,-3.04,3.848,0
-8.171,-3.104,3.812,0
-8.257,-3.185,3.89,0
-8.418,-3.238,3.88,0
-8.616,-3.216,3.851,0
-8.772,-3.142,3.787,0
-8.879,-3.034,3.711,0
-8.925,-2.936,3.65,0
-8.911,-2.838,3.561,0
-8.872,-2.767,3.52,0
-8.857,-2.681,3.503,0
-8.863,-2.601,3.5,0
-8.862,-2.535,3.48,0
-8.902,-2.474,3.475,0
-8.924,-2.455,3.475,0
-8.992,-2.452,3.475,0
-9.061,-2.491,3.489,0
-9.086,-2.53,3.493,0
-9.076,-2.563,3.498,0
-8.985,-2.587,3.498,0
-8.868,-2.571,3.534,0
-8.766,-2.561,3.584,0
-8.634,-2.548,3.619,0
-8.504,-2.519,3.604,0
-8.393,-2.52,3.633,0
-8.315,-2.499,3.599,0
-8.272,-2.497,3.585,0
-8.268,-2.516,3.599,0
-8.271,-2.532,3.588,0
-8.282,-2.563,3.576,0
-8.312,-2.6,3.57,0
-8.344,-2.659,3.586,0
-8.39,-2.693,3.563,0
-8.401,-2.715,3.557,0
-8.389,-2.747,3.543,0
-8.406,-2.819,3.511,0
-8.422,-2.936,3.441,0
-8.394,-3.021,3.383,0
-8.366,-3.078,3.347,0
-8.357,-3.108,3.308,0
-8.334,-3.11,3.295,0
-8.256,-3.099,3.234,0
-8.146,-3.104,3.302,0
-8.083,-3.121,3.532,0
-8.127,-3.078,3.776,0
-8.294,-2.961,3.909,0
-8.541,-2.723,3.949,0
-8.846,-2.437,3.868,0
-9.08,-2.213,3.847,0
-9.221,-2.098,3.893,0
-9.202,-2.008,3.893,0
-9.017,-1.876,3.75,0
-8.725,-1.823,3.65,0
-8.437,-1.883,3.565,0
-8.214,-2.051,3.497,0
-8.082,-2.231,3.438,0
-8.087,-2.388,3.416,0
-8.238,-2.521,3.44,0
-8.428,-2.585,3.482,0
-8.602,-2.582,3.561,0
-8.742,-2.512,3.652,0
-8.812,-2.392,3.712,0
-8.831,-2.219,3.748,0
-8.827,-2.007,3.791,0
-8.788,-1.806,3.829,0
-8.728,-1.634,3.829,0
-8.656,-1.512,3.86,0
-8.61,-1.439,3.862,0
-8.576,-1.425,3.824,0
-8.537,-1.467,3.794,0
-8.492,-1.62,3.804,0
-8.522,-1.801,3.757,0
-8.614,-1.964,3.745,0
-8.72,-2.115,3.791,0
-8.835,-2.216,3.732,0
-8.927,-2.305,3.637,0
-8.918,-2.372,3.624,0
-8.907,-2.363,3.59,0
-8.87,-2.278,3.563,0
-8.833,-2.185,3.556,0
-8.834,-2.117,3.577,0
-8.871,-2.071,3.54,0
-8.899,-2.067,3.581,0
-8.912,-2.057,3.656,0
-8.935,-2.082,3.667,0
-8.915,-2.125,3.678,0
-8.866,-2.11,3.676,0
-8.818,-2.059,3.671,0
-8.783,-1.966,3.646,0
-8.754,-1.879,3.671,0
-8.759,-1.797,3.689,0
-8.814,-1.765,3.682,0
-8.87,-1.789,3.677,0
-8.885,-1.845,3.693,0
-8.868,-1.867,3.709,0
-8.844,-1.85,3.716,0
-8.813,-1.821,3.725,0
-8.789,-1.786,3.689,0
-8.741,-1.753,3.682,0
-8.677,-1.713,3.691,0
-8.628,-1.689,3.675,0
-8.58,-1.697,3.713,0
-8.572,-1.704,3.745,0
-8.607,-1.706,3.741,0
-8.624,-1.674,3.747,0
-8.635,-1.663,3.743,0
-8.643,-1.658,3.715,0
-8.599,-1.654,3.702,0
-8.572,-1.659,3.693,0
-8.55,-1.644,3.691,0
-8.559,-1.632,3.727,0
-8.615,-1.638,3.788,0
-8.712,-1.632,3.772,0
-8.769,-1.615,3.752,0
-8.778,-1.579,3.763,0
-8.725,-1.555,3.756,0
-8.635,-1.496,3.786,0
-8.546,-1.419,3.786,0
-8.529,-1.264,3.76,0
-8.597,-1.078,3.638,0
-8.691,-0.944,3.611,0
-8.774,-0.869,3.582,0
-8.804,-0.803,3.559,0
-8.774,-0.751,3.564,0
-8.724,-0.718,3.568,0
-8.709,-0.71,3.579,0
-8.737,-0.798,3.624,0
-8.813,-0.965,3.672,0
-8.893,-1.167,3.725,0
-8.975,-1.366,3.814,0
-9.076,-1.545,3.867,0
-9.163,-1.679,3.98,0
-9.214,-1.801,4.06,0
-9.253,-1.895,4.146,0
-9.294,-2.007,4.157,0
-9.314,-2.058,4.137,0
-9.285,-2.013,4.103,0
-9.214,-1.86,4.024,0
-9.102,-1.637,3.901,0
-8.992,-1.353,3.835,0
-8.864,-1.125,3.804,0
-8.802,-0.965,3.758,0
-8.745,-0.86,3.679,0
-8.685,-0.818,3.622,0
-8.644,-0.816,3.58,0
-8.602,-0.896,3.555,0
-8.577,-1.044,3.571,0
-8.583,-1.218,3.58,0
-8.553,-1.407,3.612,0
-8.541,-1.601,3.63,0
-8.499,-1.822,3.65,0
-8.48,-2.034,3.702,0
-8.526,-2.231,3.761,0
-8.626,-2.373,3.845,0
-8.72,-2.442,3.906,0
-8.815,-2.422,3.94,0
-8.875,-2.365,3.974,0
-8.913,-2.278,3.958,0
-8.939,-2.162,3.897,0
-8.924,-2.042,3.825,0
-8.901,-1.955,3.755,0
-8.843,-1.911,3.68,0
-8.75,-1.916,3.667,0
-8.657,-1.983,3.669,0
-8.601,-2.079,3.635,0
-8.557,-2.154,3.63,0
-8.472,-2.218,3.613,0
-8.373,-2.281,3.589,0
-8.279,-2.354,3.562,0
-8.208,-2.434,3.52,0
-8.197,-2.476,3.47,0
-8.206,-2.514,3.407,0
-8.305,-2.515,3.389,0
-8.457,-2.495,3.416,0
-8.613,-2.449,3.414,0
-8.725,-2.36,3.423,0
-8.811,-2.246,3.4,0
-8.822,-2.16,3.421,0
-8.822,-2.091,3.389,0
-8.851,-2.063,3.323,0
-8.856,-2.086,3.255,0
-8.826,-2.147,3.258,0
-8.781,-2.23,3.294,0
-8.72,-2.335,3.337,0
-8.686,-2.396,3.371,0
-8.64,-2.431,3.407,0
-8.617,-2.497,3.529,0
-8.608,-2.531,3.649,0
-8.628,-2.508,3.699,0
-8.583,-2.387,3.619,0
-8.448,-2.276,3.608,0
-8.303,-2.205,3.628,0
-8.241,-2.163,3.624,0
-8.253,-2.12,3.637,0
-8.301,-2.086,3.673,0
-8.404,-2.017,3.65,0
-8.475,-1.921,3.648,0
-8.481,-1.824,3.651,0
-8.406,-1.765,3.7,0
-8.291,-1.695,3.736,0
-8.241,-1.635,3.704,0
-8.259,-1.563,3.665,0
-8.357,-1.52,3.673,0
-8.516,-1.502,3.648,0
-8.736,-1.53,3.637,0
-8.958,-1.625,3.698,0
-9.194,-1.758,3.762,0
-9.397,-1.94,3.827,0
-9.49,-2.129,3.886,0
-9.475,-2.278,3.932,0
-9.428,-2.366,3.952,0
-9.333,-2.383,3.898,0
-9.17,-2.34,3.784,0
-9.003,-2.167,3.631,0
-8.898,-1.9,3.48,0
-8.897,-1.647,3.411,0
-8.943,-1.403,3.364,0
-9.02,-1.251,3.345,0
-9.107,-1.157,3.291,0
-9.136,-1.134,3.248,0
-9.144,-1.109,3.25,0
-9.114,-1.121,3.25,0
-9.005,-1.204,3.334,0
-8.859,-1.328,3.37,0
-8.775,-1.432,3.33,0
-8.669,-1.445,3.354,0
-8.528,-1.437,3.447,0
-8.463,-1.404,3.492,0
-8.481,-1.397,3.442,0
-8.455,-1.428,3.408,0
-8.45,-1.505,3.517,0
-8.552,-1.637,3.539,0
-8.755,-1.84,3.603,0
-9.064,-1.99,3.579,0
-9.399,-2.099,3.57,0
-9.687,-2.115,3.699,0
-9.938,-2.09,3.753,0
-10.179,-2.087,3.812,0
-10.28,-2.038,3.787,0
-10.153,-1.921,3.749,0
-9.882,-1.754,3.756,0
-9.606,-1.579,3.775,0
-9.306,-1.417,3.807,0
-9.01,-1.301,3.756,0
-8.786,-1.246,3.67,0
-8.576,-1.227,3.623,0
-8.323,-1.246,3.614,0
-8.06,-1.253,3.582,0
-7.852,-1.286,3.604,0
-7.691,-1.313,3.602,0
-7.584,-1.367,3.622,0
-7.547,-1.428,3.647,0
-7.526,-1.487,3.667,0
-7.544,-1.52,3.726,0
-7.566,-1.536,3.737,0
-7.586,-1.538,3.769,0
-7.679,-1.548,3.747,0
-7.813,-1.569,3.682,0
-7.977,-1.601,3.623,0
-8.225,-1.671,3.602,0
-8.551,-1.807,3.596,0
-8.892,-1.975,3.576,0
-9.171,-2.137,3.522,0
-9.329,-2.246,3.482,0
-9.398,-2.302,3.532,0
-9.417,-2.38,3.566,0
-9.328,-2.422,3.577,0
-9.18,-2.425,3.633,0
-9.049,-2.443,3.757,0
-8.938,-2.46,3.864,0
-8.869,-2.425,3.909,0
-8.881,-2.411,3.957,0
-8.975,-2.415,4.035,0
-9.099,-2.368,4.078,0
-9.227,-2.271,4.044,0
-9.307,-2.157,4.011,0
-9.319,-2.02,3.961,0
-9.24,-1.848,3.931,0
-9.121,-1.69,3.942,0
-9.01,-1.555,3.94,0
-8.919,-1.394,3.917,0
-8.857,-1.276,3.874,0
-8.778,-1.204,3.849,0
-8.686,-1.21,3.826,0
-8.647,-1.295,3.783,0
-8.597,-1.463,3.72,0
-8.546,-1.713,3.709,0
-8.612,-1.966,3.612,0
-8.756,-2.251,3.538,0
-8.963,-2.535,3.494,0
-9.171,-2.775,3.428,0
-9.302,-2.992,3.382,0
-9.327,-3.172,3.418,0
-9.312,-3.256,3.415,0
-9.264,-3.238,3.366,0
-9.207,-3.181,3.354,0
-9.136,-3.148,3.399,0
-9.065,-3.035,3.456,0
-8.96,-2.907,3.55,0
-8.754,-2.642,3.595,0
-8.583,-2.371,3.726,0
-8.65,-2.121,3.87,0
-8.814,-1.956,3.981,0
-8.93,-1.828,3.942,0
-8.84,-1.691,3.863,0
-8.663,-1.551,3.752,0
-8.532,-1.477,3.722,0
-8.485,-1.422,3.734,0
-8.542,-1.366,3.775,0
-8.64,-1.305,3.851,0
-8.716,-1.213,3.887,0
-8.645,-1.092,3.934,0
-8.475,-0.952,3.962,0
-8.322,-0.799,3.972,0
-8.189,-0.658,3.99,0
-8.049,-0.517,3.985,0
-7.929,-0.419,3.949,0
-7.811,-0.316,3.906,0
-7.677,-0.236,3.861,0
-7.586,-0.107,3.743,0
-7.483,0.073,3.668,0
-7.443,0.259,3.686,0
-7.443,0.355,3.774,0
-7.497,0.3,3.74,0
-7.684,0.209,3.454,0
-7.879,0.035,3.474,0
-8.141,-0.249,3.565,0
-8.503,-0.699,3.695,0
-8.851,-1.208,3.687,0
-9.144,-1.687,3.712,0
-9.394,-2.109,3.764,0
-9.528,-2.443,3.677,0
-9.55,-2.639,3.546,0
-9.599,-2.646,3.544,0
-9.668,-2.562,3.727,0
-9.831,-2.432,3.749,0
-9.956,-2.261,3.706,0
-9.929,-2.21,3.686,0
-9.669,-2.28,3.663,0
-9.279,-2.353,3.643,0
-8.857,-2.289,3.712,0
-8.551,-2.129,3.782,0
-8.432,-1.937,3.863,0
-8.431,-1.754,3.959,0
-8.584,-1.545,3.914,0
-8.811,-1.365,3.871,0
-9.053,-1.251,3.883,0
-9.225,-1.156,3.919,0
-9.307,-1.125,3.984,0
-9.306,-1.145,4.08,0
-9.267,-1.193,4.118,0
-9.134,-1.209,4.181,0
-8.947,-1.188,4.217,1
-8.765,-1.188,4.233,1
-8.621,-1.18,4.198,1
-8.522,-1.125,4.079,1
-8.373,-1.098,3.988,1
-8.192,-1.173,3.941,1
-8.023,-1.324,3.884,1
-7.932,-1.537,3.938,1
-7.938,-1.715,3.853,1
-8.056,-1.919,3.854,1
-8.363,-2.13,3.854,1
-8.7,-2.342,3.839,1
-8.959,-2.541,3.78,1
-9.112,-2.703,3.776,1
-9.094,-2.833,3.758,1
-8.996,-2.884,3.711,1
-8.902,-2.919,3.724,1
-8.828,-2.956,3.681,1
-8.791,-3.0,3.616,1
-8.755,-3.007,3.609,1
-8.751,-2.957,3.616,1
-8.769,-2.876,3.584,1
-8.728,-2.804,3.598,1
-8.7,-2.714,3.58,1
-8.645,-2.649,3.572,1
-8.584,-2.544,3.556,1
-8.507,-2.426,3.55,1
-8.436,-2.356,3.572,1
-8.435,-2.293,3.52,1
-8.453,-2.283,3.515,1
-8.51,-2.278,3.524,1
-8.619,-2.309,3.527,1
-8.735,-2.337,3.554,1
-8.797,-2.359,3.59,1
-8.849,-2.38,3.64,1
-8.871,-2.366,3.659,1
-8.918,-2.376,3.711,1
-8.959,-2.381,3.726,1
-8.941,-2.39,3.785,1
-8.934,-2.395,3.76,1
-8.946,-2.416,3.745,1
-8.955,-2.463,3.758,1
-8.936,-2.552,3.796,1
-8.965,-2.633,3.751,1
-9.035,-2.676,3.704,1
-9.134,-2.681,3.636,1
-9.176,-2.638,3.638,1
-9.179,-2.591,3.674,1
-9.185,-2.508,3.688,1
-9.155,-2.382,3.712,1
-9.085,-2.241,3.776,1
-9.003,-2.052,3.818,1
-8.921,-1.826,3.836,1
-8.791,-1.606,3.91,1
-8.633,-1.361,3.887,1
-8.465,-1.132,3.914,1
-8.275,-0.959,3.988,1
-8.132,-0.777,4.007,1
-8.016,-0.604,3.997,1
-7.897,-0.463,3.996,1
-7.758,-0.359,3.996,1
-7.63,-0.231,3.953,1
-7.519,-0.143,3.889,1
-7.476,-0.107,3.869,1
-7.481,-0.13,3.853,1
-7.516,-0.234,3.799,1
-7.631,-0.406,3.779,1
-7.809,-0.603,3.757,1
-8.04,-0.831,3.778,1
-8.318,-1.024,3.751,1
-8.586,-1.177,3.736,1
-8.801,-1.275,3.758,1
-8.945,-1.325,3.729,1
-9.0,-1.373,3.666,1
-9.045,-1.415,3.677,1
-9.116,-1.481,3.709,1
-9.221,-1.586,3.795,1
-9.4,-1.717,3.827,1
-9.548,-1.818,3.873,1
-9.609,-1.856,3.933,1
-9.533,-1.792,3.956,1
-9.368,-1.682,3.958,1
-9.193,-1.574,3.951,1
-9.08,-1.469,3.96,1
-8.953,-1.374,3.933,1
-8.851,-1.285,3.935,1
-8.729,-1.258,3.953,1
-8.623,-1.274,3.968,1
-8.517,-1.307,3.961,1
-8.396,-1.338,3.982,1
-8.295,-1.376,4.013,1
-8.276,-1.432,4.054,1
-8.282,-1.489,4.135,1
-8.277,-1.516,4.176,1
-8.286,-1.538,4.239,1
-8.267,-1.581,4.289,1
-8.261,-1.637,4.334,1
-8.272,-1.705,4.359,1
-8.293,-1.781,4.355,1
-8.297,-1.849,4.346,1
-8.272,-1.911,4.33,1
-8.249,-1.991,4.346,1
-8.27,-2.053,4.297,1
-8.391,-2.134,4.211,1
-8.549,-2.26,4.177,1
-8.712,-2.304,4.001,1
-8.937,-2.316,3.904,1
-9.168,-2.346,3.9,1
-9.325,-2.348,3.938,1
-9.464,-2.328,4.001,1
-9.541,-2.264,4.108,1
-9.545,-2.179,4.221,1
-9.437,-2.016,4.268,1
-9.27,-1.891,4.315,1
-9.131,-1.83,4.394,1
-8.999,-1.801,4.382,1
-8.833,-1.83,4.346,1
-8.694,-1.886,4.301,1
-8.576,-1.97,4.272,1
-8.498,-2.056,4.247,1
-8.438,-2.14,4.213,1
-8.395,-2.173,4.172,1
-8.368,-2.166,4.152,1
-8.341,-2.126,4.134,1
-8.304,-2.03,4.1,1
-8.299,-1.956,4.082,1
-8.29,-1.888,4.091,1
-8.339,-1.815,4.055,1
-8.428,-1.756,3.996,1
-8.438,-1.722,4.014,1
-8.379,-1.734,4.016,1
-8.308,-1.748,4.102,1
-8.258,-1.785,4.12,1
-8.217,-1.853,4.079,1
-8.174,-1.955,4.068,1
-8.166,-2.07,4.055,1
-8.169,-2.183,4.073,1
-8.154,-2.23,4.055,1
-8.135,-2.252,4.064,1
-8.138,-2.273,4.082,1
-8.162,-2.293,4.055,1
-8.257,-2.312,4.046,1
-8.451,-2.322,3.999,1
-8.708,-2.338,3.942,1
-8.965,-2.307,3.897,1
-9.189,-2.283,3.92,1
-9.353,-2.276,3.931,1
-9.403,-2.289,4.026,1
-9.323,-2.232,4.135,1
-9.182,-2.153,4.2,1
-9.035,-2.016,4.218,1
-8.926,-1.91,4.254,1
-8.798,-1.809,4.256,1
-8.639,-1.699,4.24,1
-8.471,-1.625,4.215,1
-8.3,-1.596,4.224,1
-8.149,-1.599,4.194,1
-8.046,-1.603,4.183,1
-7.983,-1.581,4.144,1
-7.958,-1.557,4.129,1
-7.936,-1.539,4.108,1
-7.949,-1.543,4.063,1
-8.01,-1.552,4.043,1
-8.071,-1.564,4.045,1
-8.14,-1.583,4.054,1
-8.245,-1.575,4.101,1
-8.358,-1.537,4.122,1
-8.466,-1.488,4.115,1
-8.615,-1.427,4.099,1
-8.739,-1.396,4.054,1
-8.832,-1.406,4.081,1
-8.869,-1.411,4.059,1
-8.943,-1.408,3.948,1
-8.934,-1.45,3.915,1
-8.864,-1.564,3.951,1
-8.784,-1.633,3.955,1
-8.73,-1.67,3.953,1
-8.701,-1.724,3.983,1
-8.728,-1.774,4.014,1
-8.746,-1.753,4.046,1
-8.754,-1.703,4.068,1
-8.701,-1.614,4.132,1
-8.617,-1.521,4.161,1
-8.561,-1.491,4.167,1
-8.552,-1.536,4.201,1
-8.541,-1.588,4.24,1
-8.529,-1.621,4.253,1
-8.497,-1.667,4.285,1
-8.496,-1.721,4.269,1
-8.476,-1.772,4.226,1
-8.398,-1.811,4.186,1
-8.248,-1.876,4.111,1
-8.094,-1.98,4.048,1
-8.042,-2.093,3.914,1
-8.138,-2.246,3.845,1
-8.377,-2.424,3.861,1
-8.676,-2.501,3.945,1
-8.978,-2.448,4.067,1
-9.209,-2.274,4.184,1
-9.289,-2.034,4.295,1
-9.224,-1.761,4.435,1
-9.054,-1.601,4.527,1
-8.866,-1.452,4.495,1
-8.682,-1.332,4.413,1
-8.494,-1.332,4.366,1
-8.302,-1.354,4.266,1
-8.109,-1.438,4.205,1
-7.989,-1.594,4.187,1
-7.966,-1.797,4.136,1
-8.054,-1.989,4.147,1
-8.227,-2.096,4.123,1
-8.435,-2.16,4.109,1
-8.638,-2.177,4.112,1
-8.808,-2.139,4.107,1
-8.879,-2.059,4.091,1
-8.877,-1.949,4.057,0
-8.84,-1.832,4.066,0
-8.769,-1.741,4.023,0
-8.73,-1.675,4.009,0
-8.708,-1.601,3.996,0
-8.682,-1.536,4.023,0
-8.644,-1.523,4.088,0
-8.638,-1.53,4.075,0
-8.602,-1.58,4.118,0
-8.559,-1.66,4.147,0
-8.498,-1.736,4.184,0
-8.414,-1.835,4.215,0
-8.329,-1.902,4.242,0
-8.222,-1.951,4.269,0
-8.113,-1.988,4.256,0
-8.048,-2.0,4.256,0
-8.017,-1.993,4.267,0
-8.028,-1.953,4.253,0
-8.099,-1.909,4.276,0
-8.208,-1.842,4.306,0
-8.336,-1.742,4.316,0
-8.426,-1.651,4.35,0
-8.433,-1.523,4.311,0
-8.402,-1.451,4.355,0
-8.389,-1.431,4.422,0
-8.379,-1.483,4.515,0
-8.466,-1.479,4.49,0
-8.528,-1.472,4.488,0
-8.544,-1.462,4.506,0
-8.5,-1.506,4.468,0
-8.427,-1.583,4.427,0
-8.295,-1.691,4.357,0
-8.16,-1.868,4.244,0
-8.024,-2.027,4.174,0
-7.931,-2.232,4.116,0
-7.921,-2.468,4.062,0
-7.955,-2.726,3.997,0
-8.1,-2.944,3.92,0
-8.291,-3.134,3.864,0
-8.491,-3.283,3.803,0
-8.685,-3.408,3.84,0
-8.824,-3.467,3.853,0
-8.939,-3.454,3.876,0
-9.042,-3.407,3.948,0
-9.177,-3.306,3.95,0
-9.278,-3.151,3.908,0
-9.298,-3.025,3.919,0
-9.279,-2.933,3.925,0
-9.204,-2.826,3.878,0
-9.007,-2.78,3.871,0
-8.733,-2.733,3.821,0
-8.492,-2.701,3.755,0
-8.278,-2.671,3.705,0
-8.048,-2.684,3.723,0
-7.848,-2.72,3.739,0
-7.727,-2.81,3.793,0
-7.707,-3.027,3.922,0
-7.798,-3.262,4.098,0
-7.984,-3.416,4.16,0
-8.195,-3.496,4.354,0
-8.455,-3.469,4.562,0
-8.749,-3.271,4.623,0
-8.942,-2.896,4.66,0
-8.948,-2.535,4.779,0
-8.898,-2.136,4.778,0
-8.805,-1.649,4.617,0
-8.617,-1.256,4.45,0
-8.376,-1.11,4.386,0
-8.179,-1.085,4.359,0
-8.171,-1.207,4.275,0
-8.283,-1.394,4.23,0
-8.397,-1.579,4.188,0
-8.493,-1.75,4.12,0
-8.535,-1.867,4.113,0
-8.54,-1.972,4.159,0
-8.529,-2.044,4.234,0
-8.544,-2.051,4.299,0
-8.548,-2.008,4.351,0
-8.574,-1.949,4.335,0
-8.568,-1.902,4.294,0
-8.53,-1.862,4.265,0
-8.516,-1.802,4.231,0
-8.5,-1.755,4.276,0
-8.508,-1.696,4.321,0
-8.609,-1.607,4.35,0
-8.683,-1.448,4.371,0
-8.725,-1.259,4.35,0
-8.718,-1.121,4.296,0
-8.725,-0.998,4.307,0
-8.74,-0.917,4.325,0
-8.781,-0.855,4.314,0
-8.792,-0.752,4.3,0
-8.769,-0.622,4.259,0
-8.714,-0.524,4.234,0
-8.621,-0.456,4.27,0
-8.579,-0.396,4.274,0
-8.58,-0.358,4.213,0
-8.562,-0.317,4.112,0
-8.47,-0.308,4.046,0
-8.359,-0.341,4.03,0
-8.275,-0.392,3.972,0
-8.237,-0.516,3.96,0
-8.256,-0.723,4.078,0
-8.401,-0.918,4.008,0
-8.533,-1.133,4.061,0
-8.628,-1.255,4.043,0
-8.647,-1.24,4.027,0
-8.558,-1.127,3.991,0
-8.401,-0.945,3.95,0
-8.294,-0.767,3.814,0
-8.263,-0.578,3.651,0
-8.247,-0.41,3.64,0
-8.274,-0.268,3.655,0
-8.285,-0.242,3.922,0
-8.385,-0.392,3.859,0
-8.463,-0.755,3.721,0
-8.417,-1.07,3.898,0
-8.507,-1.323,4.029,0
-8.836,-1.668,4.177,0
-9.193,-1.982,4.193,0
-9.496,-2.233,4.117,0
-9.627,-2.368,4.106,0
-9.553,-2.358,4.108,0
-9.357,-2.204,4.051,0
-9.115,-1.935,3.974,0
-8.946,-1.648,3.915,0
-8.842,-1.394,3.88,0
-8.781,-1.163,3.826,0
-8.695,-1.034,3.871,0
-8.592,-0.996,3.9,0
-8.523,-1.037,3.925,0
-8.52,-1.098,3.963,0
-8.525,-1.16,3.964,0
-8.582,-1.276,3.955,0
-8.66,-1.395,4.027,0
-8.71,-1.499,4.066,0
-8.697,-1.591,4.125,0
-8.619,-1.696,4.211,0
-8.509,-1.8,4.258,0
-8.383,-1.889,4.287,0
-8.262,-1.977,4.317,0
-8.211,-2.081,4.306,0
-8.247,-2.158,4.268,0
-8.367,-2.2,4.254,0
-8.543,-2.21,4.27,0
-8.726,-2.201,4.308,0
-8.898,-2.147,4.362,0
-9.05,-2.092,4.473,0
-9.184,-2.025,4.523,0
-9.19,-1.917,4.604,0
-9.135,-1.853,4.697,0
-9.01,-1.833,4.805,0
-8.839,-1.798,4.847,0
-8.667,-1.77,4.906,0
-8.491,-1.691,4.876,0
-8.286,-1.64,4.838,0
-8.043,-1.603,4.657,0
-7.77,-1.646,4.431,0
-7.554,-1.833,4.269,0
-7.485,-2.082,4.086,0
-7.541,-2.4,3.976,0
-7.72,-2.693,3.917,0
-7.985,-2.918,3.873,0
-8.251,-3.072,3.796,0
-8.511,-3.193,3.778,0
-8.723,-3.307,3.815,0
-8.923,-3.362,3.815,0
-9.047,-3.348,3.799,0
-9.113,-3.304,3.772,0
-9.066,-3.287,3.783,0
-8.954,-3.285,3.86,0
-8.827,-3.307,3.921,0
-8.694,-3.3,3.946,0
-8.609,-3.239,4.002,0
-8.48,-3.13,4.061,0
-8.36,-3.034,4.081,0
-8.247,-2.935,4.096,0
-8.117,-2.854,4.13,0
-8.018,-2.819,4.191,0
-7.969,-2.809,4.218,0
-7.931,-2.776,4.218,0
-7.916,-2.735,4.211,0
-7.933,-2.676,4.216,0
-8.02,-2.605,4.193,0
-8.138,-2.495,4.123,0
-8.269,-2.379,4.1,0
-8.368,-2.278,4.116,0
-8.44,-2.194,4.147,0
-8.509,-2.053,4.071,0
-8.465,-1.984,4.112,0
-8.368,-1.995,4.245,0
-8.304,-2.046,4.504,0
-8.43,-2.071,4.758,0
-8.628,-1.98,4.825,0
-8.705,-1.83,4.866,0
-8.685,-1.635,4.789,0
-8.53,-1.478,4.718,0
-8.242,-1.419,4.669,0
-7.926,-1.479,4.628,0
-7.691,-1.581,4.531,0
-7.578,-1.754,4.424,0
-7.625,-1.917,4.334,0
-7.795,-2.13,4.342,0
-8.08,-2.335,4.371,0
-8.424,-2.462,4.367,0
-8.706,-2.517,4.366,0
-8.859,-2.455,4.365,0
-8.915,-2.353,4.379,0
-8.926,-2.206,4.322,0
-8.969,-2.046,4.265,0
-9.026,-1.87,4.234,0
-9.054,-1.687,4.204,0
-9.016,-1.546,4.188,0
-8.941,-1.415,4.215,0
-8.848,-1.312,4.276,0
-8.775,-1.258,4.355,0
-8.726,-1.223,4.364,0
-8.69,-1.192,4.355,0
-8.653,-1.164,4.352,0
-8.605,-1.146,4.361,0
-8.56,-1.151,4.35,0
-8.526,-1.177,4.332,0
-8.508,-1.207,4.359,0
-8.486,-1.236,4.375,0
-8.482,-1.234,4.381,0
-8.46,-1.166,4.334,0
-8.406,-1.082,4.311,0
-8.346,-0.973,4.244,0
-8.301,-0.854,4.176,0
-8.24,-0.723,4.162,0
-8.167,-0.615,4.131,0
-8.154,-0.593,4.128,0
-8.187,-0.647,4.137,0
-8.253,-0.759,4.162,0
-8.338,-0.885,4.128,0
-8.422,-1.02,4.097,0
-8.472,-1.119,4.128,0
-8.473,-1.159,4.147,0
-8.47,-1.166,4.18,0
-8.445,-1.139,4.183,0
-8.415,-1.082,4.23,0
-8.409,-0.994,4.246,0
-8.467,-0.858,4.214,0
-8.554,-0.738,4.193,0
-8.591,-0.62,4.191,0
-8.606,-0.528,4.175,0
-8.636,-0.491,4.16,0
-8.672,-0.477,4.142,0
-8.746,-0.51,4.146,0
-8.845,-0.546,4.182,0
-8.936,-0.608,4.284,0
-9.034,-0.689,4.291,0
-9.138,-0.822,4.239,0
-9.125,-0.937,4.183,0
-9.016,-0.982,4.165,0
-8.907,-1.017,4.133,0
-8.845,-1.056,4.102,0
-8.782,-1.078,4.104,0
-8.727,-1.097,4.061,0
-8.693,-1.104,4.07,0
-8.635,-1.128,4.106,0
-8.566,-1.167,4.131,0
-8.491,-1.213,4.147,0
-8.38,-1.274,4.203,0
-8.302,-1.306,4.233,0
-8.217,-1.287,4.217,0
-8.124,-1.233,4.234,0
-8.076,-1.202,4.205,0
-8.084,-1.189,4.214,0
-8.158,-1.189,4.187,0
-8.284,-1.198,4.169,0
-8.444,-1.232,4.205,0
-8.645,-1.291,4.233,0
-8.89,-1.353,4.258,0
-9.088,-1.415,4.303,0
-9.21,-1.486,4.356,0
-9.28,-1.549,4.376,0
-9.322,-1.568,4.419,0
-9.268,-1.535,4.412,0
-9.159,-1.497,4.4,0
-9.05,-1.492,4.421,0
-8.967,-1.5,4.402,0
-8.832,-1.484,4.443,0
-8.702,-1.455,4.493,0
-8.6,-1.425,4.595,0
-8.551,-1.408,4.642,0
-8.552,-1.37,4.788,0
-8.581,-1.271,4.82,0
-8.593,-1.194,4.818,0
-8.576,-1.147,4.802,0
-8.505,-1.149,4.774,0
-8.386,-1.189,4.747,0
-8.252,-1.235,4.661,0
-8.058,-1.348,4.544,0
-7.871,-1.525,4.452,0
-7.801,-1.741,4.35,0
-7.778,-2.003,4.208,0
-7.823,-2.256,4.129,0
-7.927,-2.479,4.107,0
-8.058,-2.627,4.021,0
-8.178,-2.731,3.963,0
-8.305,-2.817,3.947,0
-8.433,-2.907,3.949,0
-8.562,-2.936,3.938,0
-8.688,-2.963,4.0,0
-8.774,-2.989,4.074,0
-8.871,-2.945,4.108,0
-9.014,-2.915,4.19,0
-9.168,-2.881,4.208,0
-9.273,-2.813,4.182,0
-9.251,-2.754,4.137,0
-9.11,-2.712,4.094,0
-8.897,-2.738,4.103,0
-8.646,-2.771,4.083,0
-8.41,-2.786,4.058,0
-8.173,-2.781,4.024,0
-7.934,-2.757,4.022,0
-7.704,-2.759,3.967,0
-7.486,-2.765,3.951,0
-7.306,-2.799,3.942,0
-7.208,-2.864,4.032,0
-7.189,-2.977,4.174,0
-7.297,-2.968,4.198,0
-7.468,-2.826,4.05,0
-7.613,-2.698,4.028,0
-7.862,-2.581,3.992,0
-8.245,-2.59,4.169,0
-8.824,-2.536,4.151,0
-9.185,-2.366,4.13,0
-9.231,-2.174,4.284,0
-9.227,-1.979,4.309,0
-9.275,-1.794,4.238,0
-9.288,-1.715,4.268,0
-9.289,-1.776,4.277,0
-9.273,-1.85,4.279,0
-9.243,-1.921,4.252,0
-9.127,-1.945,4.15,0
-8.961,-2.001,4.096,0
-8.797,-2.083,4.157,0
-8.683,-2.138,4.179,0
-8.619,-2.129,4.177,0
-8.537,-2.082,4.162,0
-8.497,-2.055,4.182,0
-8.494,-1.993,4.206,0
-8.514,-1.887,4.206,0
-8.57,-1.776,4.159,0
-8.636,-1.7,4.15,0
-8.697,-1.608,4.084,0
-8.732,-1.506,4.064,0
-8.763,-1.397,4.073,0
-8.785,-1.301,4.05,0
-8.819,-1.176,4.05,0
-8.837,-1.073,4.077,0
-8.844,-0.971,4.106,0
-8.871,-0.869,4.14,0
-8.875,-0.761,4.092,0
-8.842,-0.637,4.072,0
-8.755,-0.521,4.035,0
-8.654,-0.464,3.959,0
-8.554,-0.405,3.868,0
-8.459,-0.404,3.805,0
-8.373,-0.444,3.791,0
-8.301,-0.532,3.812,0
-8.304,-0.677,3.848,0
-8.339,-0.837,3.891,0
-8.4,-0.996,3.941,0
-8.431,-1.144,4.02,0
-8.475,-1.211,4.018,0
-8.491,-1.206,3.934,0
-8.427,-1.103,3.855,0
-8.327,-0.885,3.78,0
-8.24,-0.601,3.73,0
-8.207,-0.354,3.703,0
-8.264,-0.159,3.644,0
-8.372,-0.05,3.549,0
-8.508,-0.046,3.635,0
-8.779,-0.138,3.782,0
-9.173,-0.318,3.724,0
-9.394,-0.628,3.846,0
-9.502,-0.943,3.984,0
-9.586,-1.288,4.177,0
-9.629,-1.689,4.286,0
-9.476,-2.097,4.053,0
-9.087,-2.293,3.791,0
-8.726,-2.185,3.854,0
-8.624,-1.942,4.01,0
-8.706,-1.742,4.043,0
-8.761,-1.564,3.944,0
-8.715,-1.479,3.933,0
-8.547,-1.502,3.975,0
-8.282,-1.623,3.986,0
-8.026,-1.727,3.95,0
-7.781,-1.78,3.905,0
-7.658,-1.715,3.821,0
-7.654,-1.539,3.799,0
-7.813,-1.284,3.814,0
-8.099,-1.057,3.877,0
-8.542,-0.981,3.943,0
-9.088,-0.983,3.93,0
-9.502,-1.03,3.928,0
-9.751,-1.152,3.982,0
-9.796,-1.277,4.055,0
-9.699,-1.445,4.141,0
-9.584,-1.573,4.222,0
-9.449,-1.647,4.247,0
-9.31,-1.698,4.266,0
-9.191,-1.748,4.278,0
-9.085,-1.761,4.308,0
-8.959,-1.752,4.328,0
-8.815,-1.696,4.353,0
-8.666,-1.584,4.362,0
-8.526,-1.465,4.389,0
-8.379,-1.348,4.443,0
-8.27,-1.221,4.469,0
-8.216,-1.137,4.472,0
-8.191,-1.078,4.501,0
-8.195,-1.117,4.546,0
-8.243,-1.192,4.596,0
-8.309,-1.32,4.648,0
-8.382,-1.415,4.642,0
-8.337,-1.546,4.626,0
-8.239,-1.656,4.551,0
-8.103,-1.766,4.452,0
-8.018,-1.888,4.314,0
-8.005,-2.015,4.138,0
-8.051,-2.166,4.005,0
-8.155,-2.327,3.926,0
-8.289,-2.504,3.832,0
-8.45,-2.686,3.791,0
-8.584,-2.812,3.762,0
-8.732,-2.885,3.754,0
-8.895,-2.881,3.76,0
-9.027,-2.821,3.735,0
-9.117,-2.76,3.72,0
-9.197,-2.709,3.681,0
-9.23,-2.669,3.683,0
-9.241,-2.698,3.749,0
-9.253,-2.724,3.772,0
-9.214,-2.768,3.824,0
-9.097,-2.765,3.862,0
-8.964,-2.727,3.891,0
-8.824,-2.664,3.902,0
-8.642,-2.572,3.911,0
-8.502,-2.469,3.902,0
-8.403,-2.43,3.99,0
-8.346,-2.4,4.001,0
-8.252,-2.341,3.978,0
-8.173,-2.342,3.985,0
-8.116,-2.349,3.978,0
-8.096,-2.337,3.904,0
-8.073,-2.323,3.841,0
-8.037,-2.324,3.773,0
-8.04,-2.349,3.698,0
-8.081,-2.426,3.705,0
-8.186,-2.497,3.773,0
-8.368,-2.566,3.857,0
-8.509,-2.537,3.976,0
-8.627,-2.457,4.157,0
-8.765,-2.252,4.161,0
-8.844,-1.994,4.121,0
-8.884,-1.803,4.109,0
-8.907,-1.694,4.132,0
-8.917,-1.651,4.127,0
-8.902,-1.64,4.102,0
-8.771,-1.627,4.048,0
-8.59,-1.636,4.037,0
-8.426,-1.662,4.02,0
-8.344,-1.68,3.982,0
-8.342,-1.762,4.0,0
-8.414,-1.804,3.964,0
-8.513,-1.808,3.926,0
-8.644,-1.811,3.955,0
-8.761,-1.786,3.926,0
-8.854,-1.76,3.956,0
-8.912,-1.717,4.007,0
-8.969,-1.661,3.978,0
-8.999,-1.557,3.989,0
-8.972,-1.482,4.018,0
-8.978,-1.392,4.036,0
-8.975,-1.291,4.052,0
-9.002,-1.194,4.088,0
-9.01,-1.104,4.111,0
-8.979,-1.021,4.104,0
-8.935,-0.936,4.108,0
-8.9,-0.889,4.138,0
-8.86,-0.838,4.106,0
-8.822,-0.814,4.081,0
-8.789,-0.794,4.056,0
-8.737,-0.759,4.006,0
-8.668,-0.763,4.024,0
-8.632,-0.748,4.011,0
-8.567,-0.712,4.011,0
-8.5,-0.664,3.993,0
-8.427,-0.589,3.963,0
-8.344,-0.543,3.965,0
-8.277,-0.488,3.943,0
-8.221,-0.441,3.859,0
-8.182,-0.398,3.775,0
-8.18,-0.377,3.753,0
-8.217,-0.43,3.741,0
-8.299,-0.546,3.751,0
-8.441,-0.71,3.778,0
-8.618,-0.932,3.78,0
-8.783,-1.172,3.794,0
-8.914,-1.397,3.815,0
-9.049,-1.564,3.826,0
-9.138,-1.629,3.876,0
-9.188,-1.565,3.899,0
-9.187,-1.39,3.928,0
-9.162,-1.143,3.935,0
-9.157,-0.916,3.934,0
-9.113,-0.706,3.923,0
-9.04,-0.516,3.929,0
-8.933,-0.433,3.927,0
-8.837,-0.403,3.929,0
-8.752,-0.431,3.949,0
-8.701,-0.49,3.929,0
-8.661,-0.557,3.894,0
-8.616,-0.633,3.823,0
-8.573,-0.725,3.803,0
-8.534,-0.824,3.794,0
-8.481,-0.91,3.825,0
-8.503,-1.032,3.835,0
-8.568,-1.18,3.851,0
-8.645,-1.311,3.867,0
-8.74,-1.456,3.856,0
-8.806,-1.586,3.844,0
-8.827,-1.677,3.849,0
-8.835,-1.724,3.874,0
-8.837,-1.72,3.872,0
-8.835,-1.657,3.858,0
-8.819,-1.561,3.872,0
-8.794,-1.473,3.889,0
-8.77,-1.402,3.88,0
-8.748,-1.355,3.855,0
-8.74,-1.33,3.889,0
-8.769,-1.33,3.928,0
-8.799,-1.343,3.93,0
-8.798,-1.372,3.91,0
-8.777,-1.422,3.928,0
-8.774,-1.465,3.932,0
-8.779,-1.539,3.989,0
-8.805,-1.617,4.027,0
-8.847,-1.655,4.046,0
-8.894,-1.676,4.075,0
-8.93,-1.709,4.134,0
-8.911,-1.7,4.154,0
-8.835,-1.718,4.181,0
-8.75,-1.775,4.195,0
-8.639,-1.86,4.22,0
-8.525,-1.93,4.265,0
-8.409,-1.963,4.269,0
-8.271,-1.995,4.267,0
-8.128,-2.053,4.287,0
-8.039,-2.104,4.262,0
-7.978,-2.159,4.342,0
-7.963,-2.128,4.249,0
-7.992,-2.064,4.129,0
-8.121,-2.087,4.043,0
-8.279,-2.176,3.958,0
-8.494,-2.285,3.956,0
-8.743,-2.349,3.96,0
-8.937,-2.37,3.95,0
-9.076,-2.358,3.943,0
-9.127,-2.299,3.884,0
-9.126,-2.25,3.83,0
-9.038,-2.227,3.812,0
-8.988,-2.227,3.794,0
-8.972,-2.27,3.748,0
-8.992,-2.306,3.732,0
-9.024,-2.377,3.719,0
-9.05,-2.474,3.762,0
-9.097,-2.53,3.778,0
-9.098,-2.585,3.728,0
-9.011,-2.65,3.832,0
-8.887,-2.706,3.929,0
-8.731,-2.727,3.929,0
-8.501,-2.699,3.873,0
-8.291,-2.682,3.913,0
-8.168,-2.671,3.915,0
-8.062,-2.613,3.777,0
-7.897,-2.506,3.619,0
-7.689,-2.399,3.508,0
-7.486,-2.38,3.409,0
-7.34,-2.371,3.343,0
-7.231,-2.41,3.366,0
-7.232,-2.44,3.373,0
-7.334,-2.564,3.8,0
-7.737,-2.536,4.046,0
-8.206,-2.22,3.845,0
-8.443,-1.96,3.913,0
-8.728,-1.796,3.921,0
-9.079,-1.788,3.933,0
-9.364,-1.902,3.985,0
-9.597,-2.089,3.997,0
-9.836,-2.218,3.851,0
-9.902,-2.316,3.794,0
-9.818,-2.421,3.826,0
-9.72,-2.501,3.846,0
-9.61,-2.545,3.905,0
-9.493,-2.523,3.934,0
-9.382,-2.441,3.946,0
-9.243,-2.3,3.929,0
-9.019,-2.164,3.94,0
-8.771,-2.026,3.963,0
-8.525,-1.891,3.985,0
-8.286,-1.749,3.998,0
-8.068,-1.568,3.991,0
-7.889,-1.394,3.961,0
-7.788,-1.282,3.971,0
-7.78,-1.256,3.975,0
-7.819,-1.226,4.006,0
-7.912,-1.171,4.036,0
-8.015,-1.104,4.042,0
-8.149,-1.057,4.024,0
-8.297,-1.047,3.986,0
-8.442,-1.074,3.959,0
-8.564,-1.135,3.925,1
-8.654,-1.177,3.855,1
-8.748,-1.215,3.815,1
-8.877,-1.289,3.799,1
-9.041,-1.358,3.741,1
-9.175,-1.44,3.666,1
-9.288,-1.509,3.665,1
-9.363,-1.607,3.732,1
-9.37,-1.666,3.757,1
-9.313,-1.707,3.836,1
-9.227,-1.72,3.897,1
-9.096,-1.71,3.904,1
-8.935,-1.674,3.912,1
-8.78,-1.647,3.955,1
-8.684,-1.65,4.005,1
-8.674,-1.646,4.025,1
-8.699,-1.644,4.016,1
-8.698,-1.618,4.021,1
-8.706,-1.596,4.019,1
-8.672,-1.547,4.037,1
-8.637,-1.486,4.053,1
-8.598,-1.411,4.05,1
-8.563,-1.319,4.041,1
-8.543,-1.241,4.036,1
-8.544,-1.169,3.995,1
-8.519,-1.131,3.977,1
-8.536,-1.077,3.941,1
-8.584,-1.067,3.921,1
-8.656,-1.06,3.891,1
-8.696,-1.065,3.844,1
-8.73,-1.097,3.851,1
-8.765,-1.145,3.876,1
-8.772,-1.226,3.894,1
-8.773,-1.325,3.901,1
-8.801,-1.419,3.951,1
-8.801,-1.504,3.958,1
-8.828,-1.569,3.935,1
-8.837,-1.624,3.96,1
-8.823,-1.628,3.951,1
-8.814,-1.633,3.932,1
-8.802,-1.61,3.926,1
-8.787,-1.608,3.906,1
-8.76,-1.57,3.877,1
-8.756,-1.546,3.865,1
-8.764,-1.53,3.86,1
-8.773,-1.509,3.885,1
-8.761,-1.514,3.892,1
-8.757,-1.498,3.894,1
-8.739,-1.478,3.865,1
-8.705,-1.468,3.883,1
-8.697,-1.466,3.912,1
-8.696,-1.481,3.926,1
-8.714,-1.501,3.949,1
-8.758,-1.529,3.967,1
-8.817,-1.543,4.005,1
-8.847,-1.535,4.016,1
-8.877,-1.504,4.034,1
-8.881,-1.476,4.075,1
-8.864,-1.466,4.068,1
-8.818,-1.461,4.041,1
-8.73,-1.481,4.071,1
-8.649,-1.487,4.07,1
-8.595,-1.487,4.052,1
-8.533,-1.497,4.012,1
-8.454,-1.518,3.974,1
-8.373,-1.593,3.966,1
-8.338,-1.714,3.969,1
-8.354,-1.837,3.964,1
-8.393,-1.949,3.967,1
-8.43,-2.05,3.976,1
-8.48,-2.145,3.952,1
-8.473,-2.193,3.886,1
-8.416,-2.237,3.841,1
-8.355,-2.297,3.863,1
-8.274,-2.351,3.868,1
-8.176,-2.416,3.861,1
-8.099,-2.481,3.827,1
-7.961,-2.574,3.73,1
-7.873,-2.71,3.629,1
-7.991,-2.798,3.502,1
-8.272,-2.864,3.45,1
-8.679,-2.929,3.464,1
-9.132,-2.928,3.504,1
-9.524,-2.815,3.617,1
-9.712,-2.627,3.815,1
-9.778,-2.352,4.004,1
-9.751,-2.067,4.189,1
-9.697,-1.796,4.25,1
-9.521,-1.551,4.184,1
-9.2,-1.408,4.077,1
-8.848,-1.397,3.958,1
-8.521,-1.535,3.87,1
-8.26,-1.771,3.791,1
-8.114,-2.062,3.716,1
-8.001,-2.338,3.696,1
-7.927,-2.586,3.692,1
-7.888,-2.773,3.737,1
-7.895,-2.897,3.787,1
-7.972,-2.944,3.781,1
-8.104,-2.897,3.824,1
-8.238,-2.738,3.855,1
-8.396,-2.466,3.83,1
-8.548,-2.13,3.773,1
-8.639,-1.83,3.716,1
-8.705,-1.607,3.741,1
-8.757,-1.464,3.739,1
-8.779,-1.36,3.7,1
-8.805,-1.304,3.705,1
-8.819,-1.293,3.695,1
-8.801,-1.32,3.659,1
-8.801,-1.394,3.639,1
-8.813,-1.509,3.677,1
-8.819,-1.659,3.71,1
-8.8,-1.788,3.718,1
-8.798,-1.868,3.678,1
-8.777,-1.916,3.658,1
-8.765,-1.975,3.617,1
-8.771,-2.031,3.585,1
-8.738,-2.062,3.654,1
-8.685,-2.023,3.676,1
-8.63,-1.981,3.712,1
-8.595,-1.963,3.751,1
-8.607,-1.961,3.744,1
-8.62,-1.979,3.737,1
-8.653,-1.952,3.718,1
-8.682,-1.915,3.673,1
-8.721,-1.874,3.651,1
-8.78,-1.857,3.669,1
-8.86,-1.836,3.678,1
-8.931,-1.779,3.666,1
-8.946,-1.693,3.684,1
-8.908,-1.61,3.721,1
-8.824,-1.531,3.727,1
-8.755,-1.464,3.696,1
-8.724,-1.429,3.671,1
-8.717,-1.44,3.682,1
-8.729,-1.491,3.705,1
-8.733,-1.555,3.732,1
-8.715,-1.607,3.743,1
-8.679,-1.654,3.78,1
-8.652,-1.711,3.804,1
-8.655,-1.783,3.784,1
-8.664,-1.814,3.766,1
-8.679,-1.827,3.78,1
-8.76,-1.79,3.794,1
-8.852,-1.759,3.791,1
-8.935,-1.735,3.791,1
-9.001,-1.719,3.782,1
-8.996,-1.736,3.787,1
-8.936,-1.78,3.778,1
-8.869,-1.779,3.76,1
-8.8,-1.751,3.764,1
-8.771,-1.738,3.741,1
-8.786,-1.731,3.651,1
-8.793,-1.724,3.563,1
-8.76,-1.693,3.628,1
-8.734,-1.658,3.718,1
-8.73,-1.609,3.779,1
-8.779,-1.573,3.804,1
-8.812,-1.565,3.802,1
-8.818,-1.596,3.827,1
-8.806,-1.616,3.841,1
-8.777,-1.628,3.852,1
-8.724,-1.621,3.851,1
-8.678,-1.614,3.861,1
-8.646,-1.619,3.881,1
-8.624,-1.602,3.892,1
-8.624,-1.599,3.899,1
-8.642,-1.607,3.899,1
-8.662,-1.61,3.87,1
-8.661,-1.592,3.858,1
-8.663,-1.587,3.833,1
-8.661,-1.561,3.799,1
-8.631,-1.561,3.773,1
-8.598,-1.579,3.795,1
-8.559,-1.611,3.811,1
-8.549,-1.666,3.824,1
-8.55,-1.708,3.833,1
-8.602,-1.768,3.838,1
-8.648,-1.817,3.845,1
-8.705,-1.87,3.841,1
-8.76,-1.887,3.854,1
-8.796,-1.896,3.829,1
-8.801,-1.866,3.822,1
-8.816,-1.838,3.823,1
-8.803,-1.81,3.82,1
-8.824,-1.794,3.816,1
-8.838,-1.751,3.777,1
-8.816,-1.749,3.775,1
-8.784,-1.761,3.709,1
-8.767,-1.819,3.707,1
-8.746,-1.871,3.73,1
-8.723,-1.912,3.789,1
-8.691,-1.944,3.834,1
-8.638,-1.963,3.886,1
-8.567,-1.976,3.906,1
-8.498,-1.972,3.909,1
-8.411,-1.974,3.897,1
-8.348,-1.961,3.897,1
-8.303,-1.957,3.874,1
-8.328,-1.953,3.876,1
-8.412,-1.94,3.876,1
-8.558,-1.919,3.904,1
-8.766,-1.88,3.953,1
-8.973,-1.807,3.969,1
-9.112,-1.706,3.976,1
-9.159,-1.607,3.949,1
-9.129,-1.524,3.903,1
-9.057,-1.478,3.872,1
-8.951,-1.484,3.872,1
-8.828,-1.551,3.881,0
-8.728,-1.643,3.906,0
-8.624,-1.729,3.967,0
-8.51,-1.83,4.003,0
-8.401,-1.918,4.021,0
-8.341,-1.984,4.026,0
-8.314,-2.046,4.007,0
-8.296,-2.077,3.999,0
-8.294,-2.097,3.983,0
-8.347,-2.118,3.947,0
-8.37,-2.164,3.931,0
-8.405,-2.171,3.924,0
-8.412,-2.17,3.892,0
-8.406,-2.14,3.877,0
-8.388,-2.138,3.865,0
-8.349,-2.129,3.818,0
-8.317,-2.117,3.784,0
-8.263,-2.071,3.7,0
-8.164,-2.018,3.63,0
-8.086,-2.082,3.698,0
-8.128,-2.16,3.802,0
-8.283,-2.171,3.852,0
-8.447,-2.118,3.856,0
-8.541,-1.994,3.814,0
-8.53,-1.877,3.757,0
-8.425,-1.827,3.668,0
-8.292,-1.919,3.642,0
-8.289,-2.138,3.7,0
-8.535,-2.266,3.536,0
-8.835,-2.332,3.365,0
-9.072,-2.415,3.287,0
-9.251,-2.566,3.304,0
-9.412,-2.744,3.363,0
-9.524,-2.834,3.435,0
-9.575,-2.793,3.487,0
-9.517,-2.686,3.605,0
-9.38,-2.554,3.733,0
-9.206,-2.444,3.835,0
-9.007,-2.38,4.033,0
-8.82,-2.357,4.396,0
-8.773,-2.225,4.41,0
-8.677,-1.952,4.173,0
-8.442,-1.767,4.025,0
-8.225,-1.772,4.03,0
-8.112,-1.911,4.014,0
-8.06,-2.061,3.919,0
-8.008,-2.18,3.781,0
-7.941,-2.278,3.674,0
-7.879,-2.341,3.61,0
-7.872,-2.394,3.567,0
-7.952,-2.412,3.533,0
-8.133,-2.41,3.52,0
-8.395,-2.351,3.502,0
-8.674,-2.25,3.486,0
-8.934,-2.088,3.466,0
-9.163,-1.903,3.511,0
-9.355,-1.708,3.565,0
-9.466,-1.542,3.617,0
-9.52,-1.425,3.664,0
-9.474,-1.359,3.709,0
-9.384,-1.351,3.772,0
-9.335,-1.401,3.829,0
-9.262,-1.463,3.87,0
-9.226,-1.525,3.883,0
-9.227,-1.561,3.82,0
-9.191,-1.588,3.775,0
-9.106,-1.627,3.698,0
-8.994,-1.71,3.674,0
-8.907,-1.804,3.685,0
-8.84,-1.896,3.653,0
-8.765,-1.956,3.633,0
-8.685,-1.998,3.642,0
-8.616,-1.972,3.662,0
-8.535,-1.92,3.669,0
-8.447,-1.816,3.714,0
-8.396,-1.719,3.78,0
-8.403,-1.584,3.823,0
-8.46,-1.437,3.831,0
-8.522,-1.271,3.865,0
-8.549,-1.104,3.871,0
-8.59,-0.932,3.867,0
-8.655,-0.778,3.855,0
-8.709,-0.685,3.823,0
-8.784,-0.673,3.823,0
-8.869,-0.694,3.796,0
-8.9,-0.747,3.74,0
-8.928,-0.841,3.72,0
-8.959,-0.951,3.679,0
-8.987,-1.058,3.616,0
-9.006,-1.145,3.598,0
-9.019,-1.179,3.564,0
-9.033,-1.181,3.548,0
-9.037,-1.163,3.526,0
-9.011,-1.13,3.519,0
-8.989,-1.085,3.521,0
-8.966,-1.062,3.517,0
-8.938,-1.034,3.519,0
-8.88,-0.994,3.503,0
-8.787,-0.93,3.498,0
-8.656,-0.872,3.543,0
-8.522,-0.816,3.577,0
-8.425,-0.781,3.632,0
-8.372,-0.76,3.704,0
-8.41,-0.769,3.74,0
-8.523,-0.778,3.785,0
-8.664,-0.816,3.831,0
-8.822,-0.857,3.857,0
-8.956,-0.922,3.892,0
-9.111,-1.038,4.007,0
-9.292,-1.177,4.075,0
-9.485,-1.354,4.096,0
-9.569,-1.51,4.082,0
-9.513,-1.587,4.035,0
-9.392,-1.587,3.999,0
-9.248,-1.524,3.996,0
-9.13,-1.443,3.978,0
-9.052,-1.367,3.924,0
-9.005,-1.309,3.881,0
-8.974,-1.276,3.838,0
-8.918,-1.27,3.834,0
-8.844,-1.251,3.815,0
-8.757,-1.213,3.797,0
-8.687,-1.173,3.786,0
-8.659,-1.133,3.829,0
-8.637,-1.093,3.854,0
-8.628,-1.089,3.887,0
-8.646,-1.1,3.937,0
-8.666,-1.113,3.959,0
-8.715,-1.185,3.968,0
-8.766,-1.224,3.982,0
-8.811,-1.237,3.966,0
-8.828,-1.277,3.984,0
-8.793,-1.309,3.982,0
-8.753,-1.343,3.946,0
-8.7,-1.378,3.928,0
-8.644,-1.397,3.896,0
-8.602,-1.401,3.858,0
-8.562,-1.407,3.854,0
-8.537,-1.421,3.84,0
-8.543,-1.434,3.84,0
-8.554,-1.467,3.843,0
-8.601,-1.537,3.88,0
-8.652,-1.579,3.903,0
-8.714,-1.627,3.931,0
-8.767,-1.666,3.929,0
-8.794,-1.718,3.942,0
-8.806,-1.792,3.969,0
-8.789,-1.844,3.983,0
-8.739,-1.867,4.01,0
-8.667,-1.896,4.005,0
-8.606,-1.894,4.019,0
-8.541,-1.871,4.039,0
-8.483,-1.831,4.041,0
-8.43,-1.799,4.036,0
-8.414,-1.79,3.996,0
-8.405,-1.781,3.971,0
-8.421,-1.766,3.938,0
-8.444,-1.764,3.901,0
-8.486,-1.799,3.885,0
-8.525,-1.864,3.877,0
-8.594,-1.98,3.879,0
-8.666,-2.095,3.859,0
-8.7,-2.225,3.834,0
-8.713,-2.357,3.812,0
-8.715,-2.496,3.801,0
-8.698,-2.651,3.782,0
-8.683,-2.773,3.758,0
-8.631,-2.855,3.769,0
-8.578,-2.877,3.765,0
-8.524,-2.871,3.745,0
-8.489,-2.851,3.738,0
-8.466,-2.831,3.713,0
-8.465,-2.798,3.715,0
-8.457,-2.744,3.706,0
-8.451,-2.67,3.647,0
-8.412,-2.576,3.609,0
-8.388,-2.538,3.642,0
-8.411,-2.497,3.638,0
-8.457,-2.436,3.615,0
-8.494,-2.383,3.624,0
-8.52,-2.311,3.592,0
-8.529,-2.27,3.597,0
-8.535,-2.23,3.626,0
-8.545,-2.196,3.574,0
-8.548,-2.207,3.552,0
-8.561,-2.268,3.525,0
-8.598,-2.345,3.507,0
-8.64,-2.415,3.491,0
-8.666,-2.482,3.504,0
-8.694,-2.576,3.498,0
-8.719,-2.658,3.512,0
-8.75,-2.734,3.534,0
-8.783,-2.802,3.543,0
-8.818,-2.85,3.568,0
-8.858,-2.872,3.577,0
-8.887,-2.865,3.58,0
-8.924,-2.862,3.6,0
-8.931,-2.842,3.616,0
-8.934,-2.794,3.589,0
-8.901,-2.734,3.589,0
-8.855,-2.651,3.571,0
-8.786,-2.581,3.516,0
-8.702,-2.497,3.513,0
-8.604,-2.443,3.513,0
-8.532,-2.414,3.516,0
-8.494,-2.404,3.563,0
-8.508,-2.411,3.639,0
-8.527,-2.338,3.687,0
-8.512,-2.276,3.768,0
-8.495,-2.188,3.811,0
-8.425,-2.065,3.773,0
-8.314,-2.0,3.754,0
-8.226,-1.986,3.729,0
-8.214,-1.999,3.711,0
-8.228,-2.019,3.678,0
-8.189,-2.031,3.673,0
-8.11,-2.046,3.635,0
-8.055,-2.053,3.556,0
-8.019,-2.083,3.502,0
-8.047,-2.139,3.477,0
-8.152,-2.177,3.49,0
-8.341,-2.19,3.511,0
-8.532,-2.152,3.545,0
-8.748,-2.047,3.581,0
-8.92,-1.887,3.606,0
-9.035,-1.703,3.624,0
-9.106,-1.528,3.662,0
-9.148,-1.408,3.687,0
-9.147,-1.321,3.718,0
-9.067,-1.272,3.75,0
-8.958,-1.299,3.781,0
-8.847,-1.387,3.804,0
-8.732,-1.514,3.802,0
-8.619,-1.626,3.809,0
-8.538,-1.726,3.782,0
-8.494,-1.824,3.82,0
-8.472,-1.87,3.851,0
-8.469,-1.878,3.877,0
-8.507,-1.885,3.953,0
-8.615,-1.897,3.967,0
-8.761,-1.912,4.003,0
-8.851,-1.942,4.071,0
-8.926,-1.923,4.076,0
-8.977,-1.848,4.055,0
-8.983,-1.74,3.994,0
-8.989,-1.606,3.875,0
-9.001,-1.46,3.784,0
-9.046,-1.347,3.714,0
-9.106,-1.234,3.61,0
-9.183,-1.196,3.626,0
-9.289,-1.219,3.635,0
-9.347,-1.34,3.685,0
-9.37,-1.492,3.676,0
-9.346,-1.594,3.624,0
-9.275,-1.683,3.592,0
-9.212,-1.714,3.639,0
-9.155,-1.685,3.63,0
-9.172,-1.617,3.617,0
-9.196,-1.545,3.61,0
-9.215,-1.466,3.639,0
-9.201,-1.356,3.651,0
-9.159,-1.25,3.703,0
-9.069,-1.147,3.707,0
-8.954,-1.007,3.731,0
-8.835,-0.868,3.742,0
-8.744,-0.724,3.666,0
-8.608,-0.543,3.64,0
-8.457,-0.37,3.626,0
-8.318,-0.172,3.631,0
-8.217,0.013,3.646,0
-8.136,0.151,3.644,0
-8.092,0.22,3.668,0
-8.066,0.166,3.682,0
-8.056,0.046,3.693,0
-8.019,-0.121,3.687,0
-7.982,-0.344,3.847,0
-8.038,-0.649,4.004,0
-8.219,-1.021,4.077,0
-8.458,-1.415,4.24,0
-8.728,-1.771,4.294,0
-9.01,-2.124,4.397,0
-9.226,-2.453,4.298,0
-9.288,-2.681,4.059,0
-9.192,-2.714,3.968,0
-8.979,-2.6,3.889,0
-8.789,-2.529,3.952,0
-8.762,-2.507,3.934,0
-8.871,-2.53,3.848,0
-8.939,-2.59,3.837,0
-9.036,-2.629,3.783,0
-9.109,-2.683,3.754,0
-9.153,-2.732,3.772,0
-9.106,-2.713,3.783,0
-8.998,-2.6,3.824,0
-8.927,-2.381,3.871,0
-8.895,-2.126,3.92,0
-8.895,-1.876,4.005,0
-8.921,-1.655,4.084,0
-8.969,-1.493,4.141,0
-8.995,-1.412,4.168,0
-9.006,-1.411,4.177,0
-8.929,-1.468,4.213,0
-8.781,-1.568,4.238,0
-8.614,-1.651,4.216,0
-8.46,-1.719,4.233,0
-8.382,-1.776,4.191,0
-8.348,-1.82,4.147,0
-8.356,-1.819,4.139,0
-8.368,-1.844,4.143,0
-8.358,-1.88,4.148,0
-8.321,-1.914,4.15,0
-8.251,-1.974,4.204,0
-8.18,-2.043,4.227,0
-8.119,-2.134,4.204,0
-8.118,-2.237,4.164,0
-8.158,-2.387,4.123,0
-8.196,-2.523,4.092,0
-8.242,-2.617,4.072,0
-8.23,-2.671,4.065,0
-8.202,-2.712,4.054,0
-8.17,-2.708,4.034,0
-8.153,-2.692,4.025,0
-8.169,-2.647,4.022,0
-8.196,-2.566,3.966,0
-8.209,-2.54,3.995,0
-8.271,-2.518,4.019,0
-8.343,-2.514,3.995,0
-8.409,-2.484,4.009,0
-8.502,-2.438,3.967,0
-8.584,-2.402,3.961,0
-8.641,-2.381,3.956,0
-8.663,-2.363,3.923,0
-8.693,-2.351,3.898,0
-8.713,-2.367,3.882,0
-8.717,-2.382,3.862,0
-8.699,-2.414,3.819,0
-8.677,-2.452,3.779,0
-8.649,-2.527,3.737,0
-8.65,-2.614,3.699,0
-8.678,-2.695,3.654,0
-8.7,-2.746,3.623,0
-8.715,-2.786,3.627,0
-8.742,-2.793,3.613,0
-8.765,-2.772,3.659,0
-8.761,-2.718,3.7,0
-8.753,-2.662,3.69,0
-8.742,-2.58,3.712,0
-8.717,-2.542,3.71,0
-8.697,-2.49,3.668,0
-8.646,-2.471,3.665,0
-8.578,-2.474,3.659,0
-8.512,-2.499,3.618,0
-8.47,-2.57,3.598,0
-8.455,-2.68,3.598,0
-8.46,-2.784,3.582,0
-8.498,-2.869,3.555,0
-8.545,-2.962,3.54,0
-8.573,-3.038,3.524,0
-8.586,-3.072,3.507,0
-8.571,-3.084,3.51,0
-8.509,-3.064,3.503,0
-8.449,-3.052,3.507,0
-8.386,-3.016,3.499,0
-8.32,-2.959,3.48,0
-8.276,-2.885,3.476,0
-8.244,-2.808,3.459,0
-8.213,-2.727,3.457,0
-8.187,-2.662,3.425,0
-8.158,-2.615,3.426,0
-8.138,-2.632,3.581,0
-8.209,-2.627,3.615,0
-8.307,-2.535,3.577,0
-8.349,-2.447,3.563,0
-8.383,-2.408,3.699,0
-8.429,-2.365,3.805,0
-8.483,-2.242,3.732,0
-8.479,-2.105,3.657,0
-8.421,-2.025,3.691,0
-8.421,-2.009,3.714,0
-8.446,-2.027,3.705,0
-8.49,-2.064,3.698,0
-8.547,-2.059,3.649,0
-8.558,-2.036,3.563,0
-8.508,-2.079,3.529,0
-8.472,-2.187,3.564,0
-8.479,-2.3,3.568,0
-8.519,-2.372,3.653,0
-8.605,-2.364,3.73,0
-8.677,-2.294,3.74,0
-8.727,-2.199,3.794,0
-8.767,-2.1,3.839,0
-8.731,-2.012,3.904,0
-8.649,-1.907,3.96,0
-8.577,-1.845,4.001,0
-8.536,-1.819,4.028,0
-8.528,-1.748,3.989,0
-8.551,-1.663,3.924,0
-8.586,-1.629,3.892,0
-8.623,-1.69,3.892,0
-8.707,-1.814,3.919,0
-8.812,-1.964,3.929,0
-8.893,-2.132,3.947,0
-8.945,-2.298,3.992,0
-8.982,-2.399,4.008,0
-9.011,-2.474,4.063,0
-9.009,-2.504,4.076,0
-8.997,-2.441,4.051,0
-8.96,-2.293,3.97,0
-8.892,-2.062,3.877,0
-8.86,-1.791,3.768,0
-8.934,-1.538,3.628,0
-9.052,-1.347,3.537,0
-9.156,-1.231,3.531,0
-9.191,-1.241,3.542,0
-9.211,-1.288,3.51,0
-9.178,-1.408,3.565,0
-9.144,-1.523,3.61,0
-9.086,-1.582,3.59,0
-9.021,-1.592,3.565,0
-8.934,-1.545,3.619,0
-8.849,-1.49,3.648,0
-8.8,-1.461,3.7,0
-8.691,-1.399,3.691,0
-8.556,-1.364,3.652,0
-8.428,-1.305,3.65,0
-8.36,-1.206,3.641,0
-8.39,-1.079,3.627,0
-8.438,-0.974,3.609,0
-8.51,-0.868,3.6,0
-8.552,-0.746,3.6,0
-8.518,-0.634,3.636,0
-8.468,-0.538,3.663,0
-8.457,-0.513,3.76,0
-8.505,-0.571,3.85,0
-8.599,-0.747,3.907,0
-8.698,-0.996,3.959,0
-8.805,-1.286,4.045,0
-8.896,-1.584,4.093,0
-8.961,-1.852,4.112,0
-8.978,-2.089,4.164,0
-8.993,-2.257,4.216,0
-9.017,-2.407,4.157,0
-9.0,-2.513,4.106,0
-8.945,-2.523,4.088,0
-8.878,-2.495,4.044,0
-8.662,-2.455,3.92,0
-8.419,-2.368,3.843,0
-8.29,-2.201,3.863,0
-8.282,-2.035,3.933,0
-8.437,-1.906,3.998,0
-8.657,-1.821,4.026,0
-8.903,-1.797,4.03,0
-9.094,-1.805,4.071,0
-9.147,-1.892,4.207,0
-9.186,-2.002,4.245,0
-9.147,-2.107,4.249,0
-9.068,-2.168,4.264,0
-8.987,-2.187,4.245,0
-8.954,-2.159,4.256,0
-8.942,-2.092,4.272,0
-8.975,-2.006,4.252,0
-9.001,-1.895,4.213,0
-8.978,-1.789,4.2,0
-8.887,-1.674,4.216,0
-8.76,-1.598,4.24,0
-8.618,-1.575,4.251,0
-8.498,-1.581,4.28,0
-8.382,-1.586,4.294,0
-8.291,-1.617,4.346,0
-8.243,-1.655,4.357,0
-8.203,-1.726,4.339,0
-8.154,-1.798,4.312,0
-8.086,-1.861,4.296,0
-8.003,-1.954,4.278,0
-7.921,-2.045,4.285,0
-7.821,-2.119,4.305,0
-7.774,-2.164,4.324,0
-7.781,-2.187,4.31,0
-7.783,-2.182,4.315,0
-7.798,-2.135,4.308,0
-7.785,-2.081,4.283,0
-7.758,-2.027,4.272,0
-7.74,-2.029,4.204,0
-7.771,-2.102,4.154,0
-7.845,-2.233,4.193,0
-8.012,-2.36,4.243,0
-8.243,-2.474,4.202,0
-8.485,-2.539,4.087,0
-8.619,-2.6,4.033,0
-8.699,-2.686,3.995,0
-8.77,-2.773,3.948,0
-8.78,-2.874,3.921,0
-8.774,-2.976,3.893,0
-8.809,-3.033,3.878,0
-8.865,-3.054,3.867,0
-8.912,-3.056,3.844,0
-8.931,-3.013,3.817,0
-8.912,-2.937,3.783,0
-8.845,-2.872,3.794,0
-8.774,-2.793,3.792,0
-8.717,-2.72,3.805,0
-8.672,-2.648,3.808,0
-8.627,-2.573,3.8,0
-8.56,-2.495,3.812,0
-8.52,-2.462,3.864,0
-8.491,-2.41,3.866,0
-8.449,-2.396,3.861,0
-8.408,-2.406,3.847,0
-8.317,-2.442,3.862,0
-8.237,-2.525,3.881,0
-8.22,-2.59,3.895,0
-8.224,-2.662,3.925,0
-8.254,-2.695,3.918,0
-8.284,-2.709,3.886,0
-8.284,-2.693,3.916,0
-8.246,-2.66,3.909,0
-8.188,-2.629,3.871,0
-8.117,-2.583,3.85,0
-8.059,-2.515,3.789,0
-7.961,-2.423,3.699,0
-7.852,-2.363,3.653,0
-7.771,-2.383,3.757,0
-7.813,-2.404,3.73,0
-7.894,-2.391,3.707,0
-7.951,-2.379,3.725,0
-8.05,-2.371,3.766,0
-8.222,-2.364,3.798,0
-8.437,-2.358,3.899,0
-8.594,-2.367,4.048,0
-8.743,-2.319,4.121,0
-8.847,-2.207,4.089,0
-8.787,-2.076,4.044,0
-8.625,-1.973,4.026,0
-8.474,-1.972,3.965,0
-8.381,-2.029,3.933,0
-8.339,-2.092,3.899,0
-8.368,-2.155,3.908,0
-8.457,-2.164,3.906,0
-8.575,-2.167,3.951,0
-8.688,-2.156,3.972,0
-8.778,-2.141,4.037,0
-8.838,-2.104,4.128,0
-8.865,-2.074,4.211,0
-8.897,-2.043,4.238,0
-8.848,-2.012,4.209,0
-8.733,-1.982,4.171,0
-8.626,-1.95,4.139,0
-8.54,-1.945,4.143,0
-8.488,-1.909,4.098,0
-8.467,-1.89,4.095,0
-8.464,-1.874,4.019,0
-8.482,-1.839,3.958,0
-8.565,-1.803,3.84,0
-8.728,-1.739,3.68,0
-8.923,-1.72,3.628,0
-9.105,-1.807,3.64,0
-9.24,-1.967,3.642,0
-9.276,-2.139,3.677,0
-9.29,-2.27,3.688,0
-9.261,-2.349,3.692,0
-9.172,-2.305,3.708,0
-9.034,-2.165,3.742,0
-8.936,-1.967,3.782,0
-8.913,-1.722,3.742,0
-8.947,-1.517,3.735,0
-8.96,-1.324,3.718,0
-8.987,-1.191,3.731,0
-9.017,-1.047,3.663,0
-8.987,-0.916,3.63,0
-8.902,-0.795,3.634,0
-8.787,-0.733,3.659,0
-8.682,-0.717,3.708,0
-8.548,-0.728,3.697,0
-8.379,-0.713,3.701,0
-8.222,-0.679,3.724,0
-8.137,-0.627,3.733,0
-8.12,-0.584,3.742,0
-8.136,-0.571,3.714,0
-8.124,-0.612,3.719,0
-8.058,-0.736,3.787,0
-8.043,-0.878,3.794,0
-8.058,-1.076,3.975,0
-8.226,-1.303,4.196,0
-8.471,-1.591,4.168,0
-8.611,-1.858,4.238,0
-8.687,-2.01,4.173,0
-8.806,-2.078,4.152,0
-8.972,-2.143,4.229,0
-9.15,-2.156,4.085,0
-9.181,-2.172,3.873,0
-9.057,-2.154,3.791,0
-8.952,-2.116,3.909,0
-9.028,-2.171,3.965,0
-9.201,-2.318,3.939,0
-9.323,-2.499,3.893,0
-9.364,-2.662,3.991,0
-9.371,-2.878,4.203,0
-9.446,-3.129,4.364,0
-9.527,-3.376,4.46,0
-9.515,-3.548,4.512,0
-9.409,-3.579,4.536,0
-9.222,-3.429,4.509,0
-9.028,-3.118,4.445,0
-8.876,-2.698,4.433,0
-8.748,-2.285,4.429,0
-8.691,-1.863,4.373,0
-8.591,-1.498,4.346,0
-8.433,-1.192,4.345,0
-8.269,-0.989,4.372,0
-8.033,-0.926,4.392,0
-7.803,-0.962,4.419,0
-7.627,-1.07,4.462,0
-7.505,-1.24,4.442,0
-7.447,-1.498,4.422,0
-7.429,-1.809,4.347,0
-7.457,-2.131,4.305,0
-7.513,-2.396,4.263,0
-7.625,-2.621,4.254,0
-7.833,-2.83,4.255,0
-8.074,-2.993,4.264,0
-8.308,-3.036,4.255,0
-8.425,-2.941,4.273,0
-8.498,-2.785,4.293,0
-8.531,-2.652,4.324,0
-8.548,-2.529,4.375,0
-8.591,-2.398,4.322,0
-8.684,-2.365,4.259,0
-8.727,-2.38,4.234,0
-8.692,-2.45,4.185,0
-8.622,-2.568,4.164,0
-8.499,-2.678,4.117,0
-8.353,-2.778,4.121,0
-8.204,-2.865,4.065,0
-8.055,-2.944,3.983,0
-7.911,-3.027,3.936,0
-7.842,-3.086,3.873,0
-7.866,-3.115,3.79,0
-7.939,-3.089,3.78,0
-7.983,-3.006,3.724,0
-8.056,-2.876,3.69,0
-8.062,-2.789,3.789,0
-8.116,-2.738,3.882,0
-8.258,-2.656,3.895,0
-8.422,-2.531,3.913,0
-8.517,-2.415,3.924,0
-8.538,-2.345,3.929,0
-8.549,-2.331,3.913,0
-8.522,-2.365,3.886,0
-8.503,-2.482,3.826,0
-8.49,-2.651,3.809,0
-8.491,-2.856,3.835,0
-8.497,-3.056,3.824,0
-8.527,-3.239,3.792,0
-8.547,-3.408,3.822,0
-8.553,-3.516,3.795,0
-8.514,-3.566,3.772,0
-8.489,-3.533,3.767,0
-8.458,-3.461,3.734,0
-8.44,-3.349,3.709,0
-8.402,-3.201,3.659,0
-8.35,-3.06,3.62,0
-8.297,-2.974,3.625,0
-8.272,-2.907,3.595,0
-8.276,-2.877,3.568,0
-8.283,-2.864,3.586,0
-8.311,-2.861,3.613,0
-8.302,-2.839,3.661,0
-8.266,-2.828,3.76,0
-8.228,-2.815,3.878,0
-8.212,-2.705,3.784,0
-8.131,-2.579,3.759,0
-8.051,-2.477,3.739,0
-8.013,-2.412,3.701,0
-7.977,-2.425,3.766,0
-7.972,-2.467,3.883,0
-8.038,-2.434,3.915,0
-8.08,-2.304,3.855,0
-8.13,-2.201,3.861,0
-8.235,-2.13,3.881,0
-8.372,-2.123,3.906,0
-8.519,-2.111,3.893,0
-8.61,-2.058,3.868,0
-8.629,-1.988,3.813,0
-8.564,-1.946,3.728,0
-8.448,-1.953,3.761,0
-8.349,-2.015,3.836,0
-8.368,-2.075,3.854,0
-8.42,-2.09,3.915,0
-8.508,-2.055,3.949,0
-8.582,-1.973,3.974,0
-8.605,-1.845,3.998,0
-8.595,-1.746,3.994,0
-8.567,-1.686,4.041,0
-8.548,-1.649,4.054,0
-8.568,-1.666,4.07,0
-8.638,-1.727,4.077,0
-8.736,-1.823,4.048,0
-8.818,-1.895,4.003,0
-8.857,-2.005,3.992,0
-8.909,-2.132,3.96,0
-8.95,-2.26,3.931,0
-8.97,-2.394,3.939,0
-8.982,-2.543,3.965,0
-8.996,-2.594,3.932,0
-9.022,-2.622,3.873,0
-9.039,-2.593,3.83,0
-9.039,-2.467,3.787,0
-9.068,-2.263,3.66,0
-9.064,-2.046,3.617,0
-9.062,-1.832,3.554,0
-9.106,-1.59,3.419,0
-9.164,-1.383,3.371,0
-9.207,-1.202,3.326,0
-9.223,-1.113,3.343,0
-9.207,-1.106,3.354,0
-9.159,-1.183,3.406,0
-9.156,-1.377,3.443,0
-9.181,-1.601,3.434,0
-9.138,-1.814,3.436,0
-9.104,-1.974,3.438,0
-9.047,-2.078,3.446,0
-8.951,-2.115,3.448,0
-8.844,-2.081,3.432,0
-8.757,-2.019,3.464,0
-8.645,-1.887,3.544,0
-8.498,-1.718,3.635,0
-8.355,-1.525,3.693,0
-8.223,-1.347,3.715,0
-8.215,-1.195,3.694,0
-8.245,-1.052,3.747,0
-8.274,-0.967,3.99,0
-8.383,-0.941,4.101,0
-8.51,-1.017,4.196,0
-8.599,-1.133,4.248,0
-8.646,-1.361,4.258,0
-8.753,-1.604,4.301,0
-8.894,-1.825,4.27,0
-9.005,-2.02,4.306,0
-9.087,-2.111,4.135,0
-9.033,-2.155,4.119,0
-8.889,-2.155,4.06,0
-8.739,-2.191,3.882,0
-8.551,-2.182,3.843,0
-8.365,-2.132,3.895,0
-8.196,-2.137,4.051,0
-8.179,-2.264,4.168,0
-8.33,-2.483,4.261,0
-8.597,-2.756,4.352,0
-8.934,-2.973,4.359,0
-9.237,-3.047,4.348,0
-9.357,-2.998,4.398,0
-9.352,-2.789,4.458,0
-9.332,-2.481,4.458,0
-9.241,-2.141,4.48,0
-9.104,-1.822,4.441,0
-8.946,-1.559,4.357,0
-8.746,-1.362,4.287,0
-8.481,-1.258,4.221,0
-8.206,-1.255,4.176,0
-7.924,-1.326,4.162,0
-7.7,-1.455,4.147,0
-7.548,-1.651,4.092,0
-7.459,-1.875,4.09,0
-7.428,-2.103,4.117,0
-7.427,-2.332,4.116,0
-7.452,-2.554,4.118,0
-7.469,-2.763,4.103,0
-7.523,-2.939,4.105,0
-7.595,-3.037,4.13,0
-7.658,-3.077,4.182,0
-7.796,-3.023,4.15,0
-7.988,-2.99,4.189,0
-8.252,-2.981,4.264,0
-8.529,-2.896,4.169,0
-8.704,-2.817,4.09,0
-8.802,-2.743,4.054,0
-8.8,-2.725,4.033,0
-8.755,-2.728,4.006,0
-8.721,-2.731,3.936,0
-8.69,-2.748,3.873,0
-8.698,-2.763,3.844,0
-8.716,-2.781,3.83,0
-8.7,-2.794,3.796,0
-8.634,-2.82,3.798,0
-8.561,-2.848,3.83,0
-8.503,-2.858,3.81,0
-8.451,-2.868,3.764,0
-8.44,-2.939,3.74,0
-8.5,-3.0,3.729,0
-8.56,-3.035,3.708,0
-8.653,-3.065,3.772,0
-8.754,-3.068,3.815,0
-8.831,-3.008,3.819,0
-8.824,-2.9,3.844,0
-8.771,-2.817,3.873,0
-8.709,-2.744,3.877,0
-8.611,-2.669,3.855,0
-8.513,-2.633,3.866,0
-8.423,-2.589,3.893,0
-8.364,-2.574,3.873,0
-8.331,-2.564,3.852,0
-8.296,-2.563,3.825,0
-8.25,-2.554,3.787,0
-8.162,-2.542,3.721,0
-8.047,-2.544,3.617,0
-7.925,-2.543,3.466,0
-7.832,-2.603,3.389,0
-7.747,-2.667,3.281,0
-7.665,-2.691,3.186,0
-7.611,-2.728,3.098,0
-7.586,-2.712,3.016,0
-7.562,-2.704,2.989,0
-7.566,-2.699,2.969,0
-7.547,-2.902,3.518,0
-7.875,-3.003,3.961,0
-8.378,-2.922,4.374,0
-8.958,-2.573,4.548,0
-9.414,-1.852,4.23,0
-9.351,-1.192,3.912,0
-8.894,-0.972,3.808,0
-8.369,-1.16,3.817,0
-8.037,-1.542,3.819,0
-7.974,-1.94,3.815,0
-8.147,-2.248,3.804,0
-8.45,-2.36,3.712,0
-8.763,-2.435,3.722,0
-9.038,-2.501,3.758,0
-9.247,-2.538,3.812,0
-9.398,-2.558,3.848,0
-9.463,-2.529,3.854,0
-9.429,-2.479,3.891,0
-9.404,-2.465,3.873,0
-9.368,-2.48,3.81,0
-9.263,-2.521,3.799,0
-9.104,-2.498,3.78,0
-8.973,-2.475,3.837,0
-8.835,-2.415,3.848,0
-8.673,-2.341,3.805,0
-8.519,-2.276,3.802,0
-8.447,-2.22,3.746,0
-8.465,-2.204,3.662,0
-8.557,-2.229,3.667,0
-8.702,-2.204,3.708,0
-8.799,-2.183,3.69,0
-8.813,-2.169,3.69,0
-8.762,-2.134,3.678,0
-8.719,-2.018,3.617,0
-8.736,-1.88,3.59,0
-8.766,-1.734,3.626,0
-8.816,-1.587,3.655,0
-8.895,-1.453,3.677,0
-8.949,-1.362,3.689,0
-8.961,-1.309,3.661,0
-8.963,-1.284,3.675,0
-8.958,-1.178,3.637,0
-8.938,-1.052,3.634,0
-8.886,-0.925,3.616,0
-8.828,-0.86,3.596,0
-8.715,-0.86,3.562,0
-8.535,-0.825,3.532,0
-8.344,-0.787,3.494,0
-8.222,-0.812,3.55,0
-8.183,-0.853,3.55,0
-8.18,-0.905,3.525,0
-8.105,-0.908,3.494,0
-7.951,-0.864,3.534,0
-7.851,-0.852,3.588,0
-7.842,-0.892,3.665,0
-7.898,-1.033,3.973,0
-8.11,-1.208,4.074,0
-8.407,-1.522,4.183,0
-8.7,-1.83,4.125,0
-8.919,-2.224,4.101,0
-9.299,-2.619,4.049,0
-9.647,-2.95,3.901,0
-9.611,-3.211,3.896,0
-9.335,-3.334,3.784,0
-9.102,-3.3,3.657,0
-9.036,-3.198,3.587,0
-9.115,-3.046,3.643,0
-9.265,-2.917,3.673,0
-9.432,-2.854,3.645,0
-9.508,-2.846,3.68,0
-9.434,-2.824,3.691,0
-9.202,-2.788,3.652,0
-8.997,-2.825,3.693,0
-8.851,-2.909,3.801,0
-8.791,-2.972,3.889,0
-8.746,-2.982,3.96,0
-8.695,-2.932,3.993,0
-8.595,-2.841,4.033,0
-8.466,-2.764,4.09,0
-8.345,-2.71,4.087,0
-8.255,-2.712,4.132,0
-8.304,-2.694,4.147,0
-8.409,-2.66,4.193,0
-8.554,-2.603,4.234,0
-8.691,-2.486,4.227,0
-8.8,-2.337,4.284,0
-8.874,-2.192,4.338,0
-8.912,-2.083,4.34,0
-8.868,-2.002,4.329,0
-8.76,-1.986,4.322,0
-8.618,-2.005,4.299,0
-8.471,-2.049,4.24,0
-8.324,-2.127,4.199,0
-8.223,-2.171,4.141,0
-8.14,-2.248,4.13,0
-8.123,-2.336,4.118,0
-8.078,-2.339,3.989,0
-7.996,-2.358,3.859,0
-7.923,-2.449,3.807,0
-7.859,-2.596,3.744,0
-7.846,-2.747,3.64,0
-7.848,-2.868,3.581,0
-7.9,-2.964,3.559,0
-7.983,-3.006,3.536,0
-8.11,-3.04,3.547,0
-8.253,-3.069,3.575,0
-8.369,-3.047,3.575,0
-8.464,-2.991,3.595,0
-8.499,-2.889,3.631,0
-8.495,-2.798,3.674,0
-8.495,-2.712,3.676,0
-8.495,-2.631,3.683,0
-8.475,-2.565,3.661,0
-8.453,-2.53,3.633,0
-8.435,-2.542,3.633,0
-8.423,-2.584,3.643,0
-8.404,-2.627,3.69,0
-8.402,-2.632,3.697,0
-8.449,-2.64,3.685,0
-8.503,-2.646,3.647,0
-8.558,-2.634,3.613,0
-8.622,-2.676,3.593,0
-8.704,-2.706,3.577,0
-8.773,-2.753,3.55,0
-8.841,-2.791,3.505,0
-8.845,-2.856,3.462,0
-8.801,-2.936,3.451,0
-8.721,-2.982,3.48,0
-8.624,-2.983,3.453,0
-8.527,-2.967,3.406,0
-8.415,-2.947,3.408,0
-8.318,-2.91,3.367,0
-8.262,-2.906,3.363,0
-8.206,-2.898,3.367,0
-8.118,-2.888,3.405,0
-8.084,-2.919,3.527,0
-8.09,-2.92,3.56,0
-8.102,-2.905,3.624,0
-8.091,-2.876,3.719,0
-8.084,-2.783,3.722,0
-8.041,-2.625,3.665,0
-8.051,-2.526,3.73,0
-8.19,-2.499,3.818,0
-8.386,-2.505,3.922,0
-8.597,-2.447,3.947,0
-8.707,-2.326,3.902,0
-8.718,-2.191,3.841,0
-8.675,-2.064,3.8,0
-8.584,-2.013,3.732,0
-8.472,-2.046,3.719,0
-8.399,-2.099,3.723,0
-8.399,-2.135,3.671,0
-8.452,-2.147,3.611,0
-8.486,-2.178,3.649,0
-8.54,-2.214,3.705,0
-8.581,-2.211,3.746,0
-8.612,-2.204,3.753,0
-8.63,-2.206,3.78,0
-8.648,-2.21,3.843,0
-8.69,-2.259,3.9,0
-8.743,-2.346,3.895,0
-8.777,-2.44,3.913,0
-8.794,-2.521,3.943,0
-8.804,-2.61,4.0,0
-8.789,-2.691,4.041,0
-8.744,-2.701,3.993,0
-8.674,-2.659,3.961,0
-8.575,-2.521,3.859,0
-8.486,-2.32,3.778,0
-8.468,-2.092,3.705,0
-8.503,-1.869,3.682,0
-8.573,-1.692,3.662,0
-8.784,-1.558,3.583,0
-9.022,-1.431,3.513,0
-9.271,-1.321,3.463,0
-9.461,-1.245,3.412,0
-9.581,-1.239,3.434,0
-9.625,-1.351,3.497,0
-9.572,-1.531,3.493,0
-9.447,-1.702,3.509,0
-9.33,-1.848,3.539,0
-9.185,-1.897,3.523,0
-8.969,-1.89,3.536,0
-8.734,-1.793,3.544,0
-8.501,-1.588,3.515,0
-8.268,-1.335,3.519,0
-8.116,-1.049,3.523,0
-8.024,-0.786,3.55,0
-7.983,-0.56,3.522,0
-7.888,-0.392,3.439,0
-7.744,-0.276,3.431,0
-7.627,-0.235,3.592,0
-7.651,-0.325,3.838,0
-7.858,-0.609,4.026,0
-8.249,-1.12,4.291,0
-8.704,-1.747,4.574,0
-9.148,-2.439,4.736,0
-9.511,-2.964,4.452,0
-9.431,-3.174,4.14,0
-8.997,-3.109,4.029,0
-8.684,-2.97,3.968,0
-8.714,-2.848,3.932,0
-8.925,-2.731,3.786,0
-9.072,-2.624,3.731,0
-9.223,-2.522,3.577,0
-9.275,-2.476,3.523,0
-9.209,-2.488,3.548,0
-9.086,-2.584,3.589,0
-9.031,-2.768,3.709,0
-9.041,-2.959,3.811,0
-9.146,-3.09,3.91,0
-9.233,-3.116,4.016,0
-9.248,-3.037,4.109,0
-9.183,-2.885,4.183,0
-9.072,-2.763,4.257,0
-8.964,-2.631,4.381,0
-8.87,-2.482,4.505,0
-8.771,-2.328,4.541,0
-8.6,-2.167,4.523,0
-8.398,-2.073,4.48,0
-8.138,-1.972,4.459,0
-7.819,-1.891,4.407,0
-7.556,-1.846,4.321,0
-7.376,-1.831,4.264,0
-7.294,-1.864,4.228,0
-7.322,-1.929,4.183,0
-7.433,-2.039,4.138,0
-7.641,-2.157,4.043,0
-7.934,-2.294,3.976,0
-8.283,-2.482,4.037,0
-8.613,-2.643,4.001,0
-8.855,-2.764,3.942,0
-9.054,-2.878,3.919,0
-9.145,-2.996,3.966,0
-9.17,-3.101,3.991,0
-9.163,-3.178,4.032,0
-9.107,-3.138,4.048,0
-9.011,-3.052,4.068,0
-8.907,-2.939,4.09,0
-8.794,-2.817,4.07,0
-8.674,-2.691,4.047,0
-8.531,-2.603,4.02,0
-8.365,-2.579,3.995,0
-8.171,-2.601,3.981,0
-7.971,-2.65,3.914,0
-7.818,-2.743,3.916,0
-7.704,-2.821,3.914,0
-7.65,-2.842,3.845,0
-7.697,-2.864,3.805,0
-7.783,-2.863,3.767,0
-7.893,-2.84,3.729,0
-8.025,-2.809,3.692,0
-8.163,-2.803,3.719,0
-8.352,-2.816,3.758,0
-8.514,-2.792,3.715,0
-8.567,-2.764,3.69,0
-8.561,-2.731,3.688,0
-8.527,-2.707,3.679,0
-8.478,-2.68,3.674,0
-8.382,-2.642,3.658,0
-8.271,-2.668,3.638,0
-8.202,-2.732,3.62,0
-8.173,-2.806,3.609,0
-8.193,-2.874,3.597,0
-8.232,-2.952,3.611,0
-8.292,-2.997,3.626,0
-8.369,-3.01,3.586,0
-8.411,-3.034,3.541,0
-8.413,-3.054,3.532,0
-8.424,-3.074,3.521,0
-8.415,-3.074,3.476,0
-8.39,-3.066,3.444,0
-8.366,-3.069,3.428,0
-8.375,-3.048,3.39,0
-8.344,-3.029,3.387,0
-8.308,-2.984,3.367,0
-8.239,-2.931,3.376,0
-8.159,-2.87,3.434,0
-8.104,-2.815,3.416,0
-8.059,-2.763,3.473,0
-8.087,-2.759,3.654,0
-8.166,-2.706,3.697,0
-8.233,-2.656,3.854,0
-8.359,-2.525,3.925,0
-8.37,-2.312,3.852,0
-8.407,-2.178,3.852,0
-8.521,-2.168,4.012,0
-8.709,-2.147,4.141,0
-8.812,-2.015,4.08,0
-8.71,-1.863,3.996,0
-8.514,-1.736,3.922,0
-8.336,-1.721,3.894,0
-8.288,-1.794,3.953,0
-8.36,-1.882,3.987,0
-8.487,-1.993,3.965,0
-8.634,-2.08,3.976,0
-8.797,-2.156,3.975,0
-8.909,-2.203,3.961,0
-8.928,-2.229,3.958,0
-8.934,-2.262,3.889,0
-8.954,-2.325,3.857,0
-8.976,-2.434,3.891,0
-9.006,-2.549,3.85,0
-9.003,-2.618,3.846,0
-8.97,-2.682,3.903,0
-8.956,-2.679,3.948,0
-8.907,-2.665,3.959,0
-8.84,-2.639,3.945,0
-8.744,-2.564,3.859,0
-8.587,-2.454,3.751,0
-8.446,-2.312,3.669,0
-8.376,-2.183,3.621,0
-8.347,-2.022,3.56,0
-8.377,-1.853,3.524,0
-8.487,-1.695,3.551,0
-8.626,-1.569,3.584,0
-8.845,-1.478,3.526,0
-9.012,-1.408,3.468,0
-9.095,-1.375,3.438,0
-9.112,-1.373,3.493,0
-9.119,-1.422,3.531,0
-9.097,-1.495,3.556,0
-9.051,-1.567,3.578,0
-9.006,-1.593,3.599,0
-8.945,-1.535,3.603,0
-8.842,-1.42,3.598,0
-8.74,-1.265,3.614,0
-8.641,-1.118,3.607,0
-8.553,-0.977,3.557,0
-8.469,-0.898,3.57,0
-8.357,-0.83,3.597,0
-8.221,-0.765,3.609,0
-8.131,-0.75,3.721,0
-8.132,-0.827,3.782,0
-8.212,-1.03,3.839,0
-8.325,-1.294,3.907,0
-8.462,-1.561,3.94,0
-8.643,-1.846,4.044,0
-8.816,-2.142,4.166,0
-9.04,-2.487,4.237,0
-9.332,-2.874,4.242,0
-9.498,-3.183,4.193,0
-9.387,-3.327,4.069,0
-9.146,-3.306,3.861,0
-8.839,-3.178,3.754,0
-8.597,-2.993,3.777,0
-8.514,-2.837,3.862,0
-8.629,-2.687,3.869,0
-8.848,-2.599,3.9,0
-9.062,-2.514,3.826,0
-9.175,-2.379,3.792,0
-9.105,-2.262,3.803,0
-8.949,-2.136,3.827,0
-8.798,-2.033,3.913,0
-8.702,-1.933,3.996,0
-8.692,-1.866,4.127,0
-8.758,-1.872,4.218,0
-8.825,-1.898,4.308,0
-8.794,-1.99,4.367,0
-8.685,-2.064,4.387,0
-8.504,-2.097,4.396,0
-8.283,-2.105,4.432,0
-8.044,-2.059,4.457,0
-7.851,-2.028,4.475,0
-7.723,-1.99,4.429,0
-7.692,-1.938,4.36,0
-7.663,-1.93,4.301,0
-7.669,-1.968,4.215,0
-7.717,-2.071,4.12,0
-7.829,-2.253,4.197,0
-8.084,-2.398,4.145,0
-8.402,-2.525,4.087,0
-8.75,-2.634,4.067,0
-9.03,-2.728,4.031,0
-9.207,-2.834,4.02,0
-9.259,-2.942,3.984,0
-9.198,-3.051,3.951,0
-9.073,-3.114,3.905,0
-8.953,-3.145,3.846,0
-8.867,-3.178,3.797,0
-8.779,-3.177,3.72,0
-8.657,-3.161,3.677,0
-8.556,-3.156,3.632,0
-8.5,-3.123,3.6,0
-8.474,-3.079,3.586,0
-8.456,-3.02,3.573,0
-8.457,-2.977,3.607,0
-8.457,-2.92,3.597,0
-8.423,-2.859,3.668,0
-8.367,-2.832,3.81,0
-8.384,-2.786,3.812,0
-8.421,-2.711,3.773,0
-8.375,-2.662,3.821,0
-8.23,-2.62,3.856,0
-8.074,-2.604,3.859,0
-7.909,-2.591,3.879,0
-7.723,-2.574,3.876,0
-7.572,-2.536,3.856,0
-7.514,-2.474,3.77,0
-7.517,-2.426,3.703,0
-7.534,-2.386,3.614,0
-7.538,-2.372,3.567,0
-7.581,-2.385,3.542,0
-7.657,-2.39,3.439,0
-7.768,-2.425,3.28,0
-7.795,-2.531,3.226,0
-7.839,-2.704,3.202,0
-7.916,-2.87,3.136,0
-7.966,-3.07,3.164,0
-8.03,-3.225,3.27,0
-8.079,-3.323,3.356,0
-8.21,-3.46,3.696,0
-8.536,-3.525,3.992,0
-8.957,-3.318,4.063,0
-9.202,-2.881,3.997,0
-9.148,-2.443,3.961,0
-8.919,-2.208,4.013,0
-8.64,-2.145,4.069,0
-8.403,-2.19,4.112,0
-8.283,-2.223,4.152,0
-8.229,-2.213,4.13,0
-8.245,-2.202,4.084,0
-8.309,-2.22,4.06,0
-8.408,-2.282,4.013,0
-8.538,-2.358,4.026,0
-8.681,-2.444,4.022,0
-8.864,-2.503,4.072,0
-9.022,-2.51,4.124,0
-9.136,-2.486,4.117,0
-9.132,-2.433,4.142,0
-9.048,-2.335,4.135,0
-8.935,-2.194,3.995,0
-8.838,-2.053,3.915,0
-8.8,-1.891,3.84,0
-8.818,-1.733,3.811,0
-8.876,-1.615,3.768,0
-8.925,-1.565,3.716,0
-9.008,-1.554,3.658,0
-9.1,-1.6,3.655,0
-9.241,-1.641,3.579,0
-9.351,-1.674,3.566,0
-9.395,-1.728,3.54,0
-9.402,-1.773,3.585,0
-9.412,-1.865,3.633,0
-9.43,-1.959,3.593,0
-9.391,-2.0,3.599,0
-9.336,-1.988,3.604,0
-9.221,-1.936,3.583,0
-9.07,-1.817,3.574,0
-8.898,-1.684,3.587,0
-8.746,-1.501,3.594,0
-8.628,-1.365,3.623,0
-8.596,-1.253,3.632,0
-8.564,-1.185,3.697,0
-8.537,-1.142,3.749,0
-8.476,-1.118,3.869,0
-8.367,-1.098,3.945,0
-8.281,-1.097,3.972,0
-8.21,-1.116,3.991,0
-8.127,-1.144,3.975,0
-8.065,-1.181,4.011,0
-8.06,-1.192,4.136,0
-8.178,-1.178,4.171,0
-8.297,-1.245,4.185,0
-8.304,-1.358,4.242,0
-8.236,-1.459,4.176,0
-8.181,-1.555,4.052,0
-8.183,-1.692,3.98,0
-8.23,-1.844,3.849,0
-8.268,-1.975,3.838,0
-8.315,-2.05,3.845,0
-8.407,-2.155,3.814,0
-8.583,-2.371,3.658,0
-8.734,-2.638,3.633,0
-8.878,-2.912,3.682,0
-8.982,-3.205,3.824,0
-9.056,-3.499,3.98,0
-9.216,-3.77,4.06,0
-9.356,-3.888,4.069,0
-9.394,-3.776,4.051,0
-9.284,-3.491,4.059,0
-9.14,-3.183,4.113,0
-9.002,-2.904,4.235,0
-8.942,-2.577,4.365,0
-8.996,-2.187,4.467,0
-9.038,-1.838,4.566,0
-8.97,-1.572,4.626,0
-8.745,-1.409,4.62,0
-8.386,-1.341,4.603,0
-7.991,-1.343,4.569,0
-7.626,-1.461,4.539,0
-7.388,-1.649,4.569,0
-7.294,-1.878,4.594,0
-7.329,-2.1,4.614,0
-7.436,-2.282,4.525,0
-7.621,-2.37,4.341,0
-7.78,-2.492,4.222,0
-7.951,-2.633,4.096,0
-8.153,-2.682,4.015,0
-8.329,-2.708,3.961,0
-8.477,-2.746,3.911,0
-8.607,-2.805,3.889,0
-8.732,-2.884,3.914,0
-8.805,-2.972,3.977,0
-8.822,-3.035,4.034,0
-8.837,-3.053,4.056,0
-8.84,-3.03,4.052,0
-8.813,-3.033,4.027,0
-8.76,-3.053,3.994,0
-8.721,-3.108,3.944,0
-8.681,-3.192,3.91,0
-8.67,-3.247,3.878,0
-8.674,-3.298,3.849,0
-8.671,-3.307,3.822,0
-8.653,-3.3,3.842,0
-8.631,-3.211,3.831,0
-8.56,-3.087,3.814,0
-8.477,-2.988,3.896,0
-8.456,-2.901,3.986,0
-8.501,-2.726,3.954,0
-8.49,-2.5,3.909,0
-8.39,-2.334,3.935,0
-8.274,-2.237,3.926,0
-8.173,-2.198,3.897,0
-8.051,-2.211,3.827,0
-7.915,-2.249,3.788,0
-7.825,-2.356,3.748,0
-7.798,-2.474,3.703,0
-7.806,-2.611,3.689,0
-7.855,-2.749,3.649,0
-7.941,-2.86,3.633,0
-8.07,-2.961,3.581,0
-8.244,-3.039,3.51,0
-8.347,-3.06,3.451,0
-8.362,-3.056,3.387,0
-8.341,-3.058,3.39,0
-8.347,-3.116,3.412,0
-8.394,-3.154,3.385,0
-8.423,-3.147,3.34,0
-8.421,-3.118,3.358,0
-8.393,-3.08,3.387,0
-8.369,-3.033,3.398,0
-8.349,-2.966,3.397,0
-8.353,-2.864,3.388,0
-8.349,-2.781,3.379,0
-8.353,-2.675,3.351,0
-8.328,-2.597,3.319,0
-8.262,-2.526,3.324,0
-8.194,-2.571,3.592,0
-8.299,-2.49,3.459,0
-8.309,-2.373,3.355,0
-8.233,-2.368,3.42,0
-8.224,-2.494,3.649,0
-8.383,-2.575,3.834,0
-8.619,-2.586,3.894,0
-8.795,-2.476,3.83,0
-8.829,-2.374,3.85,0
-8.795,-2.327,3.757,0
-8.684,-2.336,3.676,0
-8.59,-2.431,3.62,0
-8.558,-2.6,3.615,0
-8.572,-2.745,3.697,0
-8.654,-2.84,3.722,0
-8.764,-2.849,3.683,0
-8.832,-2.814,3.679,0
-8.787,-2.779,3.72,0
-8.68,-2.747,3.762,0
-8.568,-2.709,3.871,0
-8.485,-2.669,3.968,0
-8.421,-2.621,4.053,0
-8.425,-2.536,4.125,0
-8.431,-2.415,4.166,0
-8.426,-2.307,4.152,0
-8.416,-2.201,4.168,0
-8.396,-2.071,4.143,0
-8.37,-1.979,4.148,0
-8.376,-1.864,4.089,0
-8.403,-1.751,3.99,0
-8.414,-1.652,3.928,0
-8.491,-1.581,3.868,0
-8.639,-1.538,3.829,0
-8.801,-1.542,3.802,0
-8.929,-1.556,3.809,0
-9.043,-1.635,3.87,0
-9.111,-1.731,3.843,0
-9.12,-1.796,3.782,0
-9.082,-1.864,3.782,0
-9.03,-1.898,3.764,0
-8.97,-1.914,3.784,0
-8.941,-1.954,3.8,0
-8.927,-1.947,3.812,0
-8.916,-1.95,3.809,0
-8.96,-1.932,3.791,0
-9.006,-1.89,3.8,0
-9.128,-1.807,3.895,0
-9.22,-1.7,3.929,0
-9.301,-1.593,3.888,0
-9.244,-1.472,3.829,0
-9.078,-1.343,3.838,0
-8.915,-1.233,3.844,0
-8.789,-1.178,3.842,0
-8.713,-1.136,3.824,0
-8.642,-1.086,3.806,0
-8.509,-1.061,3.817,0
-8.322,-1.042,3.812,0
-8.156,-1.011,3.817,0
-8.019,-0.97,3.817,0
-7.952,-0.936,3.83,0
-7.938,-0.913,3.728,0
-7.924,-0.887,3.694,0
-7.84,-0.847,3.749,0
-7.781,-0.848,3.751,0
-7.748,-0.833,3.763,0
-7.726,-0.792,3.708,0
-7.772,-0.763,3.836,0
-7.896,-0.754,3.873,0
-8.055,-0.86,3.818,0
-8.176,-0.995,3.765,0
-8.266,-1.169,3.652,0
-8.33,-1.37,3.621,0
-8.374,-1.599,3.601,0
-8.465,-1.781,3.506,0
-8.64,-1.992,3.491,0
-8.93,-2.299,3.482,0
-9.314,-2.705,3.469,0
-9.588,-3.076,3.461,0
-9.569,-3.353,3.407,0
-9.345,-3.581,3.418,0
-9.231,-3.803,3.45,0
-9.302,-4.041,3.651,0
-9.516,-4.325,4.006,0
-9.886,-4.63,4.26,0
-10.27,-4.892,4.497,0
-10.352,-4.935,4.583,0
-10.116,-4.707,4.588,0
-9.761,-4.323,4.632,0
-9.383,-3.971,4.835,0
-9.135,-3.53,4.936,0
-9.008,-3.002,5.134,0
-9.029,-2.381,5.129,0
-9.045,-1.679,4.945,0
-8.88,-1.153,4.75,0
-8.584,-0.818,4.426,0
-8.193,-0.728,4.073,0
-7.809,-0.848,3.769,0
-7.537,-1.187,3.609,0
-7.495,-1.728,3.525,0
-7.651,-2.24,3.522,0
-7.936,-2.703,3.534,0
-8.208,-3.056,3.575,0
-8.376,-3.296,3.627,0
-8.433,-3.475,3.675,0
-8.399,-3.541,3.729,0
-8.302,-3.518,3.779,0
-8.225,-3.44,3.833,0
-8.234,-3.306,3.884,0
-8.32,-3.103,3.969,0
-8.411,-2.835,3.925,0
-8.48,-2.578,3.938,0
-8.539,-2.388,3.924,0
-8.509,-2.307,3.949,0
-8.43,-2.343,3.976,0
-8.374,-2.451,3.994,0
-8.342,-2.584,3.909,0
-8.265,-2.752,3.877,0
-8.217,-2.969,3.818,0
-8.254,-3.179,3.722,0
-8.293,-3.358,3.636,0
-8.337,-3.452,3.501,0
-8.37,-3.551,3.444,0
-8.427,-3.601,3.404,0
-8.441,-3.585,3.363,0
-8.425,-3.507,3.297,0
-8.399,-3.392,3.25,0
-8.338,-3.229,3.196,0
-8.246,-3.055,3.155,0
-8.141,-2.908,3.145,0
-8.072,-2.826,3.105,0
-8.001,-2.801,3.102,0
-7.937,-2.81,3.15,0
-7.941,-2.806,3.139,0
-7.978,-2.792,3.136,0
-8.018,-2.816,3.163,0
-8.055,-2.869,3.141,0
-8.061,-2.957,3.1,0
-8.012,-3.0,3.051,0
-7.897,-3.038,3.033,0
-7.793,-3.053,2.998,0
-7.692,-3.037,2.946,0
-7.58,-2.975,2.899,0
-7.448,-2.899,2.933,0
-7.332,-2.941,3.235,0
-7.478,-2.863,3.242,0
-7.623,-2.707,3.154,0
-7.744,-2.611,3.154,0
-7.912,-2.688,3.599,0
-8.358,-2.787,4.146,0
-9.087,-2.566,4.076,0
-9.573,-2.076,3.633,0
-9.493,-1.864,3.796,0
-9.285,-1.881,3.886,0
-9.137,-2.119,4.008,0
-9.214,-2.514,4.18,0
-9.508,-2.887,4.369,0
-9.841,-3.05,4.416,0
-10.054,-3.054,4.371,0
-10.045,-3.009,4.297,0
-9.818,-2.979,4.362,0
-9.525,-2.925,4.362,0
-9.224,-2.752,4.314,0
-8.931,-2.433,4.214,0
-8.613,-2.015,4.069,0
-8.268,-1.594,3.883,0
-7.967,-1.241,3.677,0
-7.759,-0.986,3.586,0
-7.667,-0.843,3.55,0
-7.683,-0.819,3.624,0
-7.816,-0.953,3.667,0
-8.047,-1.193,3.699,0
-8.329,-1.485,3.729,0
-8.608,-1.773,3.77,0
-8.816,-2.03,3.816,0
-8.929,-2.273,3.9,0
-9.002,-2.419,3.903,0
-9.096,-2.508,3.93,0
-9.173,-2.55,3.927,0
-9.27,-2.474,3.928,0
-9.407,-2.297,4.081,0
-9.654,-2.102,4.225,0
-9.916,-1.97,4.166,0
-9.958,-1.818,4.02,0
-9.715,-1.638,3.924,0
-9.385,-1.487,3.884,0
-9.113,-1.371,3.825,0
-8.878,-1.338,3.743,0
-8.657,-1.346,3.7,0
-8.423,-1.394,3.711,0
-8.221,-1.442,3.702,0
-8.074,-1.451,3.684,0
-7.996,-1.441,3.65,0
-7.967,-1.413,3.636,0
-7.936,-1.349,3.614,0
-7.886,-1.283,3.602,0
-7.812,-1.233,3.579,0
-7.781,-1.163,3.557,0
-7.749,-1.064,3.532,0
-7.752,-0.984,3.566,0
-7.784,-0.896,3.59,0
-7.915,-0.815,3.611,0
-8.077,-0.752,3.638,0
-8.163,-0.726,3.654,0
-8.193,-0.763,3.613,0
-8.224,-0.839,3.6,0
-8.283,-0.968,3.503,0
-8.308,-1.197,3.496,0
-8.337,-1.404,3.521,0
-8.391,-1.63,3.494,0
-8.525,-1.902,3.614,0
-8.64,-2.136,3.74,0
-8.609,-2.352,3.828,0
-8.497,-2.48,3.782,0
-8.337,-2.492,3.647,0
-8.245,-2.466,3.563,0
-8.374,-2.38,3.493,0
-8.602,-2.379,3.566,0
-8.897,-2.568,3.828,0
-9.282,-3.178,4.179,0
-9.867,-4.052,4.296,0
-10.283,-4.901,4.538,0
-10.286,-5.514,4.625,0
-10.054,-5.806,4.613,0
-9.855,-5.8,4.738,0
-9.905,-5.397,4.687,0
-10.114,-4.721,4.717,0
-10.389,-4.019,4.822,0
-10.618,-3.308,4.848,0
-10.636,-2.75,4.841,0
-10.309,-2.317,4.741,0
-9.691,-1.936,4.446,0
-8.967,-1.646,4.17,0
-8.309,-1.541,3.983,0
-7.842,-1.633,3.842,0
-7.591,-1.769,3.749,0
-7.48,-1.924,3.731,0
-7.484,-2.149,3.797,0
-7.582,-2.459,3.834,0
-7.76,-2.785,3.836,0
-7.964,-3.117,3.952,0
-8.099,-3.277,4.029,0
-8.142,-3.257,4.074,0
-8.097,-3.096,4.042,0
-8.005,-2.871,3.999,0
-7.905,-2.628,3.992,0
-7.819,-2.431,4.014,0
-7.8,-2.325,4.06,0
-7.829,-2.244,4.026,0
-7.822,-2.148,3.939,0
-7.716,-2.106,3.928,0
-7.607,-2.151,3.915,0
-7.532,-2.253,3.826,0
-7.49,-2.409,3.716,0
-7.501,-2.613,3.608,0
-7.587,-2.823,3.5,0
-7.747,-3.122,3.457,0
-7.929,-3.438,3.399,0
-8.123,-3.711,3.316,0
-8.276,-3.949,3.296,0
-8.373,-4.141,3.28,0
-8.443,-4.209,3.188,0
-8.467,-4.15,3.179,0
-8.472,-4.02,3.117,0
-8.502,-3.835,3.072,0
-8.482,-3.633,3.034,0
-8.479,-3.458,2.988,0
-8.466,-3.265,2.977,0
-8.458,-3.057,2.934,0
-8.465,-2.909,2.927,0
-8.426,-2.818,2.976,0
-8.407,-2.733,3.021,0
-8.36,-2.657,3.049,0
-8.305,-2.592,3.076,0
-8.249,-2.553,3.037,0
-8.162,-2.552,3.05,0
-8.082,-2.58,3.001,0
-7.966,-2.623,2.944,0
-7.849,-2.645,2.879,0
-7.712,-2.739,2.971,0
-7.711,-2.798,2.994,0
-7.795,-2.792,2.962,0
-7.88,-2.825,3.048,0
-8.035,-2.853,3.066,0
-8.188,-2.91,3.315,0
-8.427,-3.078,4.02,0
-9.001,-3.127,4.495,0
-9.695,-2.731,4.16,0
-9.916,-2.297,3.991,0
-9.817,-2.185,4.128,0
-9.592,-2.132,3.988,0
-9.222,-2.3,4.19,0
-9.052,-2.567,4.507,0
-9.178,-2.787,4.716,0
-9.492,-2.76,4.614,0
-9.654,-2.516,4.445,0
-9.61,-2.177,4.331,0
-9.377,-1.907,4.347,0
-9.029,-1.672,4.297,0
-8.726,-1.33,4.066,0
-8.441,-0.95,3.855,0
-8.207,-0.618,3.665,0
-8.075,-0.405,3.541,0
-8.043,-0.313,3.547,0
-8.099,-0.36,3.619,0
-8.235,-0.542,3.69,0
-8.484,-0.794,3.706,0
-8.773,-1.105,3.708,0
-9.022,-1.511,3.73,0
-9.225,-1.921,3.833,0
-9.342,-2.326,3.935,0
-9.357,-2.68,3.971,0
-9.304,-2.969,3.98,0
-9.203,-3.099,4.014,0
-9.076,-3.108,4.147,0
-9.097,-3.062,4.321,0
-9.356,-2.948,4.285,0
-9.55,-2.737,4.113,0
-9.44,-2.449,4.045,0
-9.206,-2.09,4.048,0
-9.013,-1.802,3.997,0
-8.85,-1.578,3.919,0
-8.701,-1.441,3.851,0
-8.563,-1.339,3.809,0
-8.451,-1.264,3.748,0
-8.376,-1.205,3.716,0
-8.282,-1.178,3.713,0
-8.19,-1.138,3.684,0
-8.098,-1.095,3.649,0
-8.011,-1.018,3.595,0
-7.903,-0.972,3.541,0
-7.781,-0.907,3.552,0
-7.656,-0.841,3.608,0
-7.551,-0.753,3.547,0
-7.513,-0.683,3.568,0
-7.47,-0.585,3.559,0
-7.412,-0.541,3.606,0
-7.395,-0.497,3.662,0
-7.413,-0.476,3.617,0
-7.445,-0.476,3.565,0
-7.453,-0.55,3.63,0
-7.522,-0.756,3.703,0
-7.659,-1.073,3.812,0
-7.858,-1.406,3.698,0
-8.037,-1.647,3.471,0
-8.076,-1.736,3.302,0
-8.111,-1.81,3.282,0
-8.125,-1.906,3.323,0
-8.129,-2.074,3.495,0
-8.28,-2.211,3.585,0
-8.725,-2.319,3.633,0
-9.389,-2.587,3.661,0
-9.853,-3.144,3.813,0
-10.005,-3.879,4.067,0
-10.076,-4.265,4.429,0
-10.147,-4.61,4.904,0
-10.265,-5.027,4.872,0
-10.225,-5.346,4.788,0
-10.078,-5.396,4.681,0
-10.04,-5.209,4.394,0
-10.079,-4.905,4.199,0
-10.017,-4.551,4.065,0
-9.888,-4.328,3.984,0
-9.846,-4.145,3.879,0
-9.753,-3.906,3.863,0
-9.604,-3.615,3.843,0
-9.381,-3.3,3.782,0
-9.154,-3.009,3.815,0
-8.975,-2.76,3.805,0
-8.82,-2.594,3.907,0
-8.661,-2.504,4.081,0
-8.522,-2.485,4.261,0
-8.391,-2.527,4.385,0
-8.256,-2.572,4.454,0
-8.152,-2.511,4.46,0
-8.057,-2.425,4.459,0
-7.986,-2.316,4.398,0
-7.96,-2.26,4.369,0
-8.02,-2.281,4.387,0
-8.14,-2.277,4.313,0
-8.222,-2.258,4.285,0
-8.26,-2.257,4.268,0
-8.307,-2.272,4.195,0
-8.314,-2.236,4.114,0
-8.235,-2.224,3.992,0
-8.1,-2.246,3.926,0
-7.995,-2.32,3.834,0
-7.885,-2.428,3.786,0
-7.797,-2.57,3.73,0
-7.779,-2.738,3.709,0
-7.83,-2.898,3.669,0
-7.906,-3.063,3.636,0
-7.955,-3.231,3.622,0
-8.011,-3.367,3.593,0
-8.046,-3.438,3.564,0
-8.052,-3.458,3.537,0
-8.041,-3.456,3.505,0
-8.019,-3.427,3.492,0
-7.973,-3.311,3.415,0
-7.914,-3.174,3.35,0
-7.871,-3.081,3.315,0
-7.834,-3.021,3.299,0
-7.8,-2.96,3.267,0
-7.795,-2.891,3.216,0
-7.78,-2.83,3.198,0
-7.824,-2.771,3.154,0
-7.935,-2.74,3.15,0
-8.062,-2.734,3.089,0
-8.163,-2.752,3.055,0
-8.217,-2.762,2.997,0
-8.18,-2.801,3.01,0
-8.104,-2.881,3.04,0
-8.043,-2.923,3.037,0
-7.987,-2.895,2.985,0
-7.91,-2.822,2.931,0
-7.837,-2.782,2.897,0
-7.763,-2.808,2.933,0
-7.735,-2.867,3.071,0
-7.76,-2.851,3.073,0
-7.785,-2.849,3.272,0
-7.948,-2.767,3.315,0
-8.111,-2.648,3.33,0
-8.234,-2.556,3.362,0
-8.42,-2.661,3.875,0
-8.955,-2.928,4.61,0
-9.892,-2.694,4.276,0
-10.397,-2.27,3.982,0
-10.443,-2.215,4.111,0
-10.286,-2.278,4.023,0
-9.948,-2.554,4.167,0
-9.737,-2.942,4.412,0
-9.71,-3.244,4.615,0
-9.769,-3.211,4.558,0
-9.717,-2.965,4.407,0
-9.432,-2.588,4.266,0
-9.012,-2.198,4.175,0
-8.545,-1.783,4.093,0
-8.155,-1.342,3.948,0
-7.889,-0.925,3.789,0
-7.736,-0.615,3.793,0
-7.684,-0.376,3.802,0
-7.697,-0.261,3.883,0
-7.793,-0.284,3.897,0
-7.947,-0.483,3.957,0
-8.167,-0.73,3.995,0
-8.419,-1.07,4.036,0
-8.657,-1.446,4.115,0
-8.888,-1.837,4.2,0
-9.123,-2.286,4.3,0
-9.306,-2.645,4.282,0
-9.404,-2.852,4.31,0
-9.449,-2.917,4.421,0
-9.559,-2.879,4.417,0
-9.701,-2.769,4.366,0
-9.619,-2.557,4.321,0
-9.347,-2.238,4.264,0
-9.131,-1.908,4.205,0
-9.02,-1.638,4.107,0
-8.904,-1.448,4.06,0
-8.782,-1.3,4.021,0
-8.646,-1.189,3.985,0
-8.52,-1.095,3.959,0
-8.367,-1.066,3.957,0
-8.189,-1.064,3.952,0
-8.008,-1.069,3.919,0
-7.855,-1.086,3.88,0
-7.72,-1.052,3.76,0
-7.599,-1.018,3.69,0
-7.467,-0.919,3.68,0
-7.359,-0.79,3.664,0
-7.232,-0.655,3.768,0
-7.113,-0.522,3.842,0
-7.026,-0.431,3.834,0
-7.006,-0.441,3.833,0
-7.046,-0.542,3.923,0
-7.175,-0.747,4.143,0
-7.355,-1.051,4.189,0
-7.511,-1.422,3.998,0
-7.613,-1.697,3.647,0
-7.661,-1.896,3.483,0
-7.731,-2.017,3.359,0
-7.837,-2.151,3.37,0
-8.064,-2.391,3.508,0
-8.518,-2.704,3.53,0
-9.14,-3.043,3.465,0
-9.713,-3.425,3.375,0
-10.038,-3.799,3.432,0
-10.201,-4.197,3.713,0
-10.383,-4.584,4.179,0
-10.414,-4.981,4.6,0
-10.314,-5.361,4.796,0
-10.037,-5.449,4.728,0
-9.616,-5.249,4.861,0
-9.38,-4.803,4.937,0
-9.352,-4.331,4.885,0
-9.313,-3.835,4.798,0
-9.26,-3.287,4.66,0
-9.205,-2.85,4.463,0
-9.04,-2.533,4.214,0
-8.803,-2.367,4.015,0
-8.572,-2.288,3.846,0
-8.42,-2.385,3.744,0
-8.349,-2.564,3.805,0
-8.395,-2.692,3.879,0
-8.531,-2.782,3.999,0
-8.679,-2.799,4.155,0
-8.774,-2.771,4.253,0
-8.788,-2.791,4.336,0
-8.68,-2.812,4.394,0
-8.459,-2.767,4.324,0
-8.189,-2.706,4.324,0
-7.994,-2.687,4.353,0
-7.924,-2.697,4.286,0
-7.967,-2.722,4.243,0
-8.047,-2.731,4.173,0
-8.176,-2.707,4.161,0
-8.301,-2.65,4.173,0
-8.447,-2.559,4.15,0
-8.54,-2.468,4.094,0
-8.629,-2.45,4.128,0
-8.677,-2.527,4.117,0
-8.625,-2.66,4.072,0
-8.49,-2.823,4.053,0
-8.312,-2.988,3.979,0
-8.182,-3.131,3.907,0
-8.082,-3.199,3.817,0
-7.992,-3.233,3.789,0
-7.973,-3.269,3.735,0
-7.983,-3.302,3.629,0
-8.012,-3.333,3.55,0
-8.05,-3.387,3.507,0
-8.087,-3.428,3.476,0
-8.079,-3.46,3.413,0
-8.074,-3.434,3.363,0
-8.086,-3.402,3.36,0
-8.095,-3.325,3.322,0
-8.102,-3.215,3.256,0
-8.08,-3.111,3.22,0
-8.061,-3.039,3.212,0
-8.113,-3.041,3.187,0
-8.154,-3.057,3.193,0
-8.207,-3.073,3.196,0
-8.261,-3.075,3.191,0
-8.324,-3.105,3.203,0
-8.37,-3.158,3.225,0
-8.397,-3.178,3.205,0
-8.38,-3.156,3.132,0
-8.335,-3.115,3.081,0
-8.295,-3.081,3.046,0
-8.25,-3.043,3.013,0
-8.172,-3.035,3.024,0
-8.08,-3.026,3.003,0
-8.007,-3.004,3.02,0
-7.973,-2.958,3.024,0
-7.904,-2.883,3.003,0
-7.811,-2.772,2.969,0
-7.711,-2.7,2.948,0
-7.632,-2.676,2.991,0
-7.583,-2.665,2.994,0
-7.495,-2.64,2.989,0
-7.45,-2.613,2.962,0
-7.418,-2.69,3.181,0
-7.566,-2.733,3.251,0
-7.83,-2.711,3.281,0
-8.126,-2.711,3.565,0
-8.58,-2.805,4.228,0
-9.323,-2.765,4.68,0
-10.134,-2.184,4.337,0
-10.453,-1.448,3.769,0
-10.208,-1.096,3.575,0
-9.791,-1.276,3.565,0
-9.435,-1.653,3.466,0
-9.166,-2.128,3.48,0
-9.108,-2.603,3.566,0
-9.308,-2.973,3.553,0
-9.676,-3.237,3.54,0
-10.056,-3.426,3.692,0
-10.376,-3.398,3.724,0
-10.509,-3.297,3.742,0
-10.465,-3.192,3.918,0
-10.37,-2.983,3.96,0
-10.202,-2.734,4.016,0
-9.95,-2.484,4.011,0
-9.64,-2.276,4.026,0
-9.283,-2.112,4.027,0
-8.933,-1.999,4.011,0
-8.583,-1.903,3.952,0
-8.253,-1.821,3.922,0
-7.944,-1.717,3.842,0
-7.673,-1.592,3.769,0
-7.428,-1.423,3.713,0
-7.251,-1.275,3.658,0
-7.159,-1.151,3.638,0
-7.129,-1.048,3.638,0
-7.177,-0.988,3.617,0
-7.328,-0.951,3.626,0
-7.453,-0.946,3.681,0
-7.598,-0.944,3.737,0
-7.765,-0.919,3.782,0
-7.918,-0.932,3.785,0
-8.086,-1.003,3.78,0
-8.289,-1.08,3.736,0
-8.485,-1.158,3.731,0
-8.679,-1.286,3.777,0
-8.894,-1.381,3.795,0
-9.069,-1.45,3.813,0
-9.237,-1.483,3.784,0
-9.352,-1.461,3.73,0
-9.418,-1.46,3.732,0
-9.505,-1.479,3.748,0
-9.607,-1.491,3.701,0
-9.669,-1.523,3.64,0
-9.655,-1.564,3.64,0
-9.567,-1.586,3.624,0
-9.481,-1.635,3.712,0
-9.429,-1.723,3.78,0
-9.392,-1.82,3.737,0
-9.332,-1.859,3.692,0
-9.16,-1.811,3.683,0
-8.997,-1.728,3.63,0
-8.831,-1.609,3.628,0
-8.644,-1.489,3.578,0
-8.495,-1.394,3.632,0
-8.377,-1.293,3.632,0
-8.329,-1.161,3.614,0
-8.299,-1.07,3.706,0
-8.311,-1.049,3.781,0
-8.397,-1.032,3.819,0
-8.59,-1.078,3.91,0
-8.764,-1.175,4.016,0
-8.882,-1.289,4.073,0
-8.971,-1.483,4.062,0
-9.03,-1.711,4.024,0
-9.021,-1.89,4.033,0
-8.944,-2.025,4.017,0
-8.915,-2.186,3.94,0
-8.927,-2.3,3.755,0
-8.785,-2.331,3.623,0
-8.594,-2.327,3.475,0
-8.421,-2.308,3.464,0
-8.264,-2.289,3.547,0
-8.176,-2.299,3.653,0
-8.28,-2.406,3.768,0
-8.522,-2.611,3.864,0
-8.825,-2.814,3.86,0
-9.011,-3.032,3.941,0
-9.084,-3.28,4.088,0
-9.106,-3.563,4.184,0
-9.088,-3.757,4.27,0
-9.002,-3.763,4.287,0
-8.829,-3.579,4.256,0
-8.848,-3.264,4.203,0
-8.946,-2.901,4.217,0
-9.029,-2.402,4.18,0
-9.104,-1.886,4.211,0
-9.075,-1.347,4.152,0
-8.9,-0.899,4.101,0
-8.605,-0.556,4.106,0
-8.272,-0.416,4.128,0
-7.975,-0.397,4.123,0
-7.863,-0.454,4.076,0
-7.763,-0.56,4.077,0
-7.722,-0.672,4.012,0
-7.736,-0.796,3.994,0
-7.724,-0.96,3.99,0
-7.687,-1.17,4.031,0
-7.704,-1.368,4.054,0
-7.793,-1.564,4.056,0
-7.937,-1.733,4.079,0
-8.139,-1.826,4.108,0
-8.369,-1.843,4.127,0
-8.595,-1.762,4.107,0
-8.726,-1.643,4.111,0
-8.809,-1.514,4.12,0
-8.845,-1.41,4.09,0
-8.835,-1.359,4.131,0
-8.826,-1.343,4.165,0
-8.845,-1.392,4.169,0
-8.902,-1.485,4.199,0
-8.943,-1.592,4.213,0
-8.894,-1.685,4.226,0
-8.857,-1.756,4.249,0
-8.781,-1.818,4.301,0
-8.69,-1.816,4.389,0
-8.601,-1.785,4.464,0
-8.514,-1.741,4.531,0
-8.465,-1.711,4.581,0
-8.393,-1.694,4.637,0
-8.371,-1.688,4.615,0
-8.343,-1.671,4.585,0
-8.252,-1.706,4.589,0
-8.174,-1.75,4.547,0
-8.148,-1.787,4.357,0
-8.023,-1.797,4.253,0
-7.846,-1.824,4.271,0
-7.84,-1.905,4.244,0
-7.978,-2.043,4.246,0
-8.142,-2.177,4.294,0
-8.3,-2.346,4.414,0
-8.467,-2.578,4.555,0
-8.68,-2.811,4.589,0
-8.795,-2.99,4.584,0
-8.816,-3.07,4.618,0
-8.764,-3.037,4.675,0
-8.683,-2.931,4.731,0
-8.656,-2.778,4.783,0
-8.657,-2.599,4.853,0
-8.679,-2.422,4.848,0
-8.732,-2.226,4.812,0
-8.746,-2.068,4.762,0
-8.726,-1.943,4.708,0
-8.641,-1.881,4.68,0
-8.514,-1.855,4.669,0
-8.372,-1.885,4.667,0
-8.246,-1.924,4.655,0
-8.141,-1.984,4.685,0
-8.064,-2.057,4.669,0
-8.022,-2.116,4.642,0
-7.996,-2.17,4.66,0
-7.934,-2.207,4.685,0
-7.869,-2.229,4.737,0
-7.835,-2.261,4.791,0
-7.806,-2.278,4.842,0
-7.773,-2.291,4.836,0
-7.784,-2.298,4.798,0
-7.819,-2.284,4.779,0
-7.875,-2.287,4.766,0
-7.976,-2.274,4.757,0
-8.078,-2.227,4.737,0
-8.169,-2.165,4.724,0
-8.231,-2.097,4.732,0
-8.273,-2.045,4.755,0
-8.275,-2.013,4.791,0
-8.249,-2.014,4.831,0
-8.217,-2.017,4.87,0
-8.161,-2.038,4.924,0
-8.131,-2.07,4.967,0
-8.109,-2.133,5.001,0
-8.055,-2.22,5.039,0
-8.01,-2.283,5.024,0
-7.971,-2.343,5.032,0
-7.961,-2.417,5.08,0
-7.917,-2.466,5.076,0
-7.871,-2.492,5.078,0
-7.849,-2.506,5.062,0
-7.836,-2.495,5.078,0
-7.825,-2.417,5.087,0
-7.795,-2.347,5.107,0
-7.765,-2.258,5.148,0
-7.733,-2.144,5.19,0
-7.735,-2.025,5.188,0
-7.763,-1.927,5.163,0
-7.802,-1.859,5.138,0
-7.851,-1.834,5.111,0
-7.898,-1.851,5.086,0
-7.956,-1.866,5.062,0
-7.976,-1.904,5.046,0
-7.974,-1.957,5.022,0
-7.93,-2.07,4.997,0
-7.835,-2.232,4.992,0
-7.737,-2.361,4.959,0
-7.67,-2.502,4.927,0
-7.65,-2.66,4.994,0
-7.68,-2.77,5.094,0
-7.749,-2.796,5.089,0
-7.864,-2.782,5.176,0
-7.972,-2.679,5.252,0
-8.059,-2.512,5.322,0
-8.127,-2.308,5.374,0
-8.18,-2.11,5.387,0
-8.235,-1.893,5.392,0
-8.281,-1.73,5.398,0
-8.274,-1.605,5.369,0
-8.175,-1.532,5.376,0
-8.034,-1.505,5.384,0
-7.854,-1.472,5.346,0
-7.692,-1.45,5.33,0
-7.606,-1.449,5.298,0
-7.566,-1.47,5.246,0
-7.581,-1.515,5.181,0
-7.638,-1.59,5.115,0
-7.705,-1.698,5.073,0
-7.751,-1.819,5.014,0
-7.776,-1.949,4.956,0
-7.781,-2.071,4.944,0
-7.786,-2.194,4.931,0
-7.823,-2.304,4.931,0
-7.87,-2.384,4.922,0
-7.908,-2.39,4.9,0
-7.936,-2.385,4.888,0
-7.995,-2.375,4.861,0
-8.033,-2.35,4.818,0
-8.053,-2.374,4.8,0
-8.062,-2.429,4.805,0
-8.043,-2.462,4.821,0
-7.998,-2.474,4.857,0
-7.95,-2.47,4.886,0
-7.921,-2.416,4.839,0
-7.961,-2.348,4.735,0
-8.05,-2.304,4.703,0
-8.185,-2.284,4.638,0
-8.284,-2.305,4.624,0
-8.375,-2.375,4.611,0
-8.421,-2.486,4.623,0
-8.433,-2.604,4.654,0
-8.461,-2.662,4.665,0
-8.446,-2.624,4.688,0
-8.4,-2.526,4.774,0
-8.406,-2.418,4.785,0
-8.431,-2.33,4.787,0
-8.42,-2.283,4.825,0
-8.396,-2.225,4.794,0
-8.325,-2.211,4.804,0
-8.221,-2.213,4.856,0
-8.086,-2.185,4.913,0
-7.997,-2.13,4.949,0
-7.932,-2.095,5.01,0
-7.926,-2.019,4.994,0
-7.934,-1.942,4.956,0
-7.952,-1.915,4.924,0
-7.978,-1.913,4.84,0
-8.036,-1.961,4.822,0
-8.058,-2.013,4.822,0
-8.048,-1.985,4.82,0
-8.05,-1.925,4.861,0
-8.053,-1.853,4.897,0
-8.076,-1.776,4.92,0
-8.09,-1.736,4.948,0
-8.098,-1.719,4.958,0
-8.103,-1.731,4.978,0
-8.055,-1.731,4.992,0
-7.998,-1.753,5.01,0
-7.968,-1.778,5.003,0
-7.982,-1.812,4.962,0
-7.981,-1.863,4.987,0
-7.949,-1.895,5.003,0
-7.963,-1.957,4.976,0
-8.027,-2.0,4.951,0
-8.046,-1.976,4.942,0
-8.022,-1.959,4.981,0
-8.044,-1.949,4.967,0
-8.055,-1.942,4.976,0
-8.069,-1.945,4.967,0
-8.115,-1.938,4.947,0
-8.168,-1.97,4.933,0
-8.226,-2.011,4.918,0
-8.317,-1.994,4.829,0
-8.416,-1.974,4.782,0
-8.466,-1.949,4.751,0
-8.474,-1.932,4.703,0
-8.462,-1.945,4.728,0
-8.412,-1.954,4.753,0
-8.344,-1.962,4.785,0
-8.301,-1.954,4.796,0
-8.257,-1.948,4.832,0
-8.182,-1.943,4.879,0
-8.103,-1.937,4.915,0
-8.04,-1.906,4.915,0
-8.009,-1.907,4.963,0
-7.959,-1.908,5.017,0
-7.98,-1.892,5.005,0
-8.036,-1.873,4.942,0
-8.039,-1.848,4.996,0
-8.045,-1.79,4.949,0
-8.089,-1.747,4.967,0
-8.155,-1.703,4.967,0
-8.189,-1.657,4.987,0
-8.196,-1.657,5.032,0
-8.167,-1.653,5.066,0
-8.158,-1.67,5.081,0
-8.149,-1.721,5.087,0
-8.133,-1.773,5.059,0
-8.132,-1.854,5.021,0
-8.154,-1.907,4.99,0
-8.146,-1.961,4.987,0
-8.118,-1.973,4.976,0
-8.08,-1.978,4.94,0
-8.079,-1.943,4.946,0
-8.097,-1.908,4.951,0
-8.092,-1.839,4.985,0
-8.084,-1.738,5.034,0
-8.064,-1.579,5.057,0
-8.075,-1.463,5.07,0
-8.107,-1.411,5.032,0
-8.153,-1.23,5.163,0
-8.122,-1.301,5.018,0
-8.11,-1.409,4.996,0
-8.181,-1.475,5.064,0
-8.169,-1.568,5.079,0
-8.19,-1.605,5.127,0
-8.164,-1.817,4.967,0
-8.217,-1.731,5.206,0
-8.191,-1.968,4.91,0
-8.224,-1.795,5.161,0
-8.14,-1.88,4.978,0
-8.139,-1.802,5.003,0
-8.102,-1.961,4.904,0
-8.139,-1.824,5.037,0
-8.078,-1.663,5.114,0
-7.992,-1.707,4.949,0
-8.029,-1.66,5.014,0
-8.048,-1.576,5.057,0
-8.006,-1.653,4.919,0
-8.056,-1.668,5.028,0
-8.068,-1.74,4.971,0
-8.094,-1.829,4.924,0
-8.167,-1.898,4.911,0
-8.21,-1.959,4.858,0
-8.254,-1.993,4.827,0
-8.24,-1.994,4.899,0
-8.236,-1.978,4.834,0
-8.222,-1.96,4.845,0
-8.224,-1.911,4.861,0
-8.205,-1.789,4.938,0
-8.197,-1.722,4.931,0
-8.153,-1.692,5.007,0
-8.133,-1.654,5.028,0
-8.142,-1.62,5.055,0
-8.122,-1.593,5.071,0
-8.101,-1.549,5.061,0
-8.056,-1.561,5.059,0
-8.016,-1.601,5.037,0
-8.047,-1.671,4.996,0
-8.099,-1.636,5.005,0
-8.049,-1.709,4.998,0
-8.109,-1.827,4.863,0
-8.127,-1.877,4.974,0
-8.188,-1.889,4.929,0
-8.115,-1.93,4.913,0
-8.181,-1.981,4.854,0
-8.201,-1.887,4.962,0
-8.15,-1.94,4.803,0
-8.26,-1.86,4.875,0
-8.212,-1.861,4.866,0
-8.205,-1.832,4.874,0
-8.164,-1.811,4.951,0
-8.158,-1.77,4.947,0
-8.147,-1.755,5.008,0
-8.189,-1.716,5.048,0
-8.19,-1.646,5.043,0
-8.128,-1.665,5.064,0
-8.094,-1.679,5.091,0
-8.096,-1.681,5.111,0
-8.111,-1.732,5.053,0
-8.078,-1.768,5.057,0
-8.049,-1.799,4.985,0
-8.04,-1.828,5.01,0
-8.053,-1.826,5.001,0
-8.032,-1.837,4.967,0
-8.04,-1.781,5.046,0
-8.034,-1.77,5.021,0
-8.016,-1.738,5.031,0
-8.028,-1.746,5.021,0
-8.025,-1.786,5.025,0
-8.045,-1.824,5.034,0
-8.072,-1.842,5.021,0
-8.09,-1.839,5.032,0
-8.136,-1.883,4.956,0
-8.168,-1.867,5.044,0
-8.178,-1.898,4.983,0
-8.194,-1.92,4.983,0
-8.175,-1.931,5.06,0
-8.178,-1.984,4.987,0
-8.194,-1.972,5.012,0
-8.173,-1.975,4.974,0
-8.114,-1.996,4.978,0
-8.106,-2.047,4.909,0
-8.115,-2.031,4.938,0
-8.12,-2.043,4.852,0
-8.093,-2.023,4.904,0
-8.047,-1.974,4.931,0
-8.038,-1.979,4.904,0
-8.113,-1.913,4.965,0
-8.094,-1.889,4.944,0
-8.053,-1.83,4.902,0
-8.029,-1.813,4.888,0
-8.053,-1.81,4.841,0
-8.057,-1.866,4.841,0
-8.098,-1.895,4.829,0
-8.165,-1.891,4.836,0
-8.233,-1.938,4.795,0
-8.323,-2.021,4.778,0
-8.395,-2.047,4.87,0
-8.443,-2.103,4.78,0
-8.495,-2.143,4.787,0
-8.502,-2.145,4.841,0
-8.408,-2.077,4.843,0
-8.344,-2.109,4.784,0
-8.276,-1.984,4.884,0
-8.182,-1.972,4.84,0
-8.135,-1.905,4.922,0
-8.073,-1.845,4.94,0
-7.991,-1.775,4.971,0
-7.918,-1.723,4.973,0
-7.894,-1.639,4.96,0
-7.854,-1.611,4.951,0
-7.879,-1.586,4.98,0
-7.873,-1.692,4.973,0
-7.989,-1.714,4.967,0
-8.047,-1.826,4.994,0
-8.082,-1.85,5.003,0
-8.131,-1.956,5.023,0
-8.201,-1.81,5.071,0
-8.22,-1.893,4.962,0
-8.367,-1.913,5.008,0
-8.396,-1.977,5.035,0
-8.463,-2.046,5.067,0
-8.459,-2.139,5.107,0
-8.403,-2.238,5.062,0
-8.313,-2.235,5.171,0
-8.172,-2.319,5.082,0
-8.144,-2.138,5.227,0
-8.035,-2.26,4.979,0
-8.112,-2.131,5.184,0
-8.01,-2.041,5.245,0
-7.958,-1.848,5.218,0
-7.879,-1.687,5.283,0
-7.936,-1.572,5.195,0
-7.947,-1.448,5.305,0
-8.011,-1.415,5.197,0
-8.108,-1.369,5.145,0
-8.129,-1.378,5.165,0
-8.121,-1.456,5.188,0
-8.142,-1.501,5.226,0
-8.075,-1.565,5.256,0
-8.149,-1.734,5.091,0
-8.086,-1.406,5.475,0
-7.997,-1.562,5.134,0
-7.976,-1.507,5.318,0
-7.832,-1.548,5.222,0
-7.798,-1.525,5.391,0
-7.72,-1.56,5.461,0
-7.734,-1.651,5.213,0
-7.56,-1.594,5.413,0
-7.474,-1.611,5.357,0
-7.44,-1.55,5.375,0
-7.552,-1.45,5.273,0
-7.73,-1.375,5.248,0
-7.736,-1.261,5.255,0
-7.689,-1.232,5.237,0
-7.738,-1.303,5.124,0
-7.792,-1.444,5.086,0
-7.849,-1.618,5.055,0
-7.916,-1.68,5.1,0
-7.91,-1.765,5.078,0
-7.916,-1.812,5.05,0
-8.017,-1.855,5.005,0
-8.081,-1.913,4.965,0
-8.073,-1.98,4.963,0
-8.074,-2.077,4.933,0
-8.085,-2.082,4.958,0
-8.118,-2.022,4.922,0
-8.162,-1.9,4.917,0
-8.187,-1.77,4.992,0
-8.256,-1.694,4.91,0
-8.287,-1.625,4.926,0
-8.309,-1.518,4.969,0
-8.314,-1.596,4.89,0
-8.308,-1.689,4.899,0
-8.32,-1.806,4.89,0
-8.345,-1.936,4.89,0
-8.361,-2.032,4.913,0
-8.351,-2.127,4.875,0
-8.339,-2.185,4.872,0
-8.29,-2.226,4.882,0
-8.233,-2.247,4.843,0
-8.183,-2.286,4.834,0
-8.14,-2.312,4.841,0
-8.114,-2.299,4.827,0
-8.116,-2.277,4.827,0
-8.165,-2.244,4.78,0
-8.219,-2.171,4.8,0
-8.272,-2.081,4.759,0
-8.315,-1.972,4.764,0
-8.301,-1.848,4.834,0
-8.273,-1.755,4.811,0
-8.245,-1.676,4.822,0
-8.228,-1.597,4.85,0
-8.233,-1.553,4.872,0
-8.254,-1.56,4.869,0
-8.281,-1.598,4.876,0
-8.296,-1.624,4.881,0
-8.304,-1.644,4.87,0
-8.316,-1.655,4.836,0
-8.34,-1.652,4.797,0
-8.335,-1.673,4.77,0
-8.341,-1.722,4.775,0
-8.298,-1.761,4.831,0
-8.228,-1.773,4.843,0
-8.18,-1.783,4.843,0
-8.188,-1.765,4.82,0
-8.172,-1.727,4.793,0
-8.166,-1.682,4.822,0
-8.162,-1.655,4.849,0
-8.157,-1.644,4.863,0
-8.144,-1.637,4.865,0
-8.162,-1.637,4.863,0
-8.194,-1.646,4.852,0
-8.223,-1.682,4.84,0
-8.25,-1.734,4.78,0
-8.272,-1.818,4.764,0
-8.289,-1.887,4.764,0
-8.294,-1.961,4.744,0
-8.301,-1.999,4.732,0
-8.293,-2.046,4.748,0
-8.283,-2.069,4.766,0
-8.272,-2.064,4.794,0
-8.236,-2.036,4.837,0
-8.222,-1.978,4.866,0
-8.2,-1.918,4.875,0
-8.172,-1.862,4.856,0
-8.162,-1.808,4.87,0
-8.155,-1.783,4.901,0
-8.149,-1.773,4.897,0
-8.14,-1.732,4.901,0
-8.146,-1.701,4.897,0
-8.134,-1.717,4.915,0
-8.141,-1.728,4.915,0
-8.16,-1.77,4.888,0
-8.171,-1.808,4.904,0
-8.184,-1.817,4.906,0
-8.187,-1.815,4.886,0
-8.193,-1.792,4.868,0
-8.203,-1.762,4.87,0
-8.192,-1.749,4.865,0
-8.182,-1.771,4.838,0
-8.157,-1.796,4.798,0
-8.13,-1.826,4.807,0
-8.104,-1.856,4.827,0
-8.101,-1.89,4.811,0
-8.093,-1.911,4.815,0
-8.086,-1.913,4.786,0
-8.09,-1.922,4.795,0
-8.058,-1.929,4.811,0
-8.047,-1.929,4.802,0
-8.04,-1.916,4.827,0
-8.036,-1.88,4.807,0
-8.05,-1.871,4.786,0
-8.07,-1.888,4.791,0
-8.087,-1.926,4.782,0
-8.143,-1.97,4.755,0
-8.201,-2.03,4.762,0
-8.263,-2.08,4.737,0
-8.31,-2.114,4.732,0
-8.389,-2.133,4.714,0
-8.412,-2.13,4.699,0
-8.436,-2.113,4.694,0
-8.437,-2.078,4.692,0
-8.411,-2.052,4.691,0
-8.388,-2.015,4.69,0
-8.366,-2.012,4.685,0
-8.357,-1.985,4.685,0
-8.351,-1.994,4.667,0
-8.344,-1.994,4.653,0
-8.309,-1.994,4.649,0
-8.286,-1.957,4.628,0
-8.275,-1.909,4.599,0
-8.262,-1.899,4.592,0
-8.262,-1.924,4.576,0
-8.263,-1.959,4.597,0
-8.258,-1.979,4.601,0
-8.251,-1.995,4.574,0
-8.253,-2.02,4.567,0
-8.262,-2.051,4.574,0
-8.263,-2.058,4.577,0
-8.263,-2.076,4.585,0
-8.239,-2.047,4.572,0
-8.226,-2.013,4.579,0
-8.21,-1.985,4.608,0
-8.204,-1.942,4.622,0
-8.201,-1.913,4.619,0
-8.208,-1.872,4.635,0
-8.228,-1.856,4.595,0
-8.253,-1.883,4.597,0
-8.268,-1.898,4.567,0
-8.286,-1.938,4.567,0
-8.285,-1.969,4.566,0
-8.289,-1.988,4.559,0
-8.29,-1.968,4.527,0
-8.29,-1.948,4.529,0
-8.295,-1.941,4.508,0
-8.294,-1.936,4.538,0
-8.286,-1.909,4.552,0
-8.275,-1.911,4.556,0
-8.293,-1.904,4.545,0
-8.3,-1.921,4.533,0
-8.305,-1.94,4.545,0
-8.316,-1.982,4.523,0
-8.307,-2.001,4.511,0
-8.311,-2.028,4.509,0
-8.34,-2.04,4.48,0
-8.362,-2.083,4.459,0
-8.401,-2.134,4.451,0
-8.433,-2.165,4.462,0
-8.47,-2.191,4.471,0
-8.48,-2.205,4.487,0
-8.473,-2.18,4.505,0
-8.442,-2.147,4.491,0
-8.411,-2.116,4.486,0
-8.377,-2.087,4.5,0
-8.364,-2.069,4.471,0
-8.361,-2.068,4.427,0
-8.36,-2.065,4.405,0
-8.368,-2.085,4.399,0
-8.385,-2.092,4.387,0
-8.392,-2.101,4.398,0
-8.403,-2.112,4.385,0
-8.386,-2.118,4.385,0
-8.369,-2.111,4.42,0
-8.362,-2.083,4.45,0
-8.358,-2.049,4.466,0
-8.341,-2.012,4.484,0
-8.312,-1.986,4.504,0
-8.305,-1.967,4.491,0
-8.297,-1.94,4.475,0
-8.293,-1.923,4.47,0
-8.293,-1.929,4.452,0
-8.293,-1.952,4.425,0
-8.296,-1.958,4.364,0
-8.321,-1.998,4.357,0
-8.345,-2.027,4.378,0
-8.368,-2.02,4.387,0
-8.4,-1.986,4.414,0
-8.415,-1.944,4.443,0
-8.439,-1.909,4.455,0
-8.451,-1.9,4.461,0
-8.453,-1.886,4.457,0
-8.46,-1.895,4.455,0
-8.462,-1.902,4.461,0
-8.476,-1.886,4.463,0
-8.482,-1.885,4.455,0
-8.485,-1.894,4.448,0
-8.487,-1.874,4.434,0
-8.467,-1.87,4.414,0
-8.458,-1.857,4.432,0
-8.436,-1.837,4.439,0
-8.427,-1.827,4.435,0
-8.441,-1.807,4.418,0
-8.461,-1.775,4.41,0
-8.433,-1.734,4.387,0
-8.355,-1.665,4.391,0
-8.261,-1.639,4.407,0
-8.202,-1.641,4.416,0
-8.157,-1.691,4.409,0
-8.148,-1.81,4.416,0
-8.216,-1.946,4.411,0
-8.282,-2.044,4.403,0
-8.328,-2.102,4.358,0
-8.383,-2.09,4.391,0
-8.438,-2.053,4.364,0
-8.464,-2.011,4.358,0
-8.485,-2.02,4.353,0
-8.462,-2.023,4.353,0
-8.417,-2.019,4.38,0
-8.384,-1.959,4.396,0
-8.358,-1.878,4.433,0
-8.347,-1.793,4.475,0
-8.363,-1.712,4.504,0
-8.387,-1.665,4.508,0
-8.417,-1.628,4.52,0
-8.451,-1.612,4.506,0
-8.431,-1.635,4.484,0
-8.396,-1.687,4.466,0
-8.372,-1.761,4.443,0
-8.364,-1.861,4.4,0
-8.356,-1.951,4.371,0
-8.386,-2.033,4.342,0
-8.427,-2.091,4.274,0
-8.435,-2.178,4.27,0
-8.454,-2.236,4.274,0
-8.46,-2.281,4.288,0
-8.457,-2.317,4.29,0
-8.461,-2.344,4.302,0
-8.465,-2.343,4.315,0
-8.46,-2.336,4.306,0
-8.477,-2.327,4.319,0
-8.505,-2.303,4.288,0
-8.525,-2.302,4.275,0
-8.519,-2.29,4.299,0
-8.501,-2.276,4.326,0
-8.502,-2.265,4.351,0
-8.519,-2.247,4.335,0
-8.533,-2.226,4.327,0
-8.516,-2.197,4.369,0
-8.505,-2.169,4.369,0
-8.502,-2.081,4.321,0
-8.513,-1.986,4.324,0
-8.473,-1.939,4.292,0
-8.423,-1.92,4.24,0
-8.347,-1.928,4.179,0
-8.247,-1.95,4.181,0
-8.19,-2.0,4.208,0
-8.151,-2.021,4.224,0
-8.154,-2.015,4.258,0
-8.163,-2.001,4.276,0
-8.179,-1.982,4.283,0
-8.204,-1.968,4.33,0
-8.224,-1.991,4.339,0
-8.278,-2.004,4.326,0
-8.331,-2.027,4.346,0
-8.385,-2.042,4.306,0
-8.446,-2.06,4.274,0
-8.474,-2.067,4.275,0
-8.517,-2.111,4.227,0
-8.52,-2.17,4.207,0
-8.507,-2.204,4.222,0
-8.474,-2.208,4.246,0
-8.42,-2.189,4.27,0
-8.408,-2.147,4.265,0
-8.393,-2.132,4.294,0
-8.386,-2.1,4.279,0
-8.373,-2.083,4.251,0
-8.324,-2.077,4.245,0
-8.28,-2.125,4.238,0
-8.261,-2.179,4.224,0
-8.234,-2.212,4.206,0
-8.226,-2.249,4.22,0
-8.248,-2.283,4.249,0
-8.305,-2.273,4.197,0
-8.358,-2.213,4.195,0
-8.365,-2.159,4.197,0
-8.387,-2.121,4.179,0
-8.394,-2.06,4.211,0
-8.425,-2.004,4.22,0
-8.473,-1.931,4.233,0
-8.5,-1.878,4.288,0
-8.511,-1.802,4.29,0
-8.544,-1.725,4.317,0
-8.538,-1.667,4.346,0
-8.556,-1.637,4.344,0
-8.574,-1.632,4.306,0
-8.568,-1.625,4.303,0
-8.545,-1.628,4.308,0
-8.536,-1.635,4.303,0
-8.538,-1.635,4.314,0
-8.563,-1.639,4.321,0
-8.578,-1.652,4.258,0
-8.596,-1.681,4.213,0
-8.575,-1.733,4.209,0
-8.583,-1.776,4.161,0
-8.601,-1.807,4.15,0
-8.614,-1.842,4.159,0
-8.621,-1.847,4.168,0
-8.619,-1.841,4.156,0
-8.623,-1.849,4.159,0
-8.618,-1.872,4.204,0
-8.631,-1.878,4.197,0
-8.631,-1.862,4.197,0
-8.602,-1.827,4.166,0
-8.585,-1.807,4.138,0
-8.587,-1.818,4.154,0
-8.603,-1.85,4.159,0
-8.64,-1.871,4.141,0
-8.642,-1.923,4.136,0
-8.621,-1.936,4.087,0
-8.615,-1.951,4.091,0
-8.589,-1.978,4.102,0
-8.611,-2.007,4.078,0
-8.645,-1.975,4.109,0
-8.674,-1.907,4.116,0
-8.717,-1.836,4.136,0
-8.709,-1.732,4.122,0
-8.682,-1.663,4.087,0
-8.653,-1.626,4.064,0
-8.592,-1.64,4.041,0
-8.544,-1.684,4.019,0
-8.494,-1.711,4.037,0
-8.475,-1.732,3.99,0
-8.523,-1.729,3.931,0
-8.559,-1.742,3.93,0
-8.578,-1.795,3.935,0
-8.568,-1.847,3.987,0
-8.582,-1.881,3.974,0
-8.592,-1.915,4.01,0
-8.579,-1.931,4.039,0
-8.588,-1.947,4.068,0
-8.613,-1.942,4.095,0
-8.643,-1.952,4.087,0
-8.66,-1.953,4.116,0
-8.665,-1.93,4.127,0
-8.658,-1.912,4.105,0
-8.655,-1.9,4.071,0
-8.713,-1.891,3.983,0
-8.77,-1.936,3.94,0
-8.744,-1.991,3.94,0
-8.685,-2.048,3.917,0
-8.617,-2.042,3.963,0
-8.561,-2.025,3.951,0
-8.524,-1.995,3.958,0
-8.483,-1.966,3.98,0
-8.425,-1.97,4.025,0
-8.366,-1.981,4.028,0
-8.351,-1.962,4.016,0
-8.362,-1.973,4.012,0
-8.391,-2.002,3.969,0
-8.367,-2.054,3.978,0
-8.377,-2.114,3.906,0
-8.381,-2.163,3.938,0
-8.378,-2.213,3.926,0
-8.386,-2.228,3.931,0
-8.396,-2.215,3.947,0
-8.434,-2.191,3.922,0
-8.475,-2.193,3.924,0
-8.518,-2.177,3.92,0
-8.57,-2.158,3.904,0
-8.619,-2.15,3.873,0
-8.667,-2.17,3.861,0
-8.664,-2.197,3.868,0
-8.671,-2.208,3.854,0
-8.725,-2.218,3.861,0
-8.754,-2.227,3.814,0
-8.792,-2.242,3.816,0
-8.751,-2.256,3.866,0
-8.679,-2.255,3.884,0
-8.643,-2.226,3.938,0
-8.598,-2.169,3.971,0
-8.56,-2.093,4.005,0
-8.523,-2.019,4.008,0
-8.49,-1.971,4.001,0
-8.453,-1.933,3.967,0
-8.442,-1.913,3.899,0
-8.455,-1.935,3.817,0
-8.461,-1.966,3.748,0
-8.417,-2.007,3.682,0
-8.405,-2.053,3.61,0
-8.37,-2.127,3.61,0
-8.312,-2.198,3.565,0
-8.282,-2.257,3.57,0
-8.282,-2.32,3.614,0
-8.294,-2.358,3.658,0
-8.384,-2.374,3.732,0
-8.501,-2.324,3.764,0
-8.578,-2.268,3.791,0
-8.626,-2.216,3.832,0
-8.69,-2.181,3.906,0
-8.776,-2.177,3.983,0
-8.862,-2.144,3.988,0
-8.946,-2.064,3.9,0
-8.984,-1.985,3.845,0
-8.943,-1.947,3.786,0
-8.803,-1.967,3.8,0
-8.708,-2.007,3.773,0
-8.669,-2.053,3.791,0
-8.655,-2.083,3.84,0
-8.731,-2.092,3.784,0
-8.806,-2.1,3.777,0
-8.835,-2.104,3.793,0
-8.853,-2.09,3.764,0
-8.897,-2.051,3.755,0
-8.905,-1.993,3.8,0
-8.91,-1.955,3.797,0
-8.91,-1.905,3.836,0
-8.872,-1.865,3.841,0
-8.846,-1.839,3.849,0
-8.806,-1.839,3.854,0
-8.736,-1.845,3.82,0
-8.737,-1.885,3.816,0
-8.73,-1.926,3.829,0
-8.687,-1.954,3.795,0
-8.598,-1.953,3.802,0
-8.522,-1.959,3.818,0
-8.447,-1.964,3.831,0
-8.352,-1.963,3.897,0
-8.285,-1.949,3.935,0
-8.249,-1.934,3.964,0
-8.214,-1.91,3.982,0
-8.232,-1.878,3.987,0
-8.307,-1.848,3.978,0
-8.411,-1.828,3.967,0
-8.501,-1.829,3.973,0
-8.567,-1.827,3.96,0
-8.656,-1.848,3.924,0
-8.709,-1.892,3.886,0
-8.771,-1.97,3.85,0
-8.797,-2.055,3.848,0
-8.825,-2.162,3.837,0
-8.869,-2.25,3.834,0
-8.868,-2.326,3.852,0
-8.864,-2.378,3.909,0
-8.85,-2.387,3.95,0
-8.77,-2.37,4.013,0
-8.661,-2.363,4.083,0
-8.579,-2.288,4.134,0
-8.526,-2.203,4.153,0
-8.567,-2.141,4.05,0
-8.662,-2.186,3.99,0
-8.646,-2.359,4.013,0
-8.495,-2.483,4.008,0
-8.298,-2.528,4.065,0
-8.131,-2.486,4.144,0
-8.119,-2.442,4.161,0
-8.206,-2.359,4.121,0
-8.318,-2.274,4.103,0
-8.455,-2.182,4.032,0
-8.591,-2.156,4.005,0
-8.681,-2.158,3.96,0
-8.726,-2.178,3.981,0
-8.695,-2.136,4.057,0
-8.633,-2.074,4.037,0
-8.626,-2.029,4.04,0
-8.639,-1.939,3.994,0
-8.608,-1.878,3.951,0
-8.594,-1.779,3.879,0
-8.654,-1.7,3.836,0
-8.787,-1.594,3.836,0
-8.866,-1.559,3.845,0
-8.881,-1.491,3.825,0
-8.927,-1.41,3.838,0
-8.988,-1.393,3.79,0
-8.947,-1.452,3.852,0
-8.879,-1.483,3.885,0
-8.867,-1.525,3.901,0
-8.871,-1.545,3.843,0
-8.805,-1.578,3.868,0
-8.677,-1.583,3.915,0
-8.49,-1.579,3.937,0
-8.293,-1.578,3.975,0
-8.148,-1.616,3.955,0
-8.113,-1.677,3.96,0
-8.136,-1.711,3.896,0
-8.12,-1.695,3.865,0
-8.114,-1.666,3.914,0
-8.167,-1.625,3.966,0
-8.215,-1.556,3.973,0
-8.158,-1.47,3.851,0
-8.118,-1.385,4.177,0
-8.258,-1.305,4.53,0
-8.443,-1.255,4.668,0
-8.502,-1.245,4.829,0
-8.485,-1.207,4.75,0
-8.454,-1.261,4.763,0
-8.448,-1.391,4.927,0
-8.592,-1.579,4.863,0
-8.691,-1.849,4.762,0
-8.777,-2.07,4.733,0
-8.84,-2.228,4.607,0
-8.887,-2.412,4.485,0
-8.985,-2.595,4.316,0
-9.118,-2.875,4.224,0
-9.218,-3.272,4.314,0
-9.322,-3.652,4.315,0
-9.37,-3.906,4.238,0
-9.219,-4.0,4.092,0
-8.912,-3.906,3.992,0
-8.655,-3.68,3.834,0
-8.516,-3.395,3.835,0
-8.495,-3.072,3.909,0
-8.491,-2.708,3.97,0
-8.458,-2.414,4.055,0
-8.432,-2.176,4.082,0
-8.361,-1.965,4.123,0
-8.262,-1.839,4.138,0
-8.143,-1.771,4.147,0
-8.004,-1.788,4.136,0
-7.89,-1.859,4.149,0
-7.803,-1.964,4.176,0
-7.717,-2.091,4.186,0
-7.66,-2.222,4.213,0
-7.611,-2.342,4.222,0
-7.589,-2.43,4.202,0
-7.608,-2.483,4.153,0
-7.674,-2.523,4.152,0
-7.719,-2.5,4.134,0
-7.778,-2.463,4.096,0
-7.848,-2.446,4.047,0
-7.959,-2.44,4.005,0
-8.087,-2.449,4.017,0
-8.227,-2.451,3.968,0
-8.412,-2.466,3.895,0
-8.524,-2.505,3.83,0
-8.633,-2.613,3.778,0
-8.763,-2.741,3.79,0
-8.852,-2.873,3.882,0
-8.913,-2.981,3.912,0
-8.95,-3.035,3.982,0
-8.978,-3.012,4.041,0
-9.043,-2.885,4.063,0
-9.1,-2.734,4.108,0
-9.165,-2.575,4.14,0
-9.186,-2.472,4.18,0
-9.139,-2.421,4.205,0
-9.07,-2.437,4.221,0
-8.986,-2.458,4.211,0
-8.892,-2.477,4.205,0
-8.788,-2.501,4.126,0
-8.706,-2.562,4.081,0
-8.607,-2.585,4.053,0
-8.5,-2.6,4.022,0
-8.379,-2.565,3.961,0
-8.275,-2.492,3.851,0
-8.185,-2.436,3.759,0
-8.14,-2.423,3.703,0
-8.096,-2.432,3.649,0
-8.028,-2.467,3.606,0
-7.985,-2.497,3.52,0
-7.972,-2.585,3.513,0
-8.009,-2.668,3.457,0
-8.115,-2.801,3.398,0
-8.224,-2.937,3.36,0
-8.298,-3.022,3.327,0
-8.362,-3.049,3.295,0
-8.443,-3.066,3.263,0
-8.543,-3.083,3.232,0
-8.616,-3.069,3.2,0
-8.677,-3.021,3.151,0
-8.735,-2.955,3.15,0
-8.781,-2.907,3.175,0
-8.842,-2.872,3.171,0
-8.893,-2.847,3.173,0
-8.905,-2.806,3.218,0
-8.889,-2.775,3.248,0
-8.905,-2.736,3.266,0
-8.891,-2.651,3.245,0
-8.829,-2.583,3.247,0
-8.776,-2.525,3.276,0
-8.709,-2.477,3.274,0
-8.649,-2.448,3.281,0
-8.601,-2.456,3.299,0
-8.565,-2.499,3.301,0
-8.573,-2.567,3.281,0
-8.577,-2.631,3.234,0
-8.547,-2.724,3.179,0
-8.525,-2.803,3.146,0
-8.522,-2.882,3.046,0
-8.551,-2.922,2.958,0
-8.52,-2.981,2.897,0
-8.499,-3.046,2.841,0
-8.451,-3.072,2.764,0
-8.402,-3.091,2.714,0
-8.354,-3.061,2.658,0
-8.253,-3.054,2.601,0
-8.164,-3.006,2.558,0
-8.1,-3.005,2.692,0
-8.078,-3.008,2.951,0
-8.167,-2.91,3.146,0
-8.327,-2.68,3.163,0
-8.456,-2.481,3.441,0
-8.62,-2.546,4.123,0
-9.13,-2.153,3.909,0
-9.346,-1.601,3.721,0
-9.226,-1.221,3.628,0
-9.003,-1.103,3.589,0
-8.812,-1.317,3.641,0
-8.729,-1.669,3.775,0
-8.743,-2.053,3.927,0
-8.879,-2.317,4.006,0
-8.991,-2.419,3.994,0
-9.041,-2.458,3.97,0
-8.998,-2.502,3.974,0
-8.895,-2.58,4.058,0
-8.792,-2.679,4.2,0
-8.782,-2.73,4.219,0
-8.839,-2.695,4.223,0
-8.866,-2.592,4.203,0
-8.818,-2.444,4.214,0
-8.775,-2.346,4.238,0
-8.761,-2.236,4.236,0
-8.761,-2.06,4.213,0
-8.689,-1.846,4.156,0
-8.534,-1.64,4.122,0
-8.375,-1.406,3.977,0
-8.297,-1.198,3.817,0
-8.242,-1.088,3.704,0
-8.228,-1.077,3.677,0
-8.259,-1.157,3.697,0
-8.408,-1.308,3.655,0
-8.556,-1.508,3.614,0
-8.703,-1.708,3.578,0
-8.825,-1.877,3.556,0
-8.888,-2.015,3.597,0
-8.943,-2.152,3.603,0
-8.983,-2.249,3.638,0
-9.006,-2.277,3.647,0
-8.988,-2.229,3.663,0
-8.99,-2.171,3.744,0
-9.063,-2.107,3.793,0
-9.177,-1.991,3.782,0
-9.197,-1.839,3.755,0
-9.187,-1.642,3.73,0
-9.139,-1.461,3.643,0
-9.001,-1.317,3.625,0
-8.841,-1.2,3.627,0
-8.655,-1.115,3.645,0
-8.486,-1.093,3.589,0
-8.371,-1.054,3.482,0
-8.273,-1.054,3.484,0
-8.201,-1.108,3.415,0
-8.201,-1.184,3.387,0
-8.194,-1.262,3.39,0
-8.156,-1.326,3.39,0
-8.135,-1.328,3.422,0
-8.116,-1.321,3.481,0
-8.105,-1.268,3.568,0
-8.094,-1.224,3.783,0
-8.135,-1.203,3.932,0
-8.242,-1.296,4.165,0
-8.367,-1.46,4.414,0
-8.578,-1.745,4.335,0
-8.641,-2.119,4.191,0
-8.496,-2.415,3.968,0
-8.307,-2.522,3.791,0
-8.207,-2.575,3.845,0
-8.321,-2.616,3.907,0
-8.554,-2.734,4.106,0
-8.842,-2.772,3.914,0
-9.153,-2.769,3.688,0
-9.369,-2.826,3.526,0
-9.51,-2.992,3.415,0
-9.641,-3.276,3.461,0
-9.782,-3.624,3.63,0
-9.832,-3.944,3.801,0
-9.703,-4.156,3.844,0
-9.415,-4.172,3.863,0
-9.062,-3.975,3.949,0
-8.819,-3.608,4.064,0
-8.72,-3.229,4.196,0
-8.77,-2.751,4.284,0
-8.833,-2.112,4.328,0
-8.783,-1.536,4.363,0
-8.591,-1.07,4.37,0
-8.391,-0.821,4.381,0
-8.228,-0.761,4.372,0
-8.098,-0.871,4.356,0
-8.056,-1.074,4.363,0
-8.14,-1.291,4.379,0
-8.306,-1.479,4.362,0
-8.473,-1.629,4.367,0
-8.62,-1.746,4.35,0
-8.695,-1.851,4.371,0
-8.71,-1.884,4.371,0
-8.661,-1.874,4.367,0
-8.609,-1.879,4.362,0
-8.519,-1.885,4.326,0
-8.443,-1.951,4.22,0
-8.371,-2.081,4.098,0
-8.273,-2.25,3.944,0
-8.157,-2.502,3.8,0
-8.084,-2.748,3.69,0
-8.04,-2.971,3.595,0
-8.066,-3.177,3.53,0
-8.187,-3.378,3.507,0
-8.408,-3.563,3.433,0
-8.623,-3.742,3.438,0
-8.813,-3.828,3.431,0
-8.91,-3.84,3.427,0
-8.944,-3.799,3.441,0
-8.914,-3.707,3.454,0
-8.87,-3.558,3.476,0
-8.82,-3.406,3.483,0
-8.756,-3.227,3.46,0
-8.675,-3.044,3.478,0
-8.596,-2.908,3.503,0
-8.514,-2.788,3.482,0
-8.42,-2.693,3.448,0
-8.317,-2.62,3.412,0
-8.216,-2.597,3.396,0
-8.136,-2.605,3.389,0
-8.069,-2.633,3.416,0
-8.043,-2.665,3.396,0
-8.031,-2.688,3.38,0
-8.037,-2.723,3.371,0
-8.048,-2.743,3.371,0
-8.053,-2.75,3.364,0
-8.089,-2.741,3.358,0
-8.148,-2.698,3.324,0
-8.201,-2.639,3.268,0
-8.27,-2.594,3.211,0
-8.335,-2.606,3.218,0
-8.441,-2.641,3.242,0
-8.56,-2.677,3.231,0
-8.685,-2.729,3.227,0
-8.797,-2.781,3.227,0
-8.876,-2.856,3.18,0
-8.924,-2.974,3.155,0
-8.891,-3.058,3.11,0
-8.798,-3.145,3.069,0
-8.676,-3.225,3.049,0
-8.555,-3.315,3.103,0
-8.515,-3.348,3.087,0
-8.499,-3.296,3.094,0
-8.472,-3.166,3.123,0
-8.442,-2.978,3.112,0
-8.424,-2.782,3.087,0
-8.395,-2.632,3.08,0
-8.382,-2.509,3.055,0
-8.347,-2.412,2.971,0
-8.31,-2.343,2.899,0
-8.244,-2.333,2.888,0
-8.224,-2.432,2.978,0
-8.348,-2.606,3.22,0
-8.61,-2.764,3.792,0
-9.132,-2.695,4.068,0
-9.619,-2.316,3.914,0
-9.739,-1.986,3.977,0
-9.69,-1.829,4.042,0
-9.507,-1.853,4.119,0
-9.292,-2.034,4.187,0
-9.14,-2.243,4.241,0
-9.027,-2.403,4.309,0
-8.945,-2.46,4.354,0
-8.914,-2.409,4.29,0
-8.822,-2.316,4.209,0
-8.651,-2.222,4.17,0
-8.426,-2.053,4.118,0
-8.223,-1.833,3.98,0
-7.993,-1.56,3.894,0
-7.809,-1.251,3.715,0
-7.612,-1.011,3.683,0
-7.522,-0.834,3.64,0
-7.508,-0.747,3.656,0
-7.648,-0.756,3.73,0
-7.899,-0.851,3.837,0
-8.187,-1.028,3.9,0
-8.504,-1.267,3.973,0
-8.851,-1.53,4.012,0
-9.11,-1.82,4.02,0
-9.299,-2.11,4.056,0
-9.445,-2.324,4.103,0
-9.519,-2.48,4.108,0
-9.541,-2.607,4.059,0
-9.525,-2.65,4.099,0
-9.554,-2.641,4.126,0
-9.693,-2.605,4.172,0
-9.793,-2.534,4.145,0
-9.822,-2.416,4.079,0
-9.626,-2.278,4.026,0
-9.346,-2.111,3.923,0
-9.051,-1.972,3.854,0
-8.8,-1.893,3.804,0
-8.591,-1.836,3.766,0
-8.435,-1.769,3.675,0
-8.285,-1.695,3.655,0
-8.135,-1.584,3.65,0
-8.002,-1.468,3.636,0
-7.912,-1.357,3.634,0
-7.848,-1.252,3.629,0
-7.79,-1.14,3.557,0
-7.709,-1.036,3.507,0
-7.59,-0.988,3.541,0
-7.507,-0.963,3.57,0
-7.462,-0.954,3.6,0
-7.446,-1.007,3.583,0
-7.445,-1.07,3.701,0
-7.502,-1.131,3.728,0
-7.613,-1.24,3.636,0
-7.751,-1.386,3.577,0
-7.892,-1.598,3.577,0
-8.018,-1.834,3.677,0
-8.094,-2.055,3.804,0
-8.194,-2.245,3.954,0
-8.412,-2.448,3.954,0
-8.7,-2.659,3.925,0
-8.967,-2.855,3.846,0
-9.178,-3.017,3.793,0
-9.2,-3.112,3.641,0
-9.171,-3.214,3.754,0
-9.269,-3.412,4.005,0
-9.58,-3.742,4.121,0
-9.949,-4.174,4.262,0
-10.149,-4.507,4.438,0
-10.069,-4.706,4.493,0
-9.809,-4.92,4.47,0
-9.545,-5.07,4.492,0
-9.458,-4.882,4.513,0
-9.435,-4.348,4.582,0
-9.41,-3.653,4.73,0
-9.391,-2.892,4.754,0
-9.288,-2.264,4.706,0
-9.042,-1.893,4.518,0
-8.71,-1.673,4.224,0
-8.392,-1.664,4.036,0
-8.109,-1.792,3.881,0
-7.891,-1.96,3.765,0
-7.745,-2.142,3.664,0
-7.73,-2.335,3.662,0
-7.829,-2.543,3.739,0
-7.996,-2.693,3.807,0
-8.143,-2.817,3.902,0
-8.253,-2.946,3.974,0
-8.34,-3.014,4.009,0
-8.286,-3.001,4.022,0
-8.161,-2.932,4.092,0
-8.018,-2.862,4.094,0
-7.909,-2.751,4.13,0
-7.912,-2.607,4.116,0
-8.002,-2.489,4.075,0
-8.159,-2.37,3.987,0
-8.289,-2.293,3.913,0
-8.394,-2.343,3.827,0
-8.484,-2.535,3.859,0
-8.554,-2.75,3.841,0
-8.594,-2.94,3.828,0
-8.599,-3.086,3.857,0
-8.612,-3.209,3.876,0
-8.589,-3.237,3.785,0
-8.531,-3.197,3.668,0
-8.466,-3.149,3.604,0
-8.458,-3.131,3.546,0
-8.437,-3.152,3.521,0
-8.37,-3.166,3.509,0
-8.313,-3.165,3.5,0
-8.227,-3.161,3.528,0
-8.176,-3.111,3.504,0
-8.141,-3.035,3.482,0
-8.102,-2.906,3.419,0
-8.095,-2.808,3.36,0
-8.074,-2.732,3.328,0
-8.038,-2.699,3.296,0
-8.052,-2.712,3.274,0
-8.092,-2.757,3.267,0
-8.125,-2.774,3.265,0
-8.14,-2.792,3.242,0
-8.165,-2.798,3.258,0
-8.215,-2.797,3.24,0
-8.267,-2.767,3.215,0
-8.256,-2.747,3.184,0
-8.227,-2.752,3.138,0
-8.208,-2.77,3.13,0
-8.196,-2.795,3.069,0
-8.205,-2.844,3.014,0
-8.207,-2.894,2.962,0
-8.221,-2.922,2.904,0
-8.24,-2.909,2.822,0
-8.239,-2.929,2.863,0
-8.291,-2.955,2.931,0
-8.368,-2.907,2.96,0
-8.415,-2.802,2.922,0
-8.412,-2.681,2.911,0
-8.393,-2.614,3.023,0
-8.453,-2.518,2.947,0
-8.454,-2.442,2.915,0
-8.41,-2.418,2.915,0
-8.411,-2.462,2.904,0
-8.44,-2.514,2.845,0
-8.459,-2.586,2.834,0
-8.514,-2.675,2.847,0
-8.639,-2.775,2.987,0
-8.862,-2.89,3.196,0
-9.172,-3.045,3.962,0
-9.789,-3.106,4.671,0
-10.541,-2.736,4.757,0
-10.93,-1.857,4.377,0
-10.655,-1.069,4.031,0
-10.004,-0.827,3.928,0
-9.411,-1.076,4.023,0
-9.107,-1.61,4.055,0
-9.08,-2.17,4.055,0
-9.22,-2.547,4.115,0
-9.468,-2.728,4.156,0
-9.766,-2.728,4.258,0
-9.916,-2.523,4.28,0
-9.828,-2.217,4.295,0
-9.551,-1.909,4.32,0
-9.251,-1.607,4.329,0
-8.971,-1.284,4.355,0
-8.688,-0.943,4.304,0
-8.362,-0.564,4.114,0
-7.946,-0.242,3.976,0
-7.568,-0.027,3.885,0
-7.28,0.068,3.829,0
-7.13,0.051,3.794,0
-7.114,-0.034,3.797,0
-7.182,-0.184,3.858,0
-7.314,-0.341,3.928,0
-7.524,-0.523,3.985,0
-7.774,-0.78,4.089,0
-8.065,-1.083,4.108,0
-8.341,-1.425,4.142,0
-8.583,-1.787,4.154,0
-8.792,-2.089,4.1,0
-8.889,-2.286,4.019,0
-8.949,-2.407,3.932,0
-9.034,-2.438,3.866,0
-9.146,-2.405,3.844,0
-9.262,-2.342,3.871,0
-9.416,-2.302,3.918,0
-9.561,-2.256,3.862,0
-9.606,-2.246,3.839,0
-9.559,-2.238,3.794,0
-9.437,-2.211,3.771,0
-9.246,-2.182,3.713,0
-8.987,-2.132,3.697,0
-8.771,-2.118,3.692,0
-8.595,-2.123,3.719,0
-8.505,-2.111,3.703,0
-8.427,-2.086,3.676,0
-8.356,-2.047,3.641,0
-8.309,-1.996,3.608,0
-8.22,-1.923,3.61,0
-8.156,-1.85,3.607,0
-8.136,-1.769,3.598,0
-8.149,-1.71,3.571,0
-8.142,-1.687,3.574,0
-8.113,-1.693,3.584,0
-8.116,-1.73,3.58,0
-8.155,-1.772,3.609,0
-8.242,-1.819,3.641,0
-8.309,-1.863,3.671,0
-8.356,-1.896,3.705,0
-8.458,-1.906,3.738,0
-8.513,-1.911,3.705,0
-8.513,-1.972,3.745,0
-8.467,-2.043,3.768,0
-8.436,-2.12,3.818,0
-8.491,-2.225,3.867,0
-8.596,-2.346,3.904,0
-8.711,-2.488,3.938,0
-8.705,-2.571,3.88,0
-8.618,-2.532,3.751,0
-8.526,-2.419,3.696,0
-8.516,-2.339,3.748,0
-8.692,-2.273,3.723,0
-8.851,-2.268,3.606,0
-8.861,-2.317,3.459,0
-8.846,-2.412,3.531,0
-8.894,-2.517,3.764,0
-8.965,-2.716,3.945,0
-9.002,-3.014,4.021,0
-9.025,-3.345,4.016,0
-8.981,-3.703,4.048,0
-8.834,-4.004,4.125,0
-8.655,-4.158,4.199,0
-8.551,-4.072,4.184,0
-8.541,-3.861,4.201,0
-8.618,-3.513,4.179,0
-8.768,-3.063,4.183,0
-8.959,-2.637,4.135,0
-9.136,-2.331,4.139,0
-9.254,-2.163,4.254,0
-9.348,-2.085,4.284,0
-9.372,-2.057,4.284,0
-9.352,-2.035,4.293,0
-9.265,-2.073,4.358,0
-9.198,-2.153,4.394,0
-9.129,-2.221,4.399,0
-9.027,-2.27,4.428,0
-8.899,-2.234,4.453,0
-8.729,-2.147,4.392,0
-8.579,-2.034,4.324,0
-8.431,-1.879,4.193,0
-8.294,-1.77,4.117,0
-8.187,-1.737,4.077,0
-8.112,-1.749,3.971,0
-8.005,-1.873,3.948,0
-7.919,-2.045,3.935,0
-7.832,-2.197,3.847,0
-7.742,-2.338,3.815,0
-7.66,-2.507,3.8,0
-7.627,-2.767,3.752,0
-7.673,-3.06,3.695,0
-7.716,-3.361,3.633,0
-7.829,-3.64,3.557,0
-8.024,-3.862,3.532,0
-8.226,-3.993,3.445,0
-8.417,-4.046,3.391,0
-8.574,-4.079,3.362,0
-8.681,-4.064,3.292,0
-8.697,-3.984,3.276,0
-8.684,-3.861,3.312,0
-8.657,-3.7,3.303,0
-8.629,-3.528,3.289,0
-8.58,-3.367,3.291,0
-8.512,-3.183,3.266,0
-8.417,-3.07,3.275,0
-8.358,-2.983,3.263,0
-8.347,-2.909,3.241,0
-8.351,-2.846,3.207,0
-8.345,-2.783,3.186,0
-8.348,-2.741,3.195,0
-8.347,-2.705,3.206,0
-8.365,-2.661,3.241,0
-8.345,-2.628,3.281,0
-8.302,-2.564,3.254,0
-8.264,-2.524,3.195,0
-8.212,-2.531,3.154,0
-8.17,-2.568,3.159,0
-8.175,-2.609,3.147,0
-8.18,-2.647,3.159,0
-8.251,-2.666,3.163,0
-8.34,-2.677,3.157,0
-8.444,-2.703,3.125,0
-8.561,-2.728,3.103,0
-8.663,-2.767,3.069,0
-8.71,-2.822,3.053,0
-8.729,-2.883,3.051,0
-8.728,-2.928,3.028,0
-8.696,-2.953,2.958,0
-8.649,-2.983,2.904,0
-8.624,-2.999,2.861,0
-8.605,-3.017,2.832,0
-8.589,-3.01,2.8,0
-8.554,-2.973,2.766,0
-8.492,-2.913,2.775,0
-8.39,-2.85,2.825,0
-8.294,-2.768,2.888,0
-8.205,-2.657,2.872,0
-8.124,-2.526,2.822,0
-8.022,-2.417,2.878,0
-7.962,-2.285,2.888,0
-7.967,-2.185,2.919,0
-7.95,-2.111,2.968,0
-8.034,-2.197,3.215,0
-8.239,-2.241,3.237,0
-8.455,-2.296,3.348,0
-8.737,-2.381,3.751,0
-9.181,-2.427,4.07,0
-9.68,-2.225,3.957,0
-9.872,-1.862,3.719,0
-9.74,-1.761,3.755,0
-9.597,-1.833,3.739,0
-9.444,-1.936,3.617,0
-9.309,-2.159,3.672,0
-9.372,-2.441,3.704,0
-9.586,-2.64,3.713,0
-9.834,-2.764,3.752,0
-10.053,-2.786,3.752,0
-10.131,-2.77,3.784,0
-10.06,-2.747,3.845,0
-9.875,-2.764,3.978,0
-9.655,-2.715,4.082,0
-9.42,-2.573,4.117,0
-9.179,-2.351,4.087,0
-8.885,-2.053,3.999,0
-8.544,-1.729,3.921,0
-8.21,-1.458,3.835,0
-7.952,-1.26,3.787,0
-7.765,-1.108,3.748,0
-7.664,-1.026,3.735,0
-7.602,-0.977,3.746,0
-7.604,-0.964,3.758,0
-7.655,-1.022,3.803,0
-7.718,-1.16,3.859,0
-7.821,-1.331,3.887,0
-7.974,-1.509,3.955,0
-8.127,-1.65,3.962,0
-8.279,-1.787,4.009,0
-8.424,-1.902,4.057,0
-8.601,-1.962,3.999,0
-8.798,-2.006,4.001,0
-8.958,-2.032,3.965,0
-9.102,-2.069,3.92,0
-9.199,-2.053,3.942,0
-9.218,-2.001,3.902,0
-9.219,-2.035,3.879,0
-9.201,-2.064,3.879,0
-9.113,-2.045,3.832,0
-8.976,-2.066,3.854,0
-8.858,-2.086,3.863,0
-8.756,-2.121,3.854,0
-8.733,-2.096,3.807,0
-8.705,-2.068,3.816,0
-8.694,-2.021,3.759,0
-8.645,-1.99,3.775,0
-8.596,-1.955,3.761,0
-8.525,-1.916,3.757,0
-8.432,-1.871,3.755,0
-8.303,-1.778,3.741,0
-8.188,-1.653,3.761,0
-8.06,-1.53,3.783,0
-7.954,-1.41,3.803,0
-7.842,-1.318,3.814,0
-7.782,-1.264,3.81,0
-7.751,-1.245,3.869,0
-7.796,-1.249,3.904,0
-7.824,-1.289,3.853,0
-7.81,-1.35,3.76,0
-7.762,-1.405,3.674,0
-7.7,-1.45,3.744,0
-7.737,-1.535,3.885,0
-7.924,-1.721,4.027,0
-8.18,-1.958,3.982,0
-8.364,-2.213,3.872,0
-8.352,-2.393,3.725,0
-8.318,-2.542,3.694,0
-8.47,-2.544,3.746,0
-8.736,-2.499,3.708,0
-8.884,-2.58,3.627,0
-9.022,-2.692,3.593,0
-9.251,-2.871,3.812,0
-9.471,-3.085,3.998,0
-9.573,-3.35,4.109,0
-9.627,-3.685,4.205,0
-9.537,-4.017,4.338,0
-9.357,-4.27,4.449,0
-9.181,-4.388,4.507,0
-9.09,-4.367,4.487,0
-9.059,-4.111,4.453,0
-9.117,-3.665,4.446,0
-9.278,-3.192,4.438,0
-9.471,-2.8,4.375,0
-9.621,-2.58,4.314,0
-9.702,-2.427,4.176,0
-9.656,-2.394,4.049,0
-9.46,-2.456,4.022,0
-9.251,-2.576,3.957,0
-9.093,-2.759,3.952,0
-8.989,-2.918,3.966,0
-8.886,-2.996,3.982,0
-8.778,-2.971,3.959,0
-8.635,-2.901,3.979,0
-8.457,-2.771,4.067,0
-8.293,-2.572,4.085,0
-8.123,-2.354,4.089,0
-7.922,-2.142,4.082,0
-7.73,-1.986,4.032,0
-7.561,-1.844,3.957,0
-7.402,-1.756,3.851,0
-7.318,-1.744,3.808,0
-7.284,-1.922,3.786,0
-7.409,-2.19,3.767,0
-7.613,-2.493,3.752,0
-7.83,-2.729,3.672,0
-8.061,-2.975,3.654,0
-8.302,-3.236,3.627,0
-8.455,-3.441,3.575,0
-8.58,-3.63,3.506,0
-8.668,-3.788,3.481,0
-8.703,-3.913,3.454,0
-8.669,-3.966,3.411,0
-8.64,-3.948,3.395,0
-8.604,-3.887,3.425,0
-8.557,-3.769,3.404,0
-8.491,-3.624,3.346,0
-8.411,-3.5,3.309,0
-8.313,-3.395,3.35,0
-8.249,-3.3,3.351,0
-8.223,-3.21,3.352,0
-8.222,-3.109,3.354,0
-8.217,-3.017,3.342,0
-8.237,-2.927,3.315,0
-8.245,-2.846,3.31,0
-8.228,-2.796,3.333,0
-8.209,-2.753,3.355,0
-8.17,-2.721,3.389,0
-8.112,-2.718,3.428,0
-8.081,-2.68,3.407,0
-8.036,-2.642,3.355,0
-8.039,-2.611,3.315,0
-8.058,-2.59,3.294,0
-8.085,-2.579,3.258,0
-8.157,-2.579,3.261,0
-8.22,-2.585,3.234,0
-8.26,-2.562,3.191,0
-8.268,-2.557,3.152,0
-8.232,-2.574,3.123,0
-8.208,-2.621,3.105,0
-8.204,-2.702,3.116,0
-8.223,-2.799,3.094,0
-8.257,-2.899,3.071,0
-8.326,-2.986,3.081,0
-8.402,-3.052,3.089,0
-8.469,-3.085,3.087,0
-8.517,-3.034,3.033,0
-8.54,-2.975,3.002,0
-8.547,-2.975,3.024,0
-8.614,-3.083,3.202,0
-8.782,-3.064,3.174,0
-8.871,-3.022,3.221,0
-8.936,-2.931,3.331,0
-8.97,-2.784,3.313,0
-8.95,-2.616,3.275,0
-8.895,-2.502,3.259,0
-8.799,-2.459,3.195,0
-8.724,-2.505,3.349,0
-8.846,-2.739,3.903,0
-9.295,-2.743,3.915,0
-9.555,-2.444,3.632,0
-9.421,-2.238,3.742,0
-9.236,-2.252,3.846,0
-9.11,-2.351,3.92,0
-8.989,-2.466,4.022,0
-8.935,-2.576,4.156,0
-9.011,-2.657,4.295,0
-9.132,-2.693,4.372,0
-9.246,-2.626,4.361,0
-9.266,-2.497,4.323,0
-9.089,-2.326,4.274,0
-8.842,-2.123,4.256,0
-8.606,-1.871,4.218,0
-8.455,-1.577,4.089,0
-8.357,-1.28,3.952,0
-8.257,-1.023,3.864,0
-8.196,-0.9,3.814,0
-8.199,-0.921,3.859,0
-8.229,-1.055,3.912,0
-8.312,-1.267,3.987,0
-8.405,-1.477,4.039,0
-8.448,-1.656,4.086,0
-8.45,-1.787,4.177,0
-8.468,-1.924,4.24,0
-8.511,-2.053,4.252,0
-8.566,-2.138,4.238,0
-8.631,-2.181,4.211,0
-8.695,-2.163,4.215,0
-8.777,-2.087,4.259,0
-8.895,-2.007,4.254,0
-9.077,-1.936,4.216,0
-9.217,-1.923,4.168,0
-9.226,-1.929,4.146,0
-9.164,-1.96,4.155,0
-9.054,-1.961,4.118,0
-8.875,-1.97,4.062,0
-8.664,-1.958,4.003,0
-8.475,-1.942,3.96,0
-8.278,-1.864,3.955,0
-8.093,-1.734,3.939,0
-7.891,-1.533,3.932,0
-7.691,-1.32,3.966,0
-7.539,-1.075,3.947,0
-7.367,-0.898,3.965,0
-7.241,-0.72,4.073,0
-7.155,-0.605,4.145,0
-7.054,-0.577,4.186,0
-6.933,-0.652,4.36,0
-6.849,-0.858,4.746,0
-6.959,-1.005,4.676,0
-6.987,-1.224,4.383,0
-6.87,-1.432,4.126,0
-6.8,-1.463,3.902,0
-6.848,-1.43,3.857,0
-6.98,-1.64,4.02,0
-7.433,-1.918,3.957,0
-8.339,-2.22,3.807,0
-9.245,-2.86,3.989,0
-9.937,-3.68,4.216,0
-10.477,-4.744,4.475,0
-10.795,-5.697,4.684,0
-10.559,-6.179,4.617,0
-10.012,-6.269,4.641,0
-9.618,-5.977,4.746,0
-9.537,-5.427,4.773,0
-9.633,-4.911,4.845,0
-9.711,-4.269,4.869,0
-9.76,-3.492,4.855,0
-9.682,-2.86,4.868,0
-9.418,-2.354,4.878,0
-8.984,-1.995,4.882,0
-8.522,-1.832,4.836,0
-8.094,-1.807,4.727,0
-7.7,-1.891,4.536,0
-7.416,-1.997,4.323,0
-7.276,-2.163,4.185,0
-7.296,-2.389,4.107,0
-7.465,-2.594,4.003,0
-7.675,-2.794,3.925,0
-7.891,-3.017,3.913,0
-8.081,-3.218,3.821,0
-8.218,-3.429,3.81,0
-8.334,-3.654,3.826,0
-8.45,-3.843,3.82,0
-8.52,-3.929,3.782,0
-8.548,-3.92,3.766,0
-8.572,-3.843,3.795,0
-8.619,-3.708,3.809,0
-8.629,-3.514,3.831,0
-8.622,-3.286,3.882,0
-8.587,-3.048,3.873,0
-8.518,-2.883,3.857,0
-8.377,-2.779,3.843,0
-8.255,-2.781,3.803,0
-8.117,-2.853,3.803,0
-7.99,-2.987,3.785,0
-7.88,-3.136,3.746,0
-7.831,-3.24,3.706,0
-7.823,-3.321,3.643,0
-7.809,-3.341,3.564,0
-7.798,-3.301,3.498,0
-7.824,-3.278,3.435,0
-7.869,-3.275,3.414,0
-7.927,-3.287,3.338,0
-7.948,-3.318,3.273,0
-7.994,-3.377,3.297,0
-8.051,-3.415,3.336,0
-8.116,-3.415,3.363,0
-8.214,-3.361,3.318,0
-8.319,-3.323,3.245,0
-8.378,-3.303,3.187,0
-8.454,-3.315,3.189,0
-8.51,-3.311,3.208,0
-8.511,-3.278,3.171,0
-8.456,-3.213,3.135,0
-8.351,-3.159,3.146,0
-8.232,-3.1,3.134,0
-8.099,-3.082,3.193,0
-8.021,-3.123,3.383,0
-8.057,-3.083,3.43,0
-8.094,-2.954,3.475,0
-8.12,-2.744,3.5,0
-8.097,-2.531,3.462,0
-8.03,-2.364,3.434,0
-8.002,-2.304,3.418,0
-7.994,-2.317,3.412,0
-8.013,-2.398,3.35,0
-8.085,-2.547,3.333,0
-8.241,-2.86,3.726,0
-8.692,-3.12,4.12,0
-9.194,-3.04,3.916,0
-9.357,-2.821,3.763,0
-9.291,-2.657,3.86,0
-9.193,-2.57,3.921,0
-9.119,-2.549,3.988,0
-9.136,-2.535,4.016,0
-9.226,-2.57,4.108,0
-9.368,-2.624,4.16,0
-9.46,-2.629,4.255,0
-9.516,-2.637,4.276,0
-9.497,-2.609,4.244,0
-9.335,-2.555,4.253,0
-9.094,-2.404,4.273,0
-8.847,-2.205,4.293,0
-8.598,-1.93,4.241,0
-8.32,-1.593,4.129,0
-8.041,-1.253,3.991,0
-7.796,-0.993,3.929,0
-7.628,-0.844,3.859,0
-7.552,-0.83,3.852,0
-7.63,-0.892,3.895,0
-7.748,-0.991,3.884,0
-7.833,-1.183,3.975,0
-7.976,-1.357,3.989,0
-8.157,-1.526,3.975,0
-8.343,-1.734,4.046,0
-8.553,-1.953,4.094,0
-8.757,-2.177,4.198,0
-8.913,-2.335,4.288,0
-9.058,-2.429,4.315,0
-9.124,-2.497,4.307,0
-9.143,-2.453,4.268,0
-9.084,-2.318,4.232,0
-9.033,-2.11,4.198,0
-8.985,-1.897,4.098,0
-8.895,-1.705,4.012,0
-8.774,-1.559,3.915,0
-8.607,-1.424,3.824,0
-8.437,-1.303,3.779,0
-8.308,-1.197,3.747,0
-8.234,-1.109,3.798,0
-8.151,-1.018,3.771,0
-7.97,-0.913,3.658,0
-7.847,-0.863,3.866,0
-7.812,-0.783,3.949,0
-7.771,-0.809,4.037,0
-7.704,-0.904,4.06,0
-7.592,-1.036,4.019,0
-7.576,-1.188,4.076,0
-7.574,-1.277,4.155,0
-7.633,-1.429,4.244,0
-7.763,-1.648,4.26,0
-7.936,-1.958,4.228,0
-8.151,-2.327,4.102,0
-8.388,-2.716,3.997,0
-8.632,-3.062,3.964,0
-8.825,-3.314,3.887,0
-8.965,-3.539,3.804,0
-9.137,-3.783,3.92,0
-9.373,-4.107,4.121,0
-9.684,-4.534,4.339,0
-9.964,-4.91,4.466,0
-10.0,-5.185,4.419,0
-9.795,-5.296,4.388,0
-9.428,-5.154,4.371,0
-9.101,-4.881,4.377,0
-8.962,-4.443,4.43,0
-8.984,-3.793,4.522,0
-9.173,-3.003,4.601,0
-9.336,-2.232,4.638,0
-9.296,-1.658,4.593,0
-9.012,-1.355,4.504,0
-8.598,-1.285,4.364,0
-8.118,-1.401,4.226,0
-7.683,-1.547,4.083,0
-7.349,-1.701,3.898,0
-7.149,-1.907,3.781,0
-7.161,-2.16,3.697,0
-7.285,-2.426,3.648,0
-7.555,-2.716,3.628,0
-7.87,-3.063,3.602,0
-8.165,-3.335,3.637,0
-8.406,-3.536,3.623,0
-8.542,-3.677,3.588,0
-8.583,-3.747,3.567,0
-8.562,-3.774,3.641,0
-8.54,-3.736,3.639,0
-8.563,-3.699,3.621,0
-8.649,-3.662,3.608,0
-8.697,-3.626,3.598,0
-8.714,-3.578,3.585,0
-8.677,-3.541,3.591,0
-8.597,-3.529,3.596,0
-8.514,-3.548,3.605,0
-8.378,-3.573,3.603,0
-8.245,-3.57,3.589,0
-8.126,-3.532,3.562,0
-8.052,-3.472,3.51,0
-7.977,-3.376,3.46,0
-7.924,-3.278,3.413,0
-7.907,-3.215,3.408,0
-7.917,-3.177,3.392,0
-7.923,-3.139,3.369,0
-7.952,-3.109,3.335,0
-7.968,-3.093,3.31,0
-7.984,-3.077,3.293,0
-8.016,-3.081,3.265,0
-8.067,-3.11,3.265,0
-8.15,-3.155,3.259,0
-8.216,-3.226,3.279,0
-8.308,-3.29,3.327,0
-8.415,-3.353,3.368,0
-8.471,-3.393,3.435,0
-8.551,-3.414,3.463,0
-8.588,-3.421,3.449,0
-8.593,-3.428,3.425,0
-8.585,-3.438,3.357,0
-8.537,-3.439,3.285,0
-8.483,-3.508,3.383,0
-8.546,-3.589,3.445,0
-8.657,-3.583,3.372,0
-8.701,-3.522,3.347,0
-8.722,-3.411,3.231,0
-8.639,-3.309,3.198,0
-8.505,-3.233,3.169,0
-8.348,-3.183,3.128,0
-8.193,-3.144,3.186,0
-8.085,-3.148,3.36,0
-8.057,-3.099,3.468,0
-8.099,-2.961,3.45,0
-8.139,-2.862,3.739,0
-8.336,-2.744,4.15,0
-8.611,-2.457,4.22,0
-8.785,-2.1,4.234,0
-8.828,-1.734,4.204,0
-8.786,-1.514,4.35,0
-8.786,-1.463,4.461,0
-8.908,-1.496,4.541,0
-9.094,-1.574,4.613,0
-9.293,-1.706,4.651,0
-9.374,-1.773,4.565,0
-9.246,-1.828,4.509,0
-9.029,-1.886,4.448,0
-8.789,-1.958,4.436,0
-8.599,-1.969,4.4,0
-8.438,-1.978,4.358,0
-8.279,-1.937,4.285,0
-8.089,-1.827,4.199,0
-7.887,-1.671,4.144,0
-7.736,-1.518,4.121,0
-7.668,-1.382,4.16,0
-7.706,-1.285,4.166,0
-7.82,-1.218,4.11,0
-7.935,-1.2,4.094,0
-8.0,-1.21,4.126,0
-8.063,-1.23,4.2,0
-8.141,-1.243,4.198,0
-8.242,-1.28,4.18,0
-8.352,-1.308,4.201,0
-8.488,-1.331,4.205,0
-8.631,-1.353,4.178,0
-8.762,-1.362,4.126,0
-8.848,-1.365,4.129,0
-8.877,-1.353,4.133,0
-8.909,-1.33,4.12,0
-8.921,-1.317,4.167,0
-8.9,-1.306,4.215,0
-8.887,-1.292,4.244,0
-8.86,-1.293,4.271,0
-8.822,-1.307,4.287,0
-8.768,-1.301,4.307,0
-8.723,-1.295,4.345,0
-8.711,-1.288,4.366,0
-8.697,-1.316,4.361,0
-8.703,-1.351,4.341,0
-8.651,-1.42,4.318,0
-8.545,-1.502,4.323,0
-8.423,-1.595,4.318,0
-8.334,-1.724,4.285,0
-8.25,-1.851,4.288,0
-8.255,-2.01,4.292,0
-8.332,-2.162,4.206,0
-8.398,-2.343,4.116,0
-8.428,-2.441,4.049,0
-8.437,-2.464,3.981,0
-8.471,-2.434,3.967,0
-8.55,-2.435,3.997,0
-8.658,-2.487,4.056,0
-8.785,-2.576,4.105,0
-8.895,-2.735,4.255,0
-8.989,-2.857,4.341,0
-9.027,-2.931,4.388,0
-9.007,-2.939,4.456,0
-8.948,-2.829,4.505,0
-8.919,-2.657,4.546,0
-8.916,-2.412,4.525,0
-8.924,-2.108,4.468,0
-8.899,-1.798,4.389,0
-8.836,-1.532,4.337,0
-8.718,-1.313,4.262,0
-8.565,-1.113,4.169,0
-8.369,-0.986,4.128,0
-8.201,-0.914,4.148,0
-8.075,-0.876,4.18,0
-7.994,-0.893,4.202,0
-7.938,-0.966,4.227,0
-7.923,-1.101,4.232,0
-7.962,-1.262,4.201,0
-7.998,-1.446,4.21,0
-8.034,-1.646,4.273,0
-8.096,-1.845,4.334,0
-8.205,-2.075,4.38,0
-8.336,-2.259,4.396,0
-8.459,-2.399,4.36,0
-8.53,-2.463,4.315,0
-8.548,-2.49,4.261,0
-8.522,-2.526,4.229,0
-8.454,-2.565,4.146,0
-8.366,-2.587,4.087,0
-8.316,-2.617,4.062,0
-8.381,-2.685,3.972,0
-8.52,-2.741,3.914,0
-8.697,-2.842,3.884,0
-8.918,-2.95,3.876,0
-9.14,-3.071,3.88,0
-9.301,-3.135,3.853,0
-9.348,-3.157,3.844,0
-9.29,-3.158,3.88,0
-9.213,-3.109,3.842,0
-9.154,-3.025,3.84,0
-9.09,-2.95,3.849,0
-9.02,-2.846,3.801,0
-8.912,-2.759,3.814,0
-8.805,-2.714,3.776,0
-8.698,-2.68,3.785,0
-8.575,-2.7,3.8,0
-8.471,-2.697,3.764,0
-8.35,-2.706,3.759,0
-8.23,-2.703,3.785,0
-8.136,-2.664,3.791,0
-8.042,-2.621,3.827,0
-7.985,-2.55,3.87,0
-7.952,-2.46,3.906,0
-7.915,-2.385,3.917,0
-7.914,-2.322,3.93,0
-7.921,-2.281,3.913,0
-7.939,-2.267,3.895,0
-7.955,-2.294,3.872,0
-7.951,-2.37,3.838,0
-7.962,-2.427,3.806,0
-7.936,-2.483,3.852,0
-7.936,-2.504,3.881,0
-7.994,-2.523,3.933,0
-8.093,-2.544,4.026,0
-8.204,-2.519,4.012,0
-8.27,-2.457,4.012,0
-8.303,-2.394,4.053,0
-8.355,-2.364,4.112,0
-8.454,-2.36,4.186,0
-8.611,-2.345,4.267,0
-8.767,-2.272,4.277,0
-8.855,-2.167,4.288,0
-8.855,-2.053,4.272,0
-8.814,-1.95,4.274,0
-8.764,-1.937,4.283,0
-8.739,-1.935,4.276,0
-8.726,-1.949,4.276,0
-8.747,-1.959,4.234,0
-8.761,-1.982,4.233,0
-8.76,-2.004,4.225,0
-8.746,-2.052,4.215,0
-8.722,-2.102,4.238,0
-8.72,-2.143,4.256,0
-8.699,-2.165,4.288,0
-8.692,-2.159,4.27,0
-8.704,-2.129,4.297,0
-8.721,-2.08,4.276,0
-8.732,-2.024,4.283,0
-8.727,-1.956,4.274,0
-8.701,-1.888,4.288,0
-8.678,-1.808,4.31,0
-8.634,-1.689,4.335,0
-8.574,-1.54,4.378,0
-8.527,-1.392,4.416,0
-8.525,-1.278,4.415,0
-8.532,-1.215,4.422,0
-8.519,-1.188,4.44,0
-8.526,-1.22,4.431,0
-8.493,-1.238,4.454,0
-8.45,-1.245,4.467,0
-8.45,-1.239,4.472,0
-8.456,-1.201,4.487,0
-8.441,-1.134,4.429,0
-8.449,-1.075,4.377,0
-8.414,-1.056,4.352,0
-8.367,-1.055,4.327,0
-8.332,-1.068,4.3,0
-8.279,-1.093,4.318,0
-8.254,-1.132,4.363,0
-8.24,-1.137,4.32,0
-8.267,-1.183,4.325,0
-8.269,-1.197,4.345,0
-8.269,-1.17,4.327,0
-8.258,-1.143,4.347,0
-8.218,-1.09,4.313,0
-8.161,-1.025,4.311,0
-8.112,-0.965,4.32,0
-8.115,-0.907,4.329,0
-8.15,-0.841,4.329,0
-8.219,-0.78,4.333,0
-8.248,-0.761,4.34,0
-8.269,-0.74,4.347,0
-8.262,-0.738,4.352,0
-8.226,-0.743,4.408,0
-8.213,-0.748,4.458,0
-8.201,-0.764,4.46,0
-8.221,-0.772,4.458,0
-8.268,-0.807,4.444,0
-8.333,-0.859,4.487,0
-8.412,-0.933,4.481,0
-8.511,-1.008,4.431,0
-8.559,-1.079,4.42,0
-8.591,-1.175,4.339,0
-8.594,-1.276,4.339,0
-8.587,-1.373,4.326,0
-8.563,-1.479,4.305,0
-8.562,-1.544,4.281,0
-8.547,-1.614,4.29,0
-8.535,-1.682,4.295,0
-8.566,-1.783,4.319,0
-8.64,-1.885,4.308,0
-8.702,-1.994,4.31,0
-8.723,-2.081,4.347,0
-8.704,-2.152,4.36,0
-8.676,-2.208,4.344,0
-8.637,-2.24,4.304,0
-8.569,-2.248,4.288,0
-8.497,-2.233,4.286,0
-8.403,-2.226,4.292,0
-8.346,-2.193,4.29,0
-8.307,-2.149,4.301,0
-8.283,-2.141,4.348,0
-8.287,-2.138,4.362,0
-8.289,-2.143,4.412,0
-8.365,-2.171,4.529,0
-8.479,-2.113,4.489,0
-8.544,-2.038,4.47,0
-8.569,-2.006,4.464,0
-8.512,-2.045,4.401,0
-8.429,-2.154,4.324,0
-8.343,-2.299,4.218,0
-8.248,-2.42,4.141,0
-8.17,-2.549,4.039,0
-8.109,-2.683,4.003,0
-8.102,-2.831,3.965,0
-8.156,-2.949,3.9,0
-8.265,-3.044,3.83,0
-8.421,-3.133,3.842,0
-8.614,-3.202,3.883,0
-8.828,-3.226,3.885,0
-9.034,-3.244,3.912,0
-9.196,-3.204,3.933,0
-9.277,-3.165,3.985,0
-9.329,-3.117,4.009,0
-9.33,-3.068,4.025,0
-9.31,-3.012,4.032,0
-9.236,-2.97,3.989,0
-9.103,-2.936,3.923,0
-8.917,-2.935,3.896,0
-8.744,-2.985,3.871,0
-8.63,-3.059,3.864,0
-8.615,-3.112,3.83,0
-8.576,-3.162,3.817,0
-8.459,-3.183,3.805,0
-8.306,-3.147,3.767,0
-8.135,-3.118,3.78,0
-7.983,-3.113,3.86,0
-7.881,-3.064,3.907,0
-7.809,-2.965,3.978,0
-7.773,-2.796,4.037,0
-7.778,-2.639,4.073,0
-7.805,-2.544,4.089,0
-7.803,-2.472,4.091,0
-7.762,-2.461,4.044,0
-7.729,-2.535,4.066,0
-7.776,-2.623,4.093,0
-7.901,-2.69,4.099,0
-8.022,-2.731,4.13,0
-8.205,-2.742,4.227,0
-8.434,-2.657,4.225,0
-8.53,-2.545,4.241,0
-8.539,-2.444,4.302,0
-8.548,-2.339,4.29,0
-8.559,-2.27,4.299,0
-8.587,-2.232,4.283,0
-8.615,-2.244,4.288,0
-8.637,-2.295,4.306,0
-8.654,-2.344,4.315,0
-8.682,-2.395,4.308,0
-8.697,-2.397,4.29,0
-8.711,-2.392,4.313,0
-8.727,-2.358,4.356,0
-8.773,-2.324,4.34,0
-8.793,-2.254,4.338,0
-8.753,-2.18,4.381,0
-8.678,-2.092,4.378,0
-8.565,-1.993,4.398,0
-8.469,-1.911,4.398,0
-8.391,-1.842,4.4,0
-8.314,-1.812,4.382,0
-8.266,-1.784,4.382,0
-8.239,-1.761,4.359,0
-8.243,-1.738,4.319,0
-8.261,-1.761,4.305,0
-8.292,-1.806,4.335,0
-8.368,-1.867,4.323,0
-8.439,-1.904,4.333,0
-8.505,-1.894,4.337,0
-8.521,-1.878,4.355,0
-8.544,-1.819,4.398,0
-8.547,-1.714,4.445,0
-8.506,-1.582,4.522,0
-8.474,-1.458,4.585,0
-8.476,-1.304,4.587,0
-8.484,-1.162,4.594,0
-8.483,-1.045,4.571,0
-8.492,-0.894,4.513,0
-8.465,-0.784,4.496,0
-8.441,-0.731,4.476,0
-8.437,-0.713,4.433,0
-8.442,-0.746,4.431,0
-8.489,-0.82,4.417,0
-8.548,-0.901,4.425,0
-8.616,-1.022,4.37,0
-8.65,-1.122,4.362,0
-8.636,-1.206,4.348,0
-8.614,-1.272,4.332,0
-8.584,-1.306,4.359,0
-8.58,-1.327,4.339,0
-8.541,-1.304,4.321,0
-8.495,-1.251,4.325,0
-8.444,-1.186,4.339,0
-8.416,-1.127,4.332,0
-8.401,-1.059,4.338,0
-8.38,-0.99,4.363,0
-8.363,-0.918,4.379,0
-8.356,-0.875,4.37,0
-8.317,-0.82,4.402,0
-8.248,-0.754,4.42,0
-8.2,-0.715,4.451,0
-8.184,-0.681,4.453,0
-8.223,-0.669,4.444,0
-8.254,-0.68,4.473,0
-8.292,-0.72,4.507,0
-8.371,-0.73,4.503,0
-8.408,-0.785,4.478,0
-8.437,-0.826,4.505,0
-8.454,-0.845,4.465,0
-8.491,-0.903,4.44,0
-8.509,-0.971,4.442,0
-8.528,-1.056,4.415,0
-8.564,-1.173,4.402,0
-8.61,-1.267,4.398,0
-8.611,-1.371,4.38,0
-8.604,-1.465,4.353,0
-8.607,-1.578,4.337,0
-8.604,-1.634,4.335,0
-8.581,-1.656,4.337,0
-8.531,-1.673,4.375,0
-8.493,-1.665,4.4,0
-8.47,-1.654,4.416,0
-8.472,-1.665,4.439,0
-8.478,-1.645,4.475,0
-8.46,-1.614,4.49,0
-8.419,-1.538,4.506,0
-8.393,-1.449,4.524,0
-8.365,-1.359,4.54,0
-8.367,-1.274,4.515,0
-8.363,-1.252,4.505,0
-8.352,-1.252,4.503,0
-8.36,-1.26,4.479,0
-8.402,-1.328,4.494,0
-8.435,-1.386,4.503,0
-8.458,-1.463,4.49,0
-8.501,-1.611,4.615,0
-8.596,-1.713,4.601,0
-8.677,-1.757,4.603,0
-8.7,-1.801,4.602,0
-8.657,-1.843,4.583,0
-8.55,-1.903,4.604,0
-8.459,-1.963,4.54,0
-8.366,-2.025,4.525,0
-8.286,-2.064,4.475,0
-8.235,-2.103,4.392,0
-8.173,-2.153,4.331,0
-8.123,-2.224,4.251,0
-8.132,-2.304,4.213,0
-8.181,-2.417,4.204,0
-8.26,-2.472,4.195,0
-8.326,-2.513,4.209,0
-8.4,-2.521,4.103,0
-8.436,-2.536,4.055,0
-8.455,-2.566,3.95,0
-8.443,-2.632,3.891,0
-8.434,-2.76,3.855,0
-8.466,-2.872,3.85,0
-8.535,-2.961,3.846,0
-8.626,-3.025,3.871,0
-8.711,-3.066,3.909,0
-8.826,-3.05,3.925,0
-8.938,-3.009,3.982,0
-9.046,-2.973,4.075,0
-9.149,-2.886,4.106,0
-9.219,-2.804,4.151,0
-9.202,-2.681,4.124,0
-9.101,-2.568,4.081,0
-8.957,-2.516,4.069,0
-8.831,-2.493,4.074,0
-8.72,-2.535,4.031,0
-8.622,-2.588,3.927,0
-8.484,-2.652,3.881,0
-8.345,-2.738,3.879,0
-8.242,-2.795,3.85,0
-8.164,-2.85,3.812,0
-8.081,-2.851,3.73,0
-7.951,-2.802,3.637,0
-7.793,-2.768,3.574,0
-7.688,-2.763,3.545,0
-7.639,-2.829,3.626,0
-7.707,-2.925,3.656,0
-7.793,-2.955,3.595,0
-7.836,-2.961,3.581,0
-7.844,-2.956,3.613,0
-7.831,-2.929,3.561,0
-7.784,-2.903,3.579,0
-7.803,-2.919,3.59,0
-7.845,-2.941,3.545,0
-7.923,-3.003,3.638,0
-8.079,-3.097,3.904,0
-8.387,-3.001,3.832,0
-8.654,-2.936,3.995,0
-8.962,-2.923,4.454,0
-9.453,-2.823,4.915,0
-10.058,-2.508,5.091,0
-10.453,-1.922,4.729,0
-10.231,-1.423,4.507,0
-9.651,-1.208,4.626,0
-9.144,-1.327,4.791,0
-8.954,-1.579,4.798,0
-8.929,-1.746,4.64,0
-8.898,-1.825,4.493,0
-8.742,-1.87,4.364,0
-8.497,-1.868,4.303,0
-8.215,-1.815,4.166,0
-7.997,-1.763,4.079,0
-7.842,-1.667,4.09,0
-7.771,-1.542,4.058,0
-7.778,-1.377,4.074,0
-7.766,-1.187,4.096,0
-7.857,-0.981,4.105,0
-7.995,-0.819,4.119,0
-8.148,-0.708,4.112,0
-8.265,-0.679,4.121,0
-8.366,-0.695,4.155,0
-8.462,-0.788,4.182,0
-8.602,-0.937,4.216,0
-8.762,-1.115,4.217,0
-8.876,-1.286,4.192,0
-8.93,-1.399,4.159,0
-8.909,-1.406,4.125,0
-8.799,-1.323,4.081,0
-8.661,-1.208,4.015,0
-8.57,-1.095,3.961,0
-8.51,-1.035,3.898,0
-8.452,-0.996,3.862,0
-8.346,-0.966,3.83,0
-8.243,-0.95,3.9,0
-8.162,-0.937,3.927,0
-8.124,-0.961,3.986,0
-8.109,-0.999,4.074,0
-8.144,-1.105,4.137,0
-8.256,-1.292,4.273,0
-8.443,-1.572,4.431,0
-8.647,-1.926,4.531,0
-8.805,-2.335,4.59,0
-8.919,-2.688,4.544,0
-8.999,-2.983,4.549,0
-8.994,-3.175,4.551,0
-8.914,-3.273,4.314,0
-8.899,-3.192,4.156,0
-8.911,-2.946,4.059,0
-8.887,-2.762,4.133,0
-8.86,-2.716,4.184,0
-8.882,-2.857,4.228,0
-8.955,-3.094,4.314,0
-8.993,-3.329,4.382,0
-8.955,-3.431,4.393,0
-8.901,-3.361,4.375,0
-8.856,-3.161,4.38,0
-8.837,-2.831,4.42,0
-8.823,-2.435,4.433,0
-8.77,-2.094,4.457,0
-8.669,-1.941,4.559,0
-8.541,-1.914,4.583,0
-8.371,-1.977,4.633,0
-8.249,-2.007,4.648,0
-8.096,-1.955,4.606,0
-7.951,-1.865,4.544,0
-7.817,-1.748,4.474,0
-7.693,-1.674,4.402,0
-7.631,-1.61,4.295,0
-7.608,-1.592,4.187,0
-7.595,-1.677,4.133,0
-7.61,-1.74,4.063,0
-7.619,-1.841,4.036,0
-7.645,-1.939,3.939,0
-7.703,-2.089,3.822,0
-7.826,-2.296,3.707,0
-7.992,-2.529,3.633,0
-8.224,-2.811,3.608,0
-8.449,-3.111,3.6,0
-8.677,-3.37,3.679,0
-8.902,-3.542,3.7,0
-9.058,-3.602,3.678,0
-9.129,-3.556,3.716,0
-9.135,-3.452,3.732,0
-9.121,-3.338,3.765,0
-9.064,-3.267,3.761,0
-8.975,-3.201,3.79,0
-8.863,-3.133,3.765,0
-8.734,-3.034,3.724,0
-8.605,-2.928,3.634,0
-8.489,-2.815,3.586,0
-8.385,-2.743,3.566,0
-8.317,-2.677,3.545,0
-8.283,-2.618,3.559,0
-8.261,-2.585,3.52,0
-8.26,-2.534,3.504,0
-8.248,-2.515,3.52,0
-8.244,-2.511,3.515,0
-8.252,-2.519,3.471,0
-8.248,-2.572,3.518,0
-8.305,-2.638,3.563,0
-8.385,-2.689,3.491,0
-8.428,-2.711,3.421,0
-8.468,-2.762,3.362,0
-8.444,-2.843,3.358,0
-8.413,-2.897,3.32,0
-8.335,-2.93,3.303,0
-8.21,-2.95,3.337,0
-8.122,-2.95,3.401,0
-8.088,-2.957,3.452,0
-8.093,-2.968,3.525,0
-8.154,-2.931,3.538,0
-8.243,-2.907,3.595,0
-8.394,-2.905,3.877,0
-8.696,-2.827,4.189,0
-9.1,-2.645,4.338,0
-9.482,-2.274,4.313,0
-9.568,-1.864,4.245,0
-9.366,-1.653,4.279,0
-9.085,-1.642,4.384,0
-8.871,-1.76,4.47,0
-8.78,-1.903,4.464,0
-8.801,-2.009,4.392,0
-8.825,-2.055,4.301,0
-8.784,-2.058,4.238,0
-8.694,-2.121,4.233,0
-8.633,-2.175,4.213,0
-8.578,-2.168,4.202,0
-8.538,-2.162,4.134,0
-8.506,-2.13,4.051,0
-8.436,-2.079,3.953,0
-8.361,-2.024,3.865,0
-8.252,-1.945,3.845,0
-8.136,-1.852,3.842,0
-8.018,-1.73,3.84,0
-7.875,-1.57,3.823,0
-7.784,-1.375,3.848,0
-7.778,-1.167,3.913,0
-7.888,-1.023,3.965,0
-8.067,-0.948,3.999,0
-8.275,-0.919,4.054,0
-8.434,-0.962,4.135,0
-8.57,-1.074,4.124,0
-8.732,-1.258,4.145,0
-8.825,-1.477,4.111,0
-8.895,-1.618,4.046,0
-8.905,-1.721,3.978,0
-8.874,-1.784,3.935,0
-8.825,-1.786,3.887,0
-8.756,-1.705,3.815,0
-8.722,-1.589,3.718,0
-8.714,-1.447,3.707,0
-8.718,-1.299,3.722,0
-8.729,-1.16,3.749,0
-8.703,-1.063,3.785,0
-8.635,-1.066,3.86,0
-8.578,-1.171,3.946,0
-8.565,-1.346,3.994,0
-8.538,-1.536,4.021,0
-8.513,-1.747,4.03,0
-8.479,-1.966,4.03,0
-8.487,-2.221,4.134,0
-8.532,-2.476,4.173,0
-8.603,-2.716,4.189,0
-8.668,-2.876,4.171,0
-8.712,-2.983,4.21,0
-8.785,-3.025,4.302,0
-8.827,-3.011,4.183,0
-8.81,-2.988,4.063,0
-8.742,-2.884,4.006,0
-8.7,-2.778,3.975,0
-8.723,-2.778,4.115,0
-8.809,-2.851,4.183,0
-8.988,-2.984,4.192,0
-9.069,-3.108,4.222,0
-9.019,-3.188,4.192,0
-8.938,-3.268,4.196,0
-8.866,-3.289,4.185,0
-8.806,-3.122,4.23,0
-8.76,-2.861,4.277,0
-8.713,-2.613,4.302,0
-8.668,-2.445,4.333,0
-8.61,-2.38,4.306,0
-8.517,-2.409,4.354,0
-8.425,-2.424,4.346,0
-8.368,-2.411,4.37,0
-8.353,-2.391,4.399,0
-8.354,-2.315,4.347,0
-8.359,-2.263,4.304,0
-8.339,-2.229,4.252,0
-8.268,-2.204,4.213,0
-8.196,-2.189,4.109,0
-8.11,-2.177,4.007,0
-8.051,-2.193,3.928,0
-7.961,-2.193,3.833,0
-7.918,-2.236,3.797,0
-7.939,-2.316,3.745,0
-8.027,-2.434,3.648,0
-8.128,-2.606,3.579,0
-8.228,-2.788,3.55,0
-8.336,-2.964,3.527,0
-8.464,-3.16,3.534,0
-8.612,-3.333,3.537,0
-8.737,-3.446,3.535,0
-8.815,-3.512,3.532,0
-8.823,-3.52,3.539,0
-8.749,-3.497,3.544,0
-8.668,-3.453,3.56,0
-8.536,-3.394,3.562,0
-8.421,-3.325,3.516,0
-8.309,-3.236,3.482,0
-8.202,-3.135,3.527,0
-8.155,-3.023,3.525,0
-8.158,-2.904,3.509,0
-8.161,-2.76,3.482,0
-8.132,-2.644,3.445,0
-8.098,-2.583,3.45,0
-8.069,-2.579,3.473,0
-8.033,-2.611,3.466,0
-8.016,-2.67,3.475,0
-8.044,-2.717,3.482,0
-8.082,-2.763,3.446,0
-8.147,-2.81,3.423,0
-8.218,-2.869,3.401,0
-8.273,-2.904,3.333,0
-8.323,-2.93,3.225,0
-8.337,-2.944,3.161,0
-8.365,-2.974,3.098,0
-8.412,-3.041,3.087,0
-8.443,-3.135,3.094,0
-8.496,-3.169,3.159,0
-8.526,-3.158,3.193,0
-8.551,-3.021,3.128,0
-8.485,-2.916,3.134,0
-8.442,-2.843,3.132,0
-8.389,-2.767,3.148,0
-8.344,-2.725,3.13,0
-8.32,-2.701,3.1,0
-8.336,-2.696,3.091,0
-8.399,-2.702,3.071,0
-8.496,-2.703,3.055,0
-8.603,-2.728,3.08,0
-8.701,-2.818,3.211,0
-8.869,-2.915,3.507,0
-9.172,-2.91,3.821,0
-9.617,-2.723,3.959,0
-10.003,-2.413,3.971,0
-10.153,-2.152,3.948,0
-10.12,-1.988,3.932,0
-9.938,-1.933,3.893,0
-9.633,-2.028,3.875,0
-9.37,-2.244,3.861,0
-9.201,-2.488,3.918,0
-9.148,-2.698,3.966,0
-9.186,-2.844,3.996,0
-9.226,-2.905,3.982,0
-9.194,-2.91,3.991,0
-9.048,-2.869,4.03,0
-8.826,-2.788,4.088,0
-8.549,-2.644,4.121,0
-8.273,-2.432,4.073,0
-8.007,-2.127,3.958,0
-7.735,-1.798,3.924,0
-7.502,-1.433,3.898,0
-7.338,-1.094,3.83,0
-7.257,-0.791,3.773,0
-7.227,-0.552,3.847,0
-7.288,-0.423,3.91,0
-7.435,-0.389,3.899,0
-7.672,-0.44,3.964,0
-7.936,-0.531,3.94,0
-8.181,-0.716,3.972,0
-8.392,-0.908,4.013,0
-8.571,-1.119,4.009,0
-8.75,-1.375,4.091,0
-8.941,-1.684,4.177,0
-9.157,-2.0,4.214,0
-9.312,-2.294,4.189,0
-9.352,-2.53,4.185,0
-9.311,-2.67,4.167,0
-9.135,-2.677,4.149,0
-8.948,-2.617,4.119,0
-8.775,-2.442,3.999,0
-8.642,-2.236,3.931,0
-8.532,-2.008,3.924,0
-8.442,-1.756,3.89,0
-8.403,-1.5,3.865,0
-8.336,-1.309,3.876,0
-8.209,-1.19,3.828,0
-8.062,-1.094,3.866,0
-7.946,-1.017,4.033,0
-7.935,-0.965,4.024,0
-7.955,-1.008,4.013,0
-7.927,-1.099,4.044,0
-7.886,-1.202,4.099,0
-7.871,-1.347,4.239,0
-7.865,-1.471,4.307,0
-7.863,-1.718,4.348,0
-7.782,-1.914,4.22,0
-7.627,-2.091,4.156,0
-7.644,-2.229,4.064,0
-7.957,-2.404,3.915,0
-8.323,-2.766,3.961,0
-8.679,-3.331,4.098,0
-9.149,-3.999,4.22,0
-9.771,-4.582,4.325,0
-10.311,-4.986,4.4,0
-10.55,-5.274,4.484,0
-10.512,-5.366,4.405,0
-10.345,-5.218,4.353,0
-10.138,-4.916,4.391,0
-10.005,-4.511,4.571,0
-9.939,-3.95,4.704,0
-9.783,-3.358,4.87,0
-9.621,-2.856,4.988,0
-9.354,-2.51,4.98,0
-8.918,-2.252,4.869,0
-8.368,-2.105,4.74,0
-7.801,-2.068,4.495,0
-7.277,-2.066,4.21,0
-6.805,-2.123,3.943,0
-6.462,-2.268,3.751,0
-6.33,-2.457,3.591,0
-6.494,-2.684,3.497,0
-6.874,-2.903,3.528,0
-7.453,-3.044,3.486,0
-8.037,-3.15,3.507,0
-8.475,-3.175,3.523,0
-8.671,-3.109,3.465,0
-8.621,-3.049,3.496,0
-8.476,-3.055,3.524,0
-8.37,-3.076,3.589,0
-8.343,-3.092,3.668,0
-8.404,-3.061,3.715,0
-8.483,-3.056,3.761,0
-8.526,-3.037,3.774,0
-8.518,-3.006,3.785,0
-8.451,-2.982,3.801,0
-8.381,-2.97,3.789,0
-8.288,-2.974,3.758,0
-8.171,-3.001,3.76,0
-8.106,-3.052,3.749,0
-8.082,-3.119,3.748,0
-8.05,-3.175,3.742,0
-8.07,-3.209,3.74,0
-8.108,-3.214,3.702,0
-8.136,-3.194,3.679,0
-8.164,-3.163,3.676,0
-8.215,-3.122,3.651,0
-8.272,-3.014,3.561,0
-8.314,-2.903,3.507,0
-8.32,-2.777,3.498,0
-8.275,-2.668,3.457,0
-8.233,-2.601,3.428,0
-8.168,-2.602,3.38,0
-8.114,-2.624,3.371,0
-8.071,-2.67,3.347,0
-8.082,-2.738,3.304,0
-8.101,-2.812,3.256,0
-8.125,-2.87,3.232,0
-8.183,-2.93,3.247,0
-8.234,-2.949,3.256,0
-8.329,-2.95,3.34,0
-8.475,-2.887,3.315,0
-8.589,-2.804,3.31,0
-8.689,-2.731,3.353,0
-8.764,-2.675,3.365,0
-8.812,-2.621,3.36,0
-8.82,-2.571,3.356,0
-8.786,-2.519,3.344,0
-8.75,-2.463,3.328,0
-8.683,-2.425,3.335,0
-8.624,-2.417,3.313,0
-8.573,-2.412,3.267,0
-8.552,-2.418,3.215,0
-8.532,-2.425,3.209,0
-8.493,-2.45,3.256,0
-8.521,-2.497,3.374,0
-8.64,-2.522,3.577,0
-8.909,-2.537,3.891,0
-9.344,-2.415,4.015,0
-9.736,-2.153,3.968,0
-9.902,-1.897,3.966,0
-9.922,-1.816,3.966,0
-9.783,-1.92,3.923,0
-9.537,-2.18,3.923,0
-9.287,-2.463,3.984,0
-9.118,-2.725,4.058,0
-9.039,-2.966,4.138,0
-9.03,-3.014,4.115,0
-8.976,-2.862,4.05,0
-8.826,-2.657,3.979,0
-8.566,-2.396,3.92,0
-8.258,-2.08,3.843,0
-7.943,-1.75,3.811,0
-7.667,-1.383,3.726,0
-7.467,-1.044,3.737,0
-7.317,-0.764,3.768,0
-7.263,-0.574,3.854,0
-7.348,-0.526,3.892,0
-7.528,-0.534,3.883,0
-7.783,-0.669,4.03,0
-8.093,-0.875,4.169,0
-8.443,-1.128,4.242,0
-8.789,-1.437,4.283,0
-9.025,-1.768,4.322,0
-9.16,-2.079,4.372,0
-9.246,-2.368,4.381,0
-9.359,-2.636,4.366,0
-9.405,-2.839,4.352,0
-9.412,-2.969,4.301,0
-9.392,-3.035,4.299,0
-9.339,-2.995,4.262,0
-9.156,-2.872,4.154,0
-8.945,-2.698,4.056,0
-8.721,-2.477,3.945,0
-8.494,-2.226,3.814,0
-8.333,-2.015,3.784,0
-8.224,-1.801,3.754,0
-8.159,-1.647,3.763,0
-8.144,-1.544,3.77,0
-8.105,-1.443,3.763,0
-8.013,-1.334,3.768,0
-7.931,-1.248,3.763,0
-7.856,-1.155,3.749,0
-7.794,-1.064,3.733,0
-7.691,-1.019,3.889,0
-7.598,-0.944,3.979,0
-7.535,-0.931,3.922,0
-7.457,-0.962,4.013,0
-7.377,-1.058,4.449,0
-7.39,-1.259,4.912,0
-7.557,-1.482,4.454,0
-7.615,-1.775,3.883,0
-7.452,-1.843,3.519,0
-7.271,-1.749,3.435,0
-7.313,-1.796,3.654,0
-7.743,-2.117,3.937,0
-8.697,-2.506,3.947,0
-9.848,-3.023,4.023,0
-10.722,-3.67,4.045,0
-11.151,-4.303,4.01,0
-11.157,-4.764,4.213,0
-10.841,-5.071,4.555,0
-10.533,-5.306,4.877,0
-10.313,-5.349,4.984,0
-10.026,-4.999,4.983,0
-9.778,-4.349,5.066,0
-9.574,-3.566,5.085,0
-9.307,-2.677,4.951,0
-8.888,-1.917,4.832,0
-8.447,-1.454,4.635,0
-8.052,-1.326,4.375,0
-7.675,-1.437,4.079,0
-7.362,-1.714,3.869,0
-7.174,-2.014,3.743,0
-7.116,-2.25,3.567,0
-7.16,-2.411,3.38,0
-7.313,-2.612,3.382,0
-7.553,-2.817,3.48,0
-7.829,-3.014,3.555,0
-8.07,-3.188,3.645,0
-8.28,-3.324,3.623,0
-8.454,-3.425,3.752,0
-8.578,-3.461,3.783,0
-8.731,-3.47,3.764,0
-8.845,-3.428,3.797,0
-8.941,-3.339,3.781,0
-9.042,-3.236,3.781,0
-9.098,-3.134,3.817,0
-9.09,-3.033,3.86,0
-9.056,-2.934,3.871,0
-9.005,-2.818,3.858,0
-8.858,-2.721,3.826,0
-8.717,-2.683,3.726,0
-8.552,-2.675,3.647,0
-8.364,-2.736,3.561,0
-8.223,-2.812,3.462,0
-8.124,-2.911,3.406,0
-8.067,-2.982,3.36,0
-8.064,-3.013,3.344,0
-8.076,-2.972,3.256,0
-8.072,-2.902,3.166,0
-8.04,-2.835,3.109,0
-7.998,-2.777,3.096,0
-8.018,-2.784,3.071,0
-8.072,-2.79,3.091,0
-8.142,-2.768,3.132,0
-8.222,-2.71,3.112,0
-8.239,-2.643,3.064,0
-8.219,-2.639,3.024,0
-8.214,-2.666,3.021,0
-8.217,-2.718,3.071,0
-8.192,-2.743,3.112,0
-8.156,-2.746,3.17,0
-8.125,-2.74,3.195,0
-8.089,-2.711,3.184,0
-8.018,-2.622,3.132,0
-7.937,-2.541,3.043,0
-7.833,-2.503,2.971,0
-7.745,-2.505,2.899,0
-7.675,-2.511,2.865,0
-7.67,-2.528,2.736,0
-7.707,-2.519,2.598,0
-7.751,-2.52,2.554,0
-7.883,-2.603,2.522,0
-8.1,-2.71,2.678,0
-8.426,-2.96,3.397,0
-9.048,-3.128,4.337,0
-9.993,-3.021,4.888,0
-10.891,-2.314,4.407,0
-10.863,-1.496,4.083,0
-10.108,-1.282,4.414,0
-9.531,-1.486,4.439,0
-9.239,-1.963,4.568,0
-9.211,-2.427,4.668,0
-9.32,-2.675,4.639,0
-9.448,-2.711,4.506,0
-9.452,-2.571,4.235,0
-9.231,-2.421,4.09,0
-8.965,-2.271,4.065,0
-8.801,-2.075,4.015,0
-8.712,-1.791,3.922,0
-8.653,-1.466,3.82,0
-8.543,-1.162,3.783,0
-8.432,-0.971,3.769,0
-8.367,-0.904,3.792,0
-8.328,-0.961,3.767,0
-8.337,-1.102,3.779,0
-8.34,-1.32,3.806,0
-8.386,-1.542,3.856,0
-8.464,-1.773,3.896,0
-8.535,-1.97,3.917,0
-8.573,-2.151,3.929,0
-8.637,-2.339,3.877,0
-8.703,-2.45,3.872,0
-8.775,-2.467,3.83,0
-8.902,-2.404,3.88,0
-9.078,-2.298,3.9,0
-9.267,-2.157,3.855,0
-9.433,-2.071,3.821,0
-9.509,-1.985,3.821,0
-9.451,-1.932,3.821,0
-9.316,-1.939,3.796,0
-9.182,-1.961,3.796,0
-9.021,-2.045,3.811,0
-8.886,-2.13,3.784,0
-8.724,-2.164,3.8,0
-8.57,-2.128,3.832,0
-8.438,-2.061,3.827,0
-8.33,-1.98,3.809,0
-8.227,-1.887,3.765,0
-8.168,-1.802,3.741,0
-8.088,-1.721,3.738,0
-8.01,-1.659,3.693,0
-7.954,-1.637,3.668,0
-7.902,-1.592,3.655,0
-7.901,-1.559,3.672,0
-7.951,-1.54,3.686,0
-8.051,-1.51,3.672,0
-8.167,-1.454,3.74,0
-8.323,-1.443,3.758,0
-8.491,-1.494,3.722,0
-8.636,-1.583,3.657,0
-8.72,-1.679,3.623,0
-8.743,-1.784,3.718,0
-8.76,-1.858,3.791,0
-8.801,-2.017,3.917,0
-8.82,-2.192,3.942,0
-8.757,-2.348,3.89,0
-8.661,-2.367,3.733,0
-8.493,-2.28,3.703,0
-8.254,-2.145,3.739,0
-8.07,-1.963,3.781,0
-7.934,-1.77,3.865,0
-7.895,-1.643,3.878,0
-7.925,-1.658,3.731,0
-8.037,-1.908,3.858,0
-8.256,-2.325,4.051,0
-8.652,-2.898,4.084,0
-9.079,-3.595,4.118,0
-9.46,-4.25,4.171,0
-9.743,-4.698,4.194,0
-9.869,-4.935,4.317,0
-9.873,-4.965,4.479,0
-9.947,-4.692,4.57,0
-10.047,-4.161,4.702,0
-10.091,-3.559,4.756,0
-9.988,-3.051,4.796,0
-9.742,-2.632,4.833,0
-9.371,-2.307,4.75,0
-8.921,-2.083,4.611,0
-8.443,-1.976,4.434,0
-7.98,-1.99,4.292,0
-7.661,-2.06,4.102,0
-7.405,-2.139,3.948,0
-7.266,-2.258,3.84,0
-7.232,-2.355,3.756,0
-7.352,-2.422,3.714,0
-7.547,-2.489,3.741,0
-7.761,-2.533,3.791,0
-7.955,-2.605,3.831,0
-8.032,-2.675,3.872,0
-8.006,-2.747,3.859,0
-7.908,-2.795,3.853,0
-7.803,-2.874,3.841,0
-7.777,-2.971,3.875,0
-7.904,-3.068,3.832,0
-8.123,-3.165,3.758,0
-8.403,-3.275,3.666,0
-8.652,-3.386,3.589,0
-8.83,-3.513,3.526,0
-8.918,-3.656,3.522,0
-8.919,-3.723,3.499,0
-8.894,-3.748,3.556,0
-8.839,-3.738,3.633,0
-8.829,-3.682,3.626,0
-8.793,-3.562,3.533,0
-8.684,-3.439,3.478,0
-8.574,-3.4,3.467,0
-8.502,-3.412,3.49,0
-8.454,-3.445,3.485,0
-8.431,-3.459,3.469,0
-8.416,-3.425,3.438,0
-8.406,-3.352,3.395,0
-8.402,-3.221,3.351,0
-8.39,-3.057,3.311,0
-8.36,-2.88,3.268,0
-8.317,-2.743,3.225,0
-8.235,-2.627,3.195,0
-8.184,-2.561,3.179,0
-8.143,-2.52,3.154,0
-8.124,-2.508,3.113,0
-8.158,-2.497,3.077,0
-8.177,-2.481,3.061,0
-8.197,-2.489,3.043,0
-8.222,-2.567,3.012,0
-8.26,-2.659,3.014,0
-8.297,-2.74,3.019,0
-8.339,-2.806,3.001,0
-8.373,-2.873,2.974,0
-8.336,-2.964,2.974,0
-8.333,-3.038,3.003,0
-8.352,-3.064,2.997,0
-8.386,-3.032,2.992,0
-8.419,-2.941,2.95,0
-8.405,-2.861,2.94,0
-8.385,-2.82,2.999,0
-8.386,-2.821,3.046,0
-8.406,-2.812,3.1,0
-8.434,-2.733,3.118,0
-8.441,-2.597,3.132,0
-8.443,-2.463,3.091,0
-8.4,-2.353,3.068,0
-8.324,-2.271,3.023,0
-8.228,-2.23,2.982,0
-8.143,-2.216,2.935,0
-8.052,-2.265,2.871,0
-7.976,-2.342,2.928,0
-7.972,-2.418,2.949,0
-8.028,-2.474,2.964,0
-8.109,-2.594,3.184,0
-8.325,-2.813,3.654,0
-8.767,-2.946,4.217,0
-9.439,-2.747,4.409,0
-9.92,-2.197,4.293,0
-9.873,-1.674,4.261,0
-9.513,-1.374,4.175,0
-9.12,-1.358,4.145,0
-8.874,-1.643,4.269,0
-8.885,-1.996,4.349,0
-9.043,-2.186,4.286,0
-9.224,-2.211,4.166,0
-9.325,-2.19,4.056,0
-9.314,-2.209,3.915,0
-9.217,-2.316,3.859,0
-9.181,-2.461,3.913,0
-9.187,-2.523,3.934,0
-9.227,-2.392,3.868,0
-9.197,-2.149,3.807,0
-9.067,-1.905,3.82,0
-8.871,-1.712,3.822,0
-8.656,-1.567,3.781,0
-8.468,-1.464,3.79,0
-8.252,-1.395,3.824,0
-8.103,-1.34,3.817,0
-7.991,-1.319,3.871,0
-7.959,-1.359,3.887,0
-8.029,-1.461,3.864,0
-8.104,-1.604,3.826,0
-8.164,-1.753,3.779,0
-8.239,-1.871,3.711,0
-8.33,-1.953,3.635,0
-8.433,-2.025,3.628,0
-8.589,-2.115,3.54,0
-8.766,-2.202,3.529,0
-8.934,-2.241,3.516,0
-9.031,-2.222,3.487,0
-9.118,-2.185,3.565,0
-9.242,-2.142,3.64,0
-9.355,-2.133,3.604,0
-9.293,-2.115,3.574,0
-9.07,-2.055,3.545,0
-8.882,-1.979,3.506,0
-8.756,-1.961,3.504,0
-8.704,-1.978,3.513,0
-8.664,-1.986,3.533,0
-8.636,-2.017,3.567,0
-8.631,-2.022,3.563,0
-8.611,-2.017,3.59,0
-8.546,-1.983,3.637,0
-8.473,-1.928,3.641,0
-8.421,-1.904,3.677,0
-8.448,-1.912,3.705,0
-8.507,-1.902,3.68,0
-8.575,-1.895,3.662,0
-8.652,-1.876,3.644,0
-8.706,-1.843,3.632,0
-8.761,-1.797,3.626,0
-8.765,-1.81,3.599,0
-8.771,-1.85,3.529,0
-8.746,-1.91,3.495,0
-8.67,-1.98,3.448,0
-8.561,-2.041,3.461,0
-8.505,-2.098,3.513,0
-8.527,-2.155,3.547,0
-8.585,-2.245,3.669,0
-8.613,-2.33,3.601,0
-8.596,-2.409,3.622,0
-8.542,-2.401,3.565,0
-8.459,-2.348,3.594,0
-8.396,-2.233,3.578,0
-8.429,-2.129,3.549,0
-8.513,-2.032,3.685,0
-8.6,-1.991,3.721,0
-8.676,-2.023,3.768,0
-8.745,-2.082,3.735,0
-8.778,-2.195,3.732,0
-8.829,-2.322,3.78,0
-8.939,-2.546,3.834,0
-9.13,-2.851,3.878,0
-9.319,-3.129,3.98,0
-9.427,-3.286,4.064,0
-9.383,-3.359,4.147,0
-9.273,-3.363,4.163,0
-9.206,-3.31,4.104,0
-9.262,-3.154,4.072,0
-9.376,-2.952,4.097,0
-9.533,-2.745,4.221,0
-9.703,-2.556,4.334,0
-9.83,-2.394,4.447,0
-9.842,-2.329,4.546,0
-9.712,-2.332,4.6,0
-9.514,-2.285,4.521,0
-9.233,-2.163,4.428,0
-8.911,-2.027,4.346,0
-8.599,-1.864,4.292,0
-8.274,-1.7,4.206,0
-7.91,-1.566,4.104,0
-7.544,-1.487,3.923,0
-7.23,-1.514,3.787,0
-7.012,-1.569,3.613,0
-6.94,-1.643,3.495,0
-6.964,-1.719,3.459,0
-7.061,-1.812,3.414,0
-7.198,-1.948,3.458,0
-7.441,-2.225,3.628,0
-7.778,-2.611,3.751,0
-8.121,-3.004,3.746,0
-8.401,-3.392,3.833,0
-8.57,-3.673,3.892,0
-8.729,-3.792,3.879,0
-8.866,-3.78,3.802,0
-9.045,-3.723,3.748,0
-9.227,-3.631,3.653,0
-9.334,-3.573,3.711,0
-9.355,-3.539,3.702,0
-9.322,-3.492,3.698,0
-9.212,-3.421,3.696,0
-9.065,-3.339,3.768,0
-8.903,-3.189,3.718,0
-8.697,-2.969,3.552,0
-8.53,-2.789,3.415,0
-8.395,-2.695,3.346,0
-8.302,-2.699,3.272,0
-8.288,-2.736,3.168,0
-8.318,-2.779,3.125,0
-8.341,-2.836,3.154,0
-8.315,-2.858,3.123,0
-8.227,-2.837,3.062,0
-8.099,-2.805,3.044,0
-7.969,-2.771,2.992,0
-7.863,-2.744,2.935,0
-7.791,-2.732,2.951,0
-7.821,-2.708,2.96,0
-7.903,-2.64,2.942,0
-7.979,-2.56,2.836,0
-7.987,-2.46,2.714,0
-7.916,-2.518,2.831,0
-7.891,-2.696,2.937,0
-7.932,-2.821,2.872,0
-7.937,-2.927,2.881,0
-7.926,-3.024,3.001,0
-7.933,-3.071,3.164,0
-8.015,-2.964,3.078,0
-8.023,-2.841,3.116,0
-8.046,-2.753,3.26,0
-8.121,-2.704,3.457,0
-8.31,-2.605,3.416,0
-8.518,-2.407,3.279,0
-8.615,-2.246,3.175,0
-8.711,-2.355,3.608,0
-9.205,-2.784,4.612,0
-10.257,-2.683,4.127,0
-10.792,-2.348,3.693,0
-10.602,-2.403,4.057,0
-10.395,-2.587,4.186,0
-10.324,-2.905,4.403,0
-10.323,-3.236,4.767,0
-10.378,-3.35,5.065,0
-10.503,-3.173,5.151,0
-10.502,-2.676,4.94,0
-10.108,-2.037,4.68,0
-9.399,-1.563,4.547,0
-8.651,-1.247,4.465,0
-8.071,-0.984,4.325,0
-7.582,-0.711,4.066,0
-7.149,-0.523,3.895,0
-6.826,-0.433,3.758,0
-6.684,-0.41,3.756,0
-6.681,-0.484,3.772,0
-6.789,-0.62,3.727,0
-7.016,-0.775,3.667,0
-7.327,-0.971,3.629,0
-7.667,-1.248,3.667,0
-8.07,-1.615,3.817,0
-8.484,-2.017,3.897,0
-8.835,-2.387,3.92,0
-9.026,-2.687,3.914,0
-9.059,-2.867,3.989,0
-9.096,-2.968,4.124,0
-9.201,-2.921,4.122,0
-9.18,-2.787,4.038,0
-9.168,-2.55,3.991,0
-9.123,-2.282,4.017,0
-9.047,-1.962,4.055,0
-8.968,-1.684,4.048,0
-8.912,-1.55,4.102,0
-8.88,-1.525,4.116,0
-8.803,-1.579,4.098,0
-8.734,-1.684,4.064,0
-8.682,-1.787,4.073,0
-8.663,-1.883,4.068,0
-8.617,-1.9,4.069,0
-8.561,-1.882,4.046,0
-8.506,-1.84,3.958,0
-8.423,-1.776,3.958,0
-8.3,-1.692,4.0,0
-8.189,-1.6,4.045,0
-8.167,-1.55,4.064,0
-8.159,-1.519,4.066,0
-8.121,-1.532,4.113,0
-8.08,-1.566,4.093,0
-8.054,-1.652,4.104,0
-8.027,-1.738,4.072,0
-8.03,-1.825,3.996,0
-8.01,-1.894,3.922,0
-8.005,-1.951,3.876,0
-8.055,-1.968,3.858,0
-8.127,-1.963,3.822,0
-8.21,-1.964,3.793,0
-8.319,-1.941,3.791,0
-8.423,-1.872,3.802,0
-8.485,-1.826,3.89,0
-8.531,-1.801,3.935,0
-8.567,-1.828,3.924,0
-8.577,-1.879,3.937,0
-8.55,-1.912,4.009,0
-8.544,-1.992,4.161,0
-8.66,-2.202,4.367,0
-8.985,-2.487,4.489,0
-9.371,-2.858,4.628,0
-9.758,-3.477,4.857,0
-10.156,-4.248,5.012,0
-10.413,-4.941,5.11,0
-10.399,-5.255,5.13,0
-10.025,-5.103,5.119,0
-9.51,-4.695,5.071,0
-9.137,-4.184,4.927,0
-8.826,-3.531,4.718,0
-8.495,-2.789,4.494,0
-8.112,-2.066,4.29,0
-7.677,-1.523,4.099,0
-7.258,-1.325,3.986,0
-6.915,-1.342,3.823,0
-6.689,-1.498,3.746,0
-6.603,-1.661,3.67,0
-6.653,-1.789,3.52,0
-6.838,-1.918,3.512,0
-7.12,-2.147,3.535,0
-7.544,-2.476,3.574,0
-8.061,-2.879,3.796,0
-8.62,-3.302,4.045,0
-9.056,-3.634,4.172,0
-9.303,-3.873,4.247,0
-9.394,-3.953,4.227,0
-9.344,-3.938,4.297,0
-9.2,-3.852,4.394,0
-9.085,-3.668,4.421,0
-9.072,-3.504,4.475,0
-9.162,-3.329,4.486,0
-9.263,-3.152,4.45,0
-9.239,-2.966,4.4,0
-9.089,-2.762,4.268,0
-8.837,-2.545,4.157,0
-8.518,-2.375,4.019,0
-8.186,-2.333,3.904,0
-7.874,-2.394,3.782,0
-7.682,-2.559,3.687,0
-7.576,-2.727,3.587,0
-7.532,-2.894,3.506,0
-7.522,-3.087,3.414,0
-7.567,-3.239,3.272,0
-7.589,-3.281,3.204,0
-7.615,-3.194,3.147,0
-7.611,-2.995,3.064,0
-7.597,-2.778,3.061,0
-7.604,-2.604,2.989,0
-7.605,-2.532,2.944,0
-7.582,-2.546,2.998,0
-7.547,-2.627,2.987,0
-7.549,-2.696,2.964,0
-7.586,-2.746,2.998,0
-7.632,-2.809,3.084,0
-7.701,-2.87,3.179,0
-7.76,-2.895,3.317,0
-7.855,-2.812,3.412,0
-7.925,-2.634,3.384,0
-7.977,-2.417,3.398,0
-8.046,-2.231,3.407,0
-8.13,-2.059,3.32,0
-8.186,-1.951,3.158,0
-8.165,-1.961,2.977,0
-8.11,-2.075,2.864,0
-8.089,-2.315,2.792,0
-8.247,-2.628,2.759,0
-8.555,-2.905,2.78,0
-8.969,-3.297,3.363,0
-9.665,-3.638,4.412,0
-10.782,-3.68,5.106,0
-11.912,-3.083,4.926,0
-12.128,-2.242,4.686,0
-11.499,-1.916,4.902,0
-10.837,-1.929,4.869,0
-10.247,-2.132,5.009,0
-9.771,-2.27,4.907,0
-9.355,-2.175,4.715,0
-9.015,-1.863,4.428,0
-8.654,-1.455,4.188,0
-8.354,-1.099,4.011,0
-8.143,-0.825,4.06,0
-8.023,-0.612,4.026,0
-8.025,-0.452,3.917,0
-8.004,-0.35,3.766,0
-7.911,-0.399,3.709,0
-7.827,-0.578,3.771,0
-7.881,-0.98,3.959,0
-8.088,-1.449,4.093,0
-8.37,-1.896,4.143,0
-8.644,-2.328,4.193,0
-8.838,-2.63,4.198,0
-8.883,-2.778,4.216,0
-8.842,-2.824,4.261,0
-8.832,-2.75,4.377,0
-8.912,-2.67,4.487,0
-9.109,-2.672,4.543,0
-9.232,-2.676,4.515,0
-9.215,-2.696,4.493,0
-9.087,-2.707,4.456,0
-8.938,-2.728,4.383,0
-8.78,-2.712,4.25,0
-8.604,-2.704,4.185,0
-8.401,-2.608,4.128,0
-8.209,-2.461,4.091,0
-8.057,-2.257,4.041,0
-7.939,-2.013,3.978,0
-7.847,-1.759,3.905,0
-7.764,-1.521,3.815,0
-7.664,-1.262,3.805,0
-7.578,-1.046,3.827,0
-7.532,-0.837,3.834,0
-7.51,-0.669,3.829,0
-7.481,-0.558,3.849,0
-7.482,-0.568,3.953,0
-7.59,-0.697,4.01,0
-7.75,-0.912,4.067,0
-7.881,-1.169,4.114,0
-7.961,-1.473,4.248,0
-8.036,-1.749,4.321,0
-8.127,-1.984,4.484,0
-8.203,-2.176,4.482,0
-8.176,-2.279,4.285,0
-8.062,-2.263,4.231,0
-8.07,-2.063,4.068,0
-8.092,-1.763,4.075,0
-8.085,-1.498,4.099,0
-8.108,-1.256,4.058,0
-8.158,-1.063,4.022,0
-8.324,-1.085,3.952,0
-8.567,-1.414,4.007,0
-8.934,-2.015,4.132,0
-9.392,-2.621,4.034,0
-9.697,-3.208,4.118,0
-9.823,-3.754,4.369,0
-9.864,-4.314,4.79,0
-9.913,-4.8,5.314,0
-10.073,-5.096,5.615,0
-10.218,-5.074,5.719,0
-10.101,-4.621,5.875,0
-9.711,-3.826,5.812,0
-9.212,-2.999,5.572,0
-8.668,-2.347,5.309,0
-8.03,-1.89,4.971,0
-7.492,-1.639,4.542,0
-7.086,-1.535,4.164,0
-6.781,-1.659,3.807,0
-6.745,-2.03,3.483,0
-6.835,-2.516,3.365,0
-7.039,-2.924,3.215,0
-7.249,-3.192,3.132,0
-7.517,-3.485,3.356,0
-7.954,-3.845,3.781,0
-8.503,-4.097,4.175,0
-8.977,-4.188,4.345,0
-9.133,-4.145,4.372,0
-9.072,-4.029,4.308,0
-8.896,-3.906,4.394,0
-8.796,-3.812,4.647,0
-8.799,-3.727,4.795,0
-8.848,-3.564,4.856,0
-8.881,-3.332,4.87,0
-8.768,-3.064,4.822,0
-8.533,-2.724,4.695,0
-8.251,-2.44,4.579,0
-8.001,-2.21,4.363,0
-7.81,-2.177,4.238,0
-7.671,-2.312,4.093,0
-7.631,-2.479,3.865,0
-7.624,-2.706,3.77,0
-7.628,-2.948,3.719,0
-7.598,-3.113,3.595,0
-7.615,-3.207,3.522,0
-7.684,-3.217,3.392,0
-7.746,-3.176,3.31,0
-7.801,-3.139,3.331,0
-7.876,-3.084,3.453,0
-7.976,-3.062,3.591,0
-8.059,-2.966,3.5,0
-8.005,-2.782,3.43,0
-7.921,-2.678,3.527,0
-7.911,-2.593,3.475,0
-7.855,-2.553,3.484,0
-7.76,-2.458,3.402,0
-7.591,-2.344,3.237,0
-7.343,-2.296,3.169,0
-7.112,-2.354,3.203,0
-6.987,-2.462,3.198,0
-6.944,-2.549,3.088,0
-6.924,-2.683,3.276,0
-7.093,-2.908,3.687,0
-7.563,-2.968,3.951,0
-8.18,-2.783,4.001,0
-8.775,-2.814,4.79,0
-9.716,-2.793,5.28,0
-10.662,-2.28,4.98,0
-11.088,-1.718,4.975,0
-11.062,-1.356,4.718,0
-10.594,-1.44,4.67,0
-10.146,-1.796,5.016,0
-10.078,-2.189,5.569,0
-10.319,-2.163,5.606,0
-10.354,-1.667,5.309,0
-9.911,-0.986,4.902,0
-9.219,-0.476,4.81,0
-8.667,-0.168,4.78,0
-8.426,0.018,4.633,0
-8.282,0.083,4.507,0
-8.079,0.068,4.285,0
-7.807,-0.055,4.125,0
-7.563,-0.209,4.007,0
-7.407,-0.484,4.071,0
-7.398,-0.887,4.162,0
-7.558,-1.259,4.197,0
-7.817,-1.676,4.192,0
-8.145,-2.09,4.193,0
-8.391,-2.505,4.39,0
-8.597,-2.817,4.604,0
-8.77,-3.075,4.578,0
-8.772,-3.228,4.404,0
-8.555,-3.219,4.296,0
-8.323,-3.064,4.3,0
-8.283,-2.822,4.295,0
-8.367,-2.566,4.266,0
-8.448,-2.351,4.227,0
-8.507,-2.076,4.218,0
-8.496,-1.777,4.224,0
-8.448,-1.506,4.255,0
-8.377,-1.319,4.289,0
-8.313,-1.186,4.275,0
-8.244,-1.086,4.228,0
-8.165,-1.006,4.201,0
-8.085,-0.943,4.13,0
-7.987,-0.944,4.068,0
-7.884,-0.978,4.033,0
-7.831,-1.053,4.071,0
-7.833,-1.188,4.072,0
-7.834,-1.397,4.038,0
-7.822,-1.611,4.004,0
-7.842,-1.841,3.974,0
-7.945,-2.031,3.944,0
-8.017,-2.187,3.881,0
-8.085,-2.328,3.935,0
-8.179,-2.442,4.039,0
-8.317,-2.518,4.146,0
-8.414,-2.528,4.152,0
-8.427,-2.484,4.194,0
-8.432,-2.436,4.153,0
-8.481,-2.377,4.017,0
-8.545,-2.272,3.913,0
-8.537,-2.203,3.884,0
-8.522,-2.224,3.935,0
-8.639,-2.332,4.049,0
-8.982,-2.603,4.054,0
-9.273,-3.014,4.075,0
-9.426,-3.452,4.107,0
-9.68,-3.939,4.388,0
-10.078,-4.571,4.908,0
-10.569,-5.317,5.176,0
-10.788,-5.846,5.22,0
-10.381,-5.805,4.914,0
-9.639,-5.347,4.599,0
-9.08,-4.94,4.833,0
-8.809,-4.389,4.876,0
-8.73,-3.634,4.707,0
-8.712,-2.878,4.616,0
-8.65,-2.143,4.489,0
-8.414,-1.652,4.412,0
-7.939,-1.323,4.337,0
-7.373,-1.186,4.203,0
-6.905,-1.204,4.079,0
-6.626,-1.222,3.94,0
-6.531,-1.345,3.868,0
-6.672,-1.579,3.852,0
-6.977,-1.941,3.873,0
-7.383,-2.355,3.987,0
-7.836,-2.802,4.107,0
-8.23,-3.215,4.212,0
-8.551,-3.507,4.319,0
-8.671,-3.609,4.362,0
-8.685,-3.557,4.301,0
-8.606,-3.412,4.269,0
-8.525,-3.272,4.246,0
-8.522,-3.225,4.329,0
-8.61,-3.162,4.325,0
-8.712,-2.994,4.25,0
-8.77,-2.807,4.232,0
-8.732,-2.635,4.155,0
-8.602,-2.521,4.024,0
-8.405,-2.5,3.942,0
-8.184,-2.598,3.879,0
-8.012,-2.762,3.796,0
-7.872,-2.922,3.708,0
-7.782,-3.058,3.649,0
-7.742,-3.162,3.631,0
-7.805,-3.248,3.575,0
-7.896,-3.309,3.507,0
-7.982,-3.361,3.426,0
-8.074,-3.388,3.331,0
-8.085,-3.381,3.21,0
-8.049,-3.343,3.151,0
-7.981,-3.275,3.089,0
-7.927,-3.258,3.037,0
-7.916,-3.269,3.01,0
-7.918,-3.242,2.961,0
-7.902,-3.141,2.925,0
-7.859,-3.034,2.958,0
-7.839,-2.914,2.951,0
-7.768,-2.761,2.903,0
-7.666,-2.648,2.937,0
-7.53,-2.587,2.994,0
-7.431,-2.537,2.939,0
-7.326,-2.522,2.916,0
-7.234,-2.523,2.898,0
-7.216,-2.476,2.855,0
-7.223,-2.458,3.022,0
-7.355,-2.404,3.077,0
-7.562,-2.32,3.099,0
-7.809,-2.242,3.253,0
-8.164,-2.194,3.447,0
-8.69,-2.163,3.7,0
-9.35,-2.358,4.794,0
-10.512,-2.385,5.326,0
-11.548,-1.637,4.274,0
-11.265,-1.057,3.572,0
-10.19,-1.46,4.06,0
-9.679,-2.244,4.004,0
-9.501,-3.044,4.018,0
-9.694,-3.783,4.306,0
-10.332,-4.202,4.467,0
-11.122,-4.203,4.524,0
-11.703,-3.839,4.427,0
-11.761,-3.305,4.476,0
-11.421,-2.845,4.566,0
-10.895,-2.488,4.667,0
-10.326,-2.13,4.655,0
-9.659,-1.676,4.55,0
-8.884,-1.169,4.418,0
-8.134,-0.704,4.27,0
-7.429,-0.273,4.043,0
-6.784,0.039,3.945,0
-6.297,0.255,3.823,0
-6.003,0.413,3.696,0
-5.931,0.457,3.604,0
-6.097,0.422,3.486,0
-6.412,0.245,3.435,0
-6.831,-0.088,3.474,0
-7.354,-0.532,3.563,0
-7.951,-1.097,3.695,0
-8.539,-1.701,3.802,0
-9.036,-2.332,3.952,0
-9.334,-2.86,4.039,0
-9.363,-3.179,4.1,0
-9.27,-3.34,4.319,0
-9.277,-3.408,4.479,0
-9.412,-3.399,4.405,0
-9.458,-3.189,4.233,0
-9.242,-2.846,4.188,0
-9.008,-2.459,4.187,0
-8.861,-2.174,4.17,0
-8.775,-1.969,4.118,0
-8.673,-1.821,4.046,0
-8.577,-1.742,4.003,0
-8.482,-1.676,3.926,0
-8.398,-1.664,3.876,0
-8.293,-1.704,3.822,0
-8.216,-1.757,3.761,0
-8.124,-1.738,3.704,0
-8.052,-1.687,3.704,0
-8.006,-1.584,3.655,0
-7.984,-1.473,3.647,0
-7.977,-1.347,3.677,0
-7.977,-1.198,3.719,0
-8.018,-1.067,3.71,0
-8.016,-0.986,3.76,0
-7.972,-0.942,3.866,0
-7.952,-0.94,3.954,0
-7.958,-0.986,4.056,0
-8.009,-1.065,4.027,0
-8.056,-1.229,3.954,0
-8.104,-1.417,3.849,0
-8.131,-1.578,3.788,0
-8.196,-1.746,3.953,0
-8.241,-1.925,4.007,0
-8.22,-2.087,3.937,0
-8.16,-2.007,3.705,0
-8.115,-1.853,3.594,0
-8.167,-1.726,3.614,0
-8.34,-1.707,3.7,0
-8.556,-1.757,3.807,0
-8.741,-1.917,3.949,0
-9.102,-2.158,3.918,0
-9.534,-2.545,3.882,0
-9.804,-3.091,3.96,0
-9.932,-3.66,4.334,0
-10.13,-4.147,4.605,0
-10.387,-4.559,4.895,0
-10.475,-4.857,5.189,0
-10.23,-4.992,5.349,0
-9.844,-4.847,5.342,0
-9.527,-4.371,5.26,0
-9.331,-3.65,5.112,0
-9.18,-2.947,4.931,0
-8.989,-2.343,4.686,0
-8.711,-2.012,4.527,0
-8.396,-1.907,4.276,0
-8.033,-2.047,3.962,0
-7.734,-2.385,3.646,0
-7.545,-2.678,3.366,0
-7.463,-2.946,3.299,0
-7.453,-3.142,3.34,0
-7.48,-3.219,3.371,0
-7.527,-3.33,3.444,0
-7.642,-3.36,3.511,0
-7.83,-3.305,3.552,0
-8.06,-3.276,3.708,0
-8.295,-3.27,3.937,0
-8.569,-3.323,4.113,0
-8.792,-3.462,4.247,0
-8.881,-3.59,4.278,0
-8.843,-3.696,4.29,0
-8.761,-3.722,4.285,0
-8.731,-3.689,4.314,0
-8.785,-3.629,4.349,0
-8.911,-3.555,4.412,0
-9.04,-3.371,4.38,0
-9.15,-3.084,4.283,0
-9.178,-2.784,4.219,0
-9.081,-2.537,4.182,0
-8.874,-2.354,4.06,0
-8.593,-2.304,3.956,0
-8.362,-2.341,3.861,0
-8.139,-2.457,3.786,0
-7.96,-2.617,3.676,0
-7.834,-2.79,3.549,0
-7.74,-2.955,3.509,0
-7.671,-3.089,3.412,0
-7.589,-3.16,3.308,0
-7.538,-3.169,3.236,0
-7.486,-3.163,3.227,0
-7.469,-3.137,3.227,0
-7.479,-3.085,3.234,0
-7.482,-3.01,3.238,0
-7.492,-2.955,3.258,0
-7.5,-2.928,3.26,0
-7.484,-2.88,3.213,0
-7.48,-2.84,3.086,0
-7.462,-2.856,3.085,0
-7.477,-2.926,3.156,0
-7.549,-2.931,3.075,0
-7.619,-2.869,3.021,0
-7.654,-2.842,2.985,0
-7.66,-2.868,3.007,0
-7.712,-2.892,3.089,0
-7.796,-2.833,3.08,0
-7.872,-2.672,2.969,0
-7.892,-2.521,2.912,0
-7.87,-2.44,2.992,0
-7.948,-2.405,3.023,0
-8.011,-2.418,3.125,0
-8.144,-2.434,3.242,0
-8.358,-2.396,3.254,0
-8.566,-2.407,3.314,0
-8.869,-2.591,3.647,0
-9.305,-2.92,4.495,0
-10.15,-2.924,4.75,0
-10.998,-2.384,4.147,0
-11.114,-2.1,4.071,0
-10.758,-2.296,4.21,0
-10.347,-2.606,4.271,0
-10.085,-3.047,4.416,0
-10.029,-3.418,4.577,0
-10.079,-3.576,4.717,0
-10.202,-3.348,4.692,0
-10.248,-2.896,4.644,0
-10.036,-2.317,4.472,0
-9.574,-1.792,4.371,0
-8.999,-1.333,4.323,0
-8.427,-0.87,4.133,0
-8.027,-0.46,3.945,0
-7.762,-0.145,3.73,0
-7.548,0.05,3.567,0
-7.364,0.116,3.517,0
-7.306,0.021,3.44,0
-7.351,-0.309,3.454,0
-7.51,-0.799,3.579,0
-7.782,-1.265,3.683,0
-8.091,-1.795,3.808,0
-8.395,-2.378,3.979,0
-8.704,-2.961,4.147,0
-8.937,-3.424,4.145,0
-8.942,-3.656,4.105,0
-8.777,-3.683,4.005,0
-8.561,-3.556,4.093,0
-8.55,-3.388,4.264,0
-8.8,-3.237,4.306,0
-9.072,-3.04,4.172,0
-9.102,-2.768,4.117,0
-8.967,-2.425,4.128,0
-8.855,-2.109,4.114,0
-8.769,-1.873,4.094,0
-8.679,-1.723,4.068,0
-8.585,-1.562,4.016,0
-8.51,-1.41,3.978,0
-8.433,-1.29,3.921,0
-8.361,-1.188,3.887,0
-8.326,-1.099,3.848,0
-8.277,-1.002,3.79,0
-8.216,-0.943,3.748,0
-8.106,-0.902,3.654,0
-7.977,-0.906,3.629,0
-7.82,-0.889,3.633,0
-7.66,-0.83,3.57,0
-7.462,-0.811,3.606,0
-7.255,-0.782,3.701,0
-7.098,-0.756,3.743,0
-7.048,-0.784,3.841,0
-7.079,-0.905,4.18,0
-7.215,-1.198,4.498,0
-7.49,-1.67,4.406,0
-7.653,-2.158,4.113,0
-7.641,-2.175,3.822,0
-7.611,-1.973,3.851,0
-7.665,-1.808,3.946,0
-7.869,-1.724,4.009,0
-8.24,-1.827,4.24,0
-8.875,-2.021,4.272,0
-9.738,-2.467,4.034,0
-10.33,-3.202,4.008,0
-10.332,-3.795,4.008,0
-10.189,-4.128,4.106,0
-10.189,-4.441,4.698,0
-10.245,-5.053,5.229,0
-10.305,-5.748,5.318,0
-10.03,-6.056,5.203,0
-9.542,-5.698,5.105,0
-9.109,-4.844,5.063,0
-8.8,-3.976,5.06,0
-8.612,-3.251,4.964,0
-8.533,-2.712,4.681,0
-8.485,-2.466,4.444,0
-8.33,-2.47,4.227,0
-8.16,-2.551,3.997,0
-8.01,-2.612,3.832,0
-7.929,-2.6,3.734,0
-7.936,-2.581,3.746,0
-8.074,-2.559,3.805,0
-8.296,-2.533,3.85,0
-8.457,-2.468,3.872,0
-8.525,-2.433,4.019,0
-8.52,-2.398,4.106,0
-8.437,-2.443,4.232,0
-8.329,-2.578,4.333,0
-8.182,-2.738,4.388,0
-8.103,-2.912,4.401,0
-8.083,-3.034,4.397,0
-8.075,-3.076,4.327,0
-8.112,-3.127,4.253,0
-8.157,-3.136,4.228,0
-8.192,-3.093,4.13,0
-8.253,-3.076,4.076,0
-8.356,-3.108,4.067,0
-8.492,-3.151,4.024,0
-8.542,-3.199,4.007,0
-8.494,-3.286,4.002,0
-8.403,-3.388,3.95,0
-8.275,-3.479,3.919,0
-8.133,-3.506,3.824,0
-8.036,-3.493,3.788,0
-8.039,-3.461,3.783,0
-8.069,-3.431,3.743,0
-8.072,-3.361,3.681,0
-8.069,-3.303,3.674,0
-8.081,-3.256,3.634,0
-8.052,-3.192,3.598,0
-8.055,-3.13,3.541,0
-8.021,-3.066,3.518,0
-7.994,-3.005,3.478,0
-7.962,-2.925,3.392,0
-7.88,-2.854,3.315,0
-7.808,-2.81,3.31,0
-7.806,-2.785,3.317,0
-7.86,-2.782,3.279,0
-7.973,-2.776,3.231,0
-8.084,-2.792,3.191,0
-8.187,-2.829,3.186,0
-8.26,-2.884,3.182,0
-8.243,-2.953,3.171,0
-8.189,-3.06,3.209,0
-8.144,-3.113,3.231,0
-8.103,-3.133,3.259,0
-8.045,-3.067,3.195,0
-7.975,-2.974,3.15,0
-7.897,-2.903,3.195,0
-7.871,-2.859,3.251,0
-7.902,-2.854,3.421,0
-8.039,-2.73,3.355,0
-8.075,-2.624,3.362,0
-8.084,-2.534,3.393,0
-8.134,-2.474,3.414,0
-8.186,-2.417,3.45,0
-8.271,-2.355,3.486,0
-8.434,-2.552,4.252,0
-9.114,-2.755,4.937,0
-10.094,-2.294,4.231,0
-10.248,-1.701,3.769,0
-9.824,-1.577,3.911,0
-9.444,-1.689,3.918,0
-9.201,-2.044,4.071,0
-9.197,-2.476,4.313,0
-9.46,-2.837,4.564,0
-9.832,-2.938,4.599,0
-10.068,-2.804,4.527,0
-9.974,-2.513,4.316,0
-9.551,-2.268,4.199,0
-8.997,-2.158,4.25,0
-8.569,-2.097,4.263,0
-8.293,-1.978,4.116,0
-8.142,-1.749,3.991,0
-8.034,-1.486,3.837,0
-7.935,-1.26,3.762,0
-7.911,-1.148,3.733,0
-7.94,-1.116,3.717,0
-8.019,-1.254,3.783,0
-8.097,-1.455,3.824,0
-8.172,-1.677,3.883,0
-8.299,-1.917,3.981,0
-8.415,-2.14,4.141,0
-8.543,-2.3,4.216,0
-8.627,-2.393,4.221,0
-8.625,-2.418,4.223,0
-8.595,-2.303,4.169,0
-8.644,-2.089,4.103,0
-8.747,-1.834,4.075,0
-8.92,-1.622,4.032,0
-9.092,-1.443,4.007,0
-9.194,-1.363,4.003,0
-9.167,-1.352,4.021,0
-9.07,-1.367,4.068,0
-8.971,-1.506,4.066,0
-8.906,-1.685,4.023,0
-8.814,-1.882,4.001,0
-8.67,-2.015,3.949,0
-8.518,-2.062,3.924,0
-8.341,-2.018,3.883,0
-8.187,-1.888,3.865,0
-8.077,-1.743,3.844,0
-7.978,-1.577,3.864,0
-7.881,-1.427,3.853,0
-7.798,-1.244,3.837,0
-7.696,-1.131,3.87,0
-7.652,-1.062,3.945,0
-7.647,-1.034,3.997,0
-7.617,-1.068,4.001,0
-7.615,-1.103,4.112,0
-7.639,-1.198,4.32,0
-7.81,-1.377,4.442,0
-7.954,-1.665,4.346,0
-7.927,-1.901,4.143,0
-7.846,-1.902,3.931,0
-7.902,-1.773,3.95,0
-8.063,-1.559,3.93,0
-8.222,-1.66,3.969,0
-8.465,-1.968,3.87,0
-8.825,-2.284,3.656,0
-9.075,-2.704,3.564,0
-9.19,-3.235,3.678,0
-9.469,-3.881,3.803,0
-9.867,-4.803,4.088,0
-10.141,-5.694,4.358,0
-10.158,-6.186,4.363,0
-9.883,-6.145,4.304,0
-9.555,-5.687,4.285,0
-9.355,-5.045,4.267,0
-9.353,-4.382,4.255,0
-9.37,-3.62,4.267,0
-9.429,-2.854,4.443,0
-9.444,-2.147,4.571,0
-9.277,-1.551,4.654,0
-8.957,-1.116,4.646,0
-8.476,-0.871,4.623,0
-7.988,-0.835,4.652,0
-7.632,-0.931,4.625,0
-7.419,-1.125,4.623,0
-7.386,-1.366,4.558,0
-7.481,-1.6,4.512,0
-7.629,-1.791,4.43,0
-7.804,-1.977,4.373,0
-8.01,-2.12,4.362,0
-8.148,-2.217,4.337,0
-8.239,-2.31,4.299,0
-8.289,-2.412,4.277,0
-8.281,-2.482,4.261,0
-8.189,-2.596,4.193,0
-8.079,-2.714,4.087,0
-7.999,-2.869,4.028,0
-7.967,-3.053,3.866,0
-7.989,-3.255,3.783,0
-7.994,-3.443,3.677,0
-7.985,-3.588,3.596,0
-8.047,-3.704,3.593,0
-8.165,-3.812,3.58,0
-8.323,-3.922,3.553,0
-8.426,-3.954,3.537,0
-8.44,-3.924,3.499,0
-8.41,-3.893,3.452,0
-8.348,-3.869,3.472,0
-8.341,-3.89,3.499,0
-8.393,-3.898,3.472,0
-8.453,-3.908,3.474,0
-8.481,-3.887,3.499,0
-8.527,-3.824,3.481,0
-8.551,-3.731,3.49,0
-8.542,-3.601,3.497,0
-8.506,-3.455,3.503,0
-8.471,-3.357,3.517,0
-8.445,-3.276,3.53,0
-8.429,-3.183,3.521,0
-8.395,-3.1,3.505,0
-8.371,-3.026,3.509,0
-8.354,-2.982,3.523,0
-8.352,-2.927,3.518,0
-8.34,-2.881,3.475,0
-8.311,-2.879,3.448,0
-8.263,-2.9,3.428,0
-8.219,-2.943,3.439,0
-8.178,-2.982,3.466,0
-8.175,-3.0,3.455,0
-8.204,-3.004,3.473,0
-8.248,-2.952,3.448,0
-8.297,-2.872,3.432,0
-8.338,-2.804,3.374,0
-8.351,-2.745,3.303,0
-8.341,-2.761,3.252,0
-8.311,-2.833,3.2,0
-8.289,-2.91,3.139,0
-8.274,-2.989,3.094,0
-8.275,-3.088,3.026,0
-8.265,-3.144,2.925,0
-8.227,-3.206,2.886,0
-8.214,-3.285,2.904,0
-8.212,-3.343,2.943,0
-8.232,-3.327,2.934,0
-8.265,-3.309,2.952,0
-8.302,-3.241,2.956,0
-8.306,-3.142,2.976,0
-8.293,-3.035,2.992,0
-8.217,-2.913,2.985,0
-8.14,-2.825,2.989,0
-8.111,-2.769,3.005,0
-8.085,-2.741,2.951,0
-8.044,-2.716,2.876,0
-8.041,-2.786,3.025,0
-8.161,-2.775,2.998,0
-8.226,-2.727,3.028,0
-8.343,-2.691,3.17,0
-8.591,-2.729,3.728,0
-9.197,-2.794,4.51,0
-10.035,-2.497,4.524,0
-10.377,-1.751,3.918,0
-9.927,-1.246,3.718,0
-9.28,-1.24,3.745,0
-8.821,-1.567,3.684,0
-8.567,-2.093,3.671,0
-8.565,-2.585,3.649,0
-8.747,-2.935,3.607,0
-9.052,-3.132,3.535,0
-9.354,-3.17,3.458,0
-9.548,-3.156,3.424,0
-9.688,-3.158,3.517,0
-9.801,-3.15,3.659,0
-9.964,-3.097,3.825,0
-10.128,-3.018,4.073,0
-10.251,-2.85,4.208,0
-10.187,-2.611,4.271,0
-9.879,-2.366,4.291,0
-9.385,-2.139,4.302,0
-8.797,-1.902,4.263,0
-8.242,-1.687,4.217,0
-7.776,-1.489,4.082,0
-7.453,-1.245,3.891,0
-7.188,-1.04,3.778,0
-7.044,-0.853,3.658,0
-6.994,-0.783,3.694,0
-7.039,-0.766,3.775,0
-7.191,-0.737,3.784,0
-7.454,-0.777,3.816,0
-7.808,-0.92,3.87,0
-8.215,-1.134,3.927,0
-8.576,-1.427,4.104,0
-8.885,-1.724,4.149,0
-9.1,-2.06,4.166,0
-9.112,-2.385,4.153,0
-8.998,-2.621,4.144,0
-8.856,-2.756,4.151,0
-8.752,-2.776,4.151,0
-8.607,-2.663,4.103,0
-8.5,-2.472,4.04,0
-8.473,-2.214,3.965,0
-8.481,-1.931,3.952,0
-8.515,-1.702,3.942,0
-8.542,-1.542,3.937,0
-8.478,-1.446,3.926,0
-8.328,-1.379,3.883,0
-8.162,-1.326,3.851,0
-7.98,-1.275,3.781,0
-7.757,-1.203,3.673,0
-7.502,-1.161,3.701,0
-7.378,-1.12,3.794,0
-7.371,-1.143,3.798,0
-7.395,-1.288,4.041,0
-7.481,-1.481,4.447,0
-7.666,-1.725,4.526,0
-7.621,-1.936,4.07,0
-7.33,-2.183,3.944,0
-7.416,-2.273,3.904,0
-7.859,-2.37,3.969,0
-8.308,-2.783,4.223,0
-8.881,-3.16,4.172,0
-9.54,-3.659,4.117,0
-10.131,-4.367,4.196,0
-10.587,-4.991,4.286,0
-10.76,-5.584,4.311,0
-10.565,-5.936,4.183,0
-10.205,-6.007,4.153,0
-9.823,-5.791,4.187,0
-9.473,-5.345,4.188,0
-9.261,-4.753,4.18,0
-9.16,-4.21,4.297,0
-8.974,-3.73,4.403,0
-8.703,-3.294,4.398,0
-8.402,-2.964,4.433,0
-8.135,-2.725,4.487,0
-7.895,-2.52,4.55,0
-7.729,-2.332,4.507,0
-7.636,-2.217,4.572,0
-7.658,-2.106,4.599,0
-7.767,-1.978,4.563,0
-7.838,-1.887,4.511,0
-7.883,-1.839,4.463,0
-7.891,-1.862,4.465,0
-7.878,-1.916,4.452,0
-7.852,-1.985,4.391,0
-7.807,-2.076,4.323,0
-7.795,-2.185,4.267,0
-7.828,-2.314,4.186,0
-7.862,-2.466,4.125,0
-7.893,-2.648,4.012,0
-7.939,-2.811,3.922,0
-7.982,-2.97,3.845,0
-8.062,-3.153,3.769,0
-8.166,-3.338,3.699,0
-8.279,-3.527,3.637,0
-8.356,-3.683,3.587,0
-8.399,-3.788,3.553,0
-8.415,-3.81,3.562,0
-8.393,-3.822,3.573,0
-8.36,-3.854,3.616,0
-8.388,-3.918,3.617,0
-8.423,-3.992,3.637,0
-8.402,-4.046,3.651,0
-8.37,-4.047,3.673,0
-8.345,-4.022,3.671,0
-8.315,-3.974,3.696,0
-8.324,-3.891,3.698,0
-8.328,-3.776,3.691,0
-8.339,-3.63,3.7,0
-8.361,-3.506,3.713,0
-8.377,-3.4,3.726,0
-8.371,-3.303,3.72,0
-8.375,-3.208,3.717,0
-8.349,-3.148,3.697,0
-8.296,-3.098,3.69,0
-8.262,-3.082,3.674,0
-8.222,-3.079,3.647,0
-8.18,-3.095,3.613,0
-8.148,-3.14,3.595,0
-8.107,-3.204,3.557,0
-8.078,-3.276,3.514,0
-8.054,-3.313,3.478,0
-8.05,-3.342,3.439,0
-8.025,-3.365,3.428,0
-7.998,-3.379,3.394,0
-7.993,-3.388,3.367,0
-8.004,-3.401,3.349,0
-7.988,-3.417,3.372,0
-7.974,-3.428,3.379,0
-7.974,-3.444,3.408,0
-7.977,-3.424,3.424,0
-7.976,-3.343,3.439,0
-7.966,-3.262,3.412,0
-7.957,-3.199,3.385,0
-7.934,-3.146,3.369,0
-7.915,-3.145,3.388,0
-7.931,-3.161,3.381,0
-7.938,-3.193,3.385,0
-7.94,-3.245,3.394,0
-7.995,-3.287,3.423,0
-8.062,-3.317,3.408,0
-8.14,-3.344,3.388,0
-8.222,-3.406,3.388,0
-8.315,-3.478,3.376,0
-8.383,-3.543,3.37,0
-8.427,-3.626,3.34,0
-8.444,-3.705,3.284,0
-8.456,-3.751,3.255,0
-8.473,-3.813,3.305,0
-8.522,-3.851,3.334,0
-8.577,-3.787,3.298,0
-8.578,-3.729,3.329,0
-8.552,-3.664,3.366,0
-8.518,-3.571,3.358,0
-8.502,-3.523,3.58,0
-8.616,-3.472,3.896,0
-8.896,-3.223,3.955,0
-9.164,-2.816,3.828,0
-9.215,-2.428,3.742,0
-9.138,-2.272,3.792,0
-8.99,-2.243,3.719,0
-8.736,-2.321,3.647,0
-8.484,-2.448,3.62,0
-8.315,-2.607,3.597,0
-8.268,-2.741,3.599,0
-8.325,-2.845,3.604,0
-8.45,-2.881,3.582,0
-8.556,-2.87,3.541,0
-8.629,-2.865,3.55,0
-8.64,-2.867,3.622,0
-8.623,-2.85,3.696,0
-8.614,-2.825,3.753,0
-8.65,-2.809,3.785,0
-8.7,-2.787,3.812,0
-8.719,-2.754,3.852,0
-8.733,-2.725,3.877,0
-8.745,-2.655,3.895,0
-8.737,-2.612,3.922,0
-8.715,-2.549,3.911,0
-8.717,-2.496,3.922,0
-8.718,-2.423,3.947,0
-8.723,-2.376,3.958,0
-8.755,-2.383,3.983,0
-8.735,-2.4,4.006,0
-8.697,-2.414,4.004,0
-8.634,-2.436,4.01,0
-8.577,-2.45,3.985,0
-8.5,-2.46,3.983,0
-8.405,-2.462,3.99,0
-8.315,-2.45,3.976,0
-8.199,-2.393,4.006,0
-8.11,-2.32,3.981,0
-8.035,-2.227,3.996,0
-7.99,-2.102,3.978,0
-7.928,-1.959,3.951,0
-7.874,-1.809,3.905,0
-7.843,-1.67,3.921,0
-7.816,-1.557,3.93,0
-7.836,-1.432,3.959,0
-7.84,-1.32,3.966,0
-7.9,-1.213,3.966,0
-7.984,-1.178,3.995,0
-8.09,-1.08,3.965,0
-8.19,-1.017,3.954,0
-8.293,-0.993,3.946,0
-8.386,-1.062,3.936,0
-8.473,-1.195,3.928,0
-8.608,-1.409,3.959,0
-8.745,-1.667,3.974,0
-8.937,-1.957,4.028,0
-9.113,-2.212,4.035,0
-9.228,-2.37,3.995,0
-9.246,-2.486,3.993,0
-9.187,-2.565,4.001,0
-9.078,-2.568,3.984,0
-8.977,-2.517,3.95,0
-8.857,-2.398,3.9,0
-8.727,-2.245,3.863,0
-8.615,-2.031,3.845,0
-8.546,-1.864,3.849,0
-8.488,-1.701,3.892,0
-8.454,-1.594,3.944,0
-8.407,-1.509,4.0,0
-8.329,-1.481,4.043,0
-8.245,-1.491,4.12,0
-8.16,-1.557,4.138,0
-8.057,-1.663,4.206,0
-7.961,-1.802,4.206,0
-7.861,-1.954,4.231,0
-7.812,-2.166,4.233,0
-7.854,-2.413,4.256,0
-8.01,-2.653,4.198,0
-8.242,-2.868,4.112,0
-8.391,-3.031,4.052,0
-8.453,-3.145,4.119,0
-8.508,-3.217,4.163,0
-8.656,-3.384,4.177,0
-8.842,-3.629,4.262,0
-9.014,-3.882,4.26,0
-9.179,-4.133,4.351,0
-9.284,-4.3,4.404,0
-9.349,-4.358,4.399,0
-9.289,-4.26,4.413,0
-9.127,-4.004,4.423,0
-8.937,-3.63,4.398,0
-8.76,-3.163,4.366,0
-8.625,-2.684,4.336,0
-8.534,-2.188,4.313,0
-8.456,-1.776,4.31,0
-8.337,-1.494,4.299,0
-8.193,-1.405,4.305,0
-8.047,-1.493,4.271,0
-7.917,-1.721,4.289,0
-7.836,-1.967,4.312,0
-7.805,-2.218,4.337,0
-7.809,-2.409,4.38,0
-7.865,-2.57,4.43,0
-7.954,-2.663,4.435,0
-8.055,-2.675,4.462,0
-8.128,-2.636,4.466,0
-8.166,-2.562,4.488,0
-8.148,-2.471,4.455,0
-8.084,-2.393,4.482,0
-8.033,-2.324,4.491,0
-8.058,-2.29,4.496,0
-8.154,-2.264,4.475,0
-8.245,-2.247,4.446,0
-8.339,-2.25,4.475,0
-8.395,-2.26,4.51,0
-8.44,-2.293,4.55,0
-8.487,-2.347,4.579,0
-8.527,-2.398,4.606,0
-8.529,-2.421,4.597,0
-8.465,-2.423,4.559,0
-8.354,-2.436,4.527,0
-8.176,-2.45,4.527,0
-8.022,-2.478,4.525,0
-7.891,-2.457,4.487,0
-7.829,-2.429,4.471,0
-7.787,-2.385,4.484,0
-7.78,-2.382,4.502,0
-7.829,-2.429,4.566,0
-7.921,-2.468,4.631,0
-8.018,-2.48,4.645,0
-8.104,-2.463,4.629,0
-8.128,-2.474,4.593,0
-8.142,-2.549,4.501,0
-8.141,-2.671,4.365,0
-8.145,-2.822,4.236,0
-8.175,-3.007,4.081,0
-8.198,-3.227,3.993,0
-8.195,-3.427,3.849,0
-8.212,-3.633,3.752,0
-8.26,-3.851,3.664,0
-8.318,-4.041,3.569,0
-8.384,-4.168,3.495,0
-8.461,-4.227,3.416,0
-8.519,-4.257,3.392,0
-8.581,-4.262,3.484,0
-8.68,-4.224,3.479,0
-8.777,-4.123,3.411,0
-8.798,-4.04,3.448,0
-8.784,-3.954,3.484,0
-8.736,-3.832,3.499,0
-8.681,-3.701,3.541,0
-8.615,-3.566,3.537,0
-8.521,-3.464,3.571,0
-8.409,-3.343,3.557,0
-8.3,-3.226,3.548,0
-8.202,-3.173,3.541,0
-8.13,-3.156,3.588,0
-8.076,-3.155,3.609,0
-8.052,-3.151,3.577,0
-7.992,-3.147,3.554,0
-7.917,-3.18,3.579,0
-7.859,-3.208,3.595,0
-7.811,-3.263,3.618,0
-7.78,-3.278,3.595,0
-7.701,-3.268,3.505,0
-7.663,-3.319,3.532,0
-7.669,-3.375,3.498,0
-7.65,-3.427,3.577,0
-7.648,-3.471,3.639,0
-7.691,-3.404,3.64,0
-7.67,-3.312,3.661,0
-7.646,-3.22,3.604,0
-7.611,-3.198,3.737,0
-7.696,-3.253,3.95,0
-7.938,-3.191,3.992,0
-8.189,-3.137,4.294,0
-8.511,-3.04,4.492,0
-8.806,-2.809,4.573,0
-8.849,-2.459,4.42,0
-8.581,-2.189,4.248,0
-8.212,-2.144,4.224,0
-8.026,-2.331,4.349,0
-8.07,-2.58,4.498,0
-8.261,-2.728,4.496,0
-8.456,-2.729,4.449,0
-8.542,-2.66,4.453,0
-8.551,-2.552,4.476,0
-8.537,-2.424,4.512,0
-8.538,-2.352,4.611,0
-8.58,-2.316,4.649,0
-8.602,-2.306,4.675,0
-8.651,-2.339,4.674,0
-8.696,-2.402,4.652,0
-8.687,-2.478,4.636,0
-8.719,-2.588,4.659,0
-8.763,-2.684,4.645,0
-8.798,-2.771,4.616,0
-8.803,-2.834,4.587,0
-8.717,-2.823,4.474,0
-8.568,-2.727,4.422,0
-8.39,-2.545,4.399,0
-8.223,-2.344,4.416,0
-8.111,-2.091,4.419,0
-8.047,-1.858,4.43,0
-8.015,-1.63,4.404,0
-8.014,-1.412,4.384,0
-8.033,-1.27,4.374,0
-8.055,-1.185,4.309,0
-8.073,-1.164,4.255,0
-8.105,-1.244,4.23,0
-8.188,-1.409,4.183,0
-8.313,-1.625,4.17,0
-8.435,-1.893,4.256,0
-8.555,-2.145,4.276,0
-8.648,-2.341,4.248,0
-8.647,-2.427,4.225,0
-8.578,-2.41,4.229,0
-8.479,-2.229,4.263,0
-8.369,-1.937,4.326,0
-8.333,-1.718,4.382,0
-8.404,-1.599,4.414,0
-8.505,-1.549,4.4,0
-8.558,-1.518,4.396,0
-8.558,-1.515,4.425,0
-8.54,-1.532,4.45,0
-8.45,-1.588,4.576,0
-8.383,-1.663,4.716,0
-8.366,-1.827,4.836,0
-8.436,-2.047,4.902,0
-8.551,-2.306,4.956,0
-8.628,-2.565,4.991,0
-8.631,-2.794,5.038,0
-8.52,-2.924,5.043,0
-8.393,-2.974,5.074,0
-8.249,-2.954,5.061,0
-8.149,-2.865,5.043,0
-8.082,-2.691,4.984,0
-7.986,-2.508,4.929,0
-7.834,-2.274,4.832,0
-7.682,-2.022,4.73,0
-7.569,-1.797,4.657,0
-7.522,-1.593,4.571,0
-7.521,-1.432,4.516,0
-7.553,-1.279,4.505,0
-7.604,-1.175,4.559,0
-7.714,-1.147,4.65,0
-7.876,-1.21,4.718,0
-8.068,-1.365,4.786,0
-8.262,-1.588,4.847,0
-8.407,-1.859,4.935,0
-8.515,-2.124,4.952,0
-8.584,-2.33,4.938,0
-8.607,-2.475,4.975,0
-8.604,-2.592,5.0,0
-8.575,-2.656,4.972,0
-8.498,-2.628,4.943,0
-8.421,-2.576,4.916,0
-8.356,-2.495,4.88,0
-8.306,-2.408,4.828,0
-8.267,-2.292,4.789,0
-8.201,-2.164,4.762,0
-8.133,-2.038,4.748,0
-8.067,-1.954,4.739,0
-8.024,-1.943,4.723,0
-8.004,-1.964,4.757,0
-8.014,-2.015,4.744,0
-8.049,-2.066,4.728,0
-8.056,-2.086,4.703,0
-8.01,-2.109,4.685,0
-7.967,-2.14,4.703,0
-7.959,-2.223,4.723,0
-7.955,-2.301,4.723,0
-7.954,-2.355,4.708,0
-7.939,-2.413,4.672,0
-7.92,-2.491,4.656,0
-7.863,-2.566,4.678,0
-7.796,-2.605,4.681,0
-7.692,-2.571,4.642,0
-7.599,-2.602,4.59,0
-7.545,-2.699,4.55,0
-7.52,-2.827,4.523,0
-7.558,-2.955,4.471,0
-7.605,-3.011,4.426,0
-7.637,-2.992,4.376,0
-7.684,-2.989,4.394,0
-7.768,-2.979,4.455,0
-7.872,-2.986,4.545,0
-8.023,-3.004,4.584,0
-8.215,-2.987,4.532,0
-8.41,-2.997,4.584,0
-8.586,-3.004,4.607,0
-8.71,-3.027,4.603,0
-8.777,-3.079,4.576,0
-8.771,-3.158,4.481,0
-8.766,-3.313,4.397,0
-8.747,-3.529,4.292,0
-8.707,-3.75,4.163,0
-8.683,-3.968,4.041,0
-8.689,-4.168,3.999,0
-8.684,-4.315,3.983,0
-8.658,-4.378,3.965,0
-8.648,-4.353,3.944,0
-8.613,-4.243,3.902,0
-8.548,-4.087,3.868,0
-8.447,-3.911,3.858,0
-8.33,-3.755,3.876,0
-8.205,-3.578,3.842,0
-8.031,-3.399,3.873,0
-7.892,-3.232,3.927,0
-7.778,-3.068,3.961,0
-7.683,-2.91,3.976,0
-7.587,-2.764,3.983,0
-7.517,-2.627,3.935,0
-7.461,-2.567,3.89,0
-7.359,-2.586,3.872,0
-7.274,-2.73,4.181,0
-7.358,-2.94,4.484,0
-7.538,-2.989,4.505,0
-7.709,-2.961,4.485,0
-7.854,-2.9,4.377,0
-7.914,-2.893,4.442,0
-7.994,-2.982,4.584,0
-8.105,-3.036,4.569,0
-8.149,-3.116,4.621,0
-8.159,-3.183,4.632,0
-8.175,-3.226,4.654,0
-8.232,-3.27,4.73,0
-8.332,-3.258,4.81,0
-8.434,-3.135,4.763,0
-8.458,-2.954,4.673,0
-8.386,-2.735,4.661,0
-8.22,-2.558,4.706,0
-8.064,-2.403,4.744,0
-7.948,-2.317,4.807,0
-7.855,-2.22,4.834,0
-7.823,-2.135,4.87,0
-7.824,-2.048,4.904,0
-7.861,-1.99,4.931,0
-7.893,-1.95,4.924,0
-7.926,-1.911,4.926,0
-7.958,-1.95,4.983,0
-8.047,-2.035,5.015,0
-8.162,-2.087,5.024,0
-8.204,-2.145,5.06,0
-8.215,-2.136,5.058,0
-8.224,-2.09,5.09,0
-8.245,-2.01,5.141,0
-8.279,-1.971,5.191,0
-8.389,-1.962,5.15,0
-8.457,-1.961,5.096,0
-8.51,-1.978,5.051,0
-8.502,-1.953,4.981,0
-8.45,-1.979,4.974,0
-8.371,-2.003,4.967,0
-8.286,-2.026,4.92,0
-8.227,-2.063,4.864,0
-8.19,-2.1,4.809,0
-8.139,-2.193,4.782,0
-8.097,-2.278,4.755,0
-8.031,-2.332,4.764,0
-7.957,-2.31,4.76,0
-7.884,-2.244,4.759,0
-7.836,-2.121,4.759,0
-7.821,-1.964,4.748,0
-7.838,-1.849,4.777,0
-7.882,-1.765,4.787,0
-7.936,-1.677,4.748,0
-7.989,-1.613,4.754,0
-8.052,-1.577,4.762,0
-8.077,-1.562,4.759,0
-8.093,-1.564,4.8,0
-8.081,-1.602,4.845,0
-8.045,-1.657,4.867,0
-8.014,-1.743,4.901,0
-8.014,-1.878,4.942,0
-8.047,-2.041,4.963,0
-8.105,-2.252,5.157,0
-8.28,-2.518,5.322,0
-8.443,-2.827,5.307,0
-8.504,-3.091,5.253,0
-8.507,-3.194,5.158,0
-8.413,-3.121,5.152,0
-8.313,-2.883,5.149,0
-8.255,-2.612,5.157,0
-8.208,-2.339,5.128,0
-8.16,-2.074,5.076,0
-8.096,-1.827,5.019,0
-8.01,-1.593,5.012,0
-7.951,-1.365,5.007,0
-7.883,-1.217,4.996,0
-7.832,-1.148,5.029,0
-7.823,-1.153,5.038,0
-7.837,-1.27,5.072,0
-7.868,-1.447,5.093,0
-7.894,-1.662,5.091,0
-7.918,-1.846,5.104,0
-7.933,-2.003,5.091,0
-7.934,-2.138,5.114,0
-7.93,-2.204,5.112,0
-7.891,-2.249,5.101,0
-7.842,-2.209,5.071,0
-7.798,-2.138,5.062,0
-7.781,-2.071,5.046,0
-7.778,-1.99,4.996,0
-7.77,-1.941,4.998,0
-7.801,-1.924,4.983,0
-7.829,-1.935,5.001,0
-7.884,-2.006,5.014,0
-7.93,-2.096,5.028,0
-7.982,-2.234,5.019,0
-8.076,-2.365,5.038,0
-8.157,-2.48,5.018,0
-8.233,-2.544,4.995,0
-8.28,-2.539,4.977,0
-8.292,-2.496,4.971,0
-8.295,-2.446,4.945,0
-8.283,-2.409,4.94,0
-8.269,-2.4,4.941,0
-8.227,-2.374,4.945,0
-8.202,-2.369,4.956,0
-8.159,-2.37,4.929,0
-8.13,-2.359,4.913,0
-8.103,-2.357,4.904,0
-8.081,-2.367,4.879,0
-8.059,-2.394,4.866,0
-8.028,-2.406,4.827,0
-7.982,-2.434,4.794,0
-7.933,-2.459,4.784,0
-7.907,-2.491,4.758,0
-7.864,-2.503,4.749,0
-7.841,-2.517,4.71,0
-7.799,-2.529,4.716,0
-7.762,-2.546,4.744,0
-7.725,-2.57,4.694,0
-7.723,-2.559,4.622,0
-7.696,-2.569,4.658,0
-7.695,-2.62,4.76,0
-7.709,-2.636,4.796,0
-7.736,-2.609,4.791,0
-7.724,-2.613,4.805,0
-7.755,-2.651,4.814,0
-7.827,-2.715,4.769,0
-7.884,-2.792,4.726,0
-7.927,-2.911,4.702,0
-7.964,-3.014,4.658,0
-7.982,-3.098,4.564,0
-7.934,-3.208,4.496,0
-7.88,-3.319,4.422,0
-7.827,-3.435,4.385,0
-7.775,-3.568,4.417,0
-7.809,-3.638,4.366,0
-7.904,-3.699,4.37,0
-8.025,-3.728,4.361,0
-8.176,-3.716,4.327,0
-8.266,-3.683,4.294,0
-8.296,-3.665,4.311,0
-8.276,-3.66,4.325,0
-8.28,-3.687,4.319,0
-8.277,-3.723,4.341,0
-8.267,-3.759,4.369,0
-8.286,-3.799,4.375,0
-8.298,-3.827,4.359,0
-8.322,-3.848,4.326,0
-8.306,-3.849,4.303,0
-8.276,-3.849,4.285,0
-8.227,-3.861,4.26,0
-8.15,-3.88,4.242,0
-8.087,-3.863,4.195,0
-8.057,-3.799,4.131,0
-8.011,-3.716,4.077,0
-7.96,-3.623,3.991,0
-7.862,-3.563,3.878,0
-7.752,-3.547,3.932,0
-7.722,-3.522,3.979,0
-7.733,-3.485,4.146,0
-7.691,-3.398,4.338,0
-7.608,-3.31,4.805,0
-7.715,-3.088,5.189,0
-7.952,-2.822,5.596,0
-8.242,-2.366,5.701,0
-8.3,-1.665,5.477,0
-8.004,-1.105,5.292,0
-7.518,-0.886,5.155,0
-7.085,-1.041,5.087,0
-6.814,-1.466,5.065,0
-6.702,-1.985,5.095,0
-6.76,-2.456,5.01,0
-6.932,-2.779,4.857,0
-7.122,-3.05,4.74,0
-7.296,-3.288,4.742,0
-7.48,-3.455,4.768,0
-7.647,-3.52,4.804,0
-7.749,-3.494,4.905,0
-7.872,-3.395,4.992,0
-7.999,-3.225,5.059,0
-8.162,-3.027,5.088,0
-8.317,-2.781,5.097,0
-8.393,-2.578,5.076,0
-8.411,-2.415,5.07,0
-8.374,-2.342,5.104,0
-8.29,-2.323,5.165,0
-8.219,-2.336,5.211,0
-8.16,-2.355,5.304,0
-8.12,-2.342,5.372,0
-8.089,-2.289,5.367,0
-8.047,-2.194,5.347,0
-7.991,-2.143,5.352,0
-7.952,-2.156,5.356,0
-7.942,-2.181,5.347,0
-7.95,-2.206,5.324,0
-7.963,-2.211,5.284,0
-7.954,-2.196,5.25,0
-7.976,-2.148,5.2,0
-7.993,-2.049,5.139,0
-7.939,-1.97,5.129,0
-7.862,-1.935,5.141,0
-7.76,-1.894,5.138,0
-7.621,-1.804,5.131,0
-7.464,-1.766,5.206,0
-7.349,-1.714,5.283,0
-7.309,-1.61,5.361,0
-7.37,-1.455,5.427,0
-7.497,-1.25,5.42,0
-7.604,-1.052,5.395,0
-7.692,-0.885,5.334,0
-7.823,-0.769,5.259,0
-7.902,-0.752,5.207,0
-7.97,-0.836,5.19,0
-8.055,-0.996,5.154,0
-8.156,-1.199,5.145,0
-8.231,-1.393,5.157,0
-8.318,-1.601,5.139,0
-8.384,-1.762,5.08,0
-8.406,-1.881,5.082,0
-8.435,-1.939,5.087,0
-8.45,-1.961,5.117,0
-8.488,-1.969,5.139,0
-8.53,-2.011,5.16,0
-8.554,-2.081,5.16,0
-8.556,-2.122,5.186,0
-8.54,-2.167,5.263,0
-8.582,-2.211,5.394,0
-8.541,-2.241,5.376,0
-8.448,-2.269,5.322,0
-8.385,-2.245,5.279,0
-8.315,-2.215,5.334,0
-8.246,-2.199,5.383,0
-8.183,-2.179,5.347,0
-8.075,-2.163,5.338,0
-7.949,-2.147,5.34,0
-7.832,-2.11,5.317,0
-7.749,-2.004,5.279,0
-7.715,-1.852,5.256,0
-7.73,-1.665,5.219,0
-7.762,-1.483,5.221,0
-7.8,-1.336,5.208,0
-7.847,-1.241,5.205,0
-7.871,-1.222,5.247,0
-7.907,-1.255,5.269,0
-7.943,-1.355,5.292,0
-7.98,-1.483,5.283,0
-7.986,-1.654,5.301,0
-7.992,-1.804,5.308,0
-7.981,-1.944,5.301,0
-7.943,-2.089,5.304,0
-7.894,-2.204,5.286,0
-7.825,-2.307,5.279,0
-7.768,-2.382,5.272,0
-7.725,-2.456,5.259,0
-7.716,-2.479,5.232,0
-7.698,-2.507,5.254,0
-7.691,-2.529,5.222,0
-7.747,-2.535,5.205,0
-7.773,-2.571,5.293,0
-7.83,-2.586,5.286,0
-7.899,-2.589,5.295,0
-8.002,-2.637,5.311,0
-8.094,-2.693,5.3,0
-8.127,-2.717,5.225,0
-8.078,-2.799,5.164,0
-7.986,-2.933,5.092,0
-7.888,-3.131,5.024,0
-7.791,-3.298,4.928,0
-7.646,-3.458,4.95,0
-7.517,-3.606,5.097,0
-7.459,-3.569,5.05,0
-7.397,-3.478,5.025,0
-7.327,-3.387,4.893,0
-7.26,-3.347,4.817,0
-7.181,-3.36,4.771,0
-7.108,-3.401,4.686,0
-7.073,-3.506,4.645,0
-7.046,-3.616,4.654,0
-7.026,-3.693,4.674,0
-7.082,-3.73,4.668,0
-7.238,-3.716,4.679,0
-7.387,-3.687,4.616,0
-7.513,-3.62,4.509,0
-7.583,-3.521,4.417,0
-7.584,-3.454,4.309,0
-7.585,-3.424,4.255,0
-7.583,-3.456,4.243,0
-7.574,-3.51,4.273,0
-7.583,-3.596,4.365,0
-7.61,-3.69,4.539,0
-7.676,-3.755,4.688,0
-7.794,-3.782,4.865,0
-8.005,-3.882,5.35,0
-8.392,-3.928,5.861,0
-8.767,-3.747,6.164,0
-8.926,-3.225,6.006,0
-8.741,-2.526,5.612,0
-8.259,-2.127,5.254,0
-7.744,-2.26,5.177,0
-7.359,-2.724,5.234,0
-7.133,-3.207,5.271,0
-6.993,-3.507,5.255,0
-6.916,-3.567,5.214,0
-6.882,-3.407,5.128,0
-6.885,-3.138,5.044,0
-6.907,-2.854,5.037,0
-6.92,-2.636,5.096,0
-6.996,-2.506,5.102,0
-7.105,-2.437,5.082,0
-7.184,-2.447,5.105,0
-7.292,-2.522,5.148,0
-7.421,-2.61,5.2,0
-7.542,-2.68,5.24,0
-7.608,-2.705,5.3,0
-7.66,-2.7,5.37,0
-7.697,-2.673,5.437,0
-7.718,-2.639,5.485,0
-7.7,-2.598,5.514,0
-7.64,-2.568,5.528,0
-7.591,-2.537,5.539,0
-7.511,-2.469,5.554,0
-7.42,-2.372,5.559,0
-7.375,-2.281,5.559,0
-7.348,-2.209,5.581,0
-7.329,-2.143,5.57,0
-7.336,-2.105,5.561,0
-7.368,-2.114,5.567,0
-7.428,-2.129,5.563,0
-7.478,-2.119,5.561,0
-7.511,-2.085,5.595,0
-7.529,-2.04,5.647,0
-7.54,-1.986,5.716,0
-7.567,-1.963,5.744,0
-7.628,-1.96,5.762,0
-7.663,-1.995,5.773,0
-7.685,-2.082,5.78,0
-7.69,-2.184,5.794,0
-7.677,-2.276,5.789,0
-7.64,-2.367,5.816,0
-7.58,-2.46,5.857,0
-7.549,-2.527,5.859,0
-7.526,-2.578,5.859,0
-7.508,-2.573,5.853,0
-7.482,-2.564,5.844,0
-7.465,-2.515,5.837,0
-7.435,-2.476,5.85,0
-7.385,-2.444,5.88,0
-7.337,-2.364,5.877,0
-7.318,-2.293,5.852,0
-7.315,-2.23,5.825,0
-7.35,-2.187,5.813,0
-7.381,-2.159,5.782,0
-7.376,-2.177,5.827,0
-7.362,-2.243,5.891,0
-7.331,-2.292,5.939,0
-7.286,-2.339,5.994,0
-7.26,-2.375,6.019,0
-7.234,-2.376,6.03,0
-7.247,-2.339,6.024,0
-7.273,-2.278,6.037,0
-7.28,-2.195,6.019,0
-7.307,-2.132,6.012,0
-7.292,-2.112,6.014,0
-7.281,-2.13,6.008,0
-7.271,-2.191,6.024,0
-7.249,-2.265,6.017,0
-7.23,-2.324,6.017,0
-7.206,-2.376,5.992,0
-7.204,-2.414,5.981,0
-7.19,-2.437,5.999,0
-7.167,-2.449,5.99,0
-7.124,-2.452,5.972,0
-7.086,-2.452,5.983,0
-7.051,-2.438,6.026,0
-7.017,-2.422,6.048,0
-7.017,-2.411,6.041,0
-6.999,-2.395,6.062,0
-6.984,-2.376,6.08,0
-6.996,-2.365,6.062,0
-6.991,-2.333,6.105,0
-6.992,-2.301,6.13,0
-7.01,-2.224,6.114,0
-7.014,-2.161,6.136,0
-7.015,-2.101,6.127,0
-6.986,-2.083,6.136,0
-6.943,-2.079,6.134,0
-6.9,-2.096,6.15,0
-6.861,-2.107,6.168,0
-6.839,-2.097,6.17,0
-6.821,-2.093,6.208,0
-6.812,-2.104,6.251,0
-6.815,-2.114,6.278,0
-6.821,-2.115,6.312,0
-6.803,-2.1,6.344,0
-6.779,-2.094,6.391,0
-6.765,-2.092,6.391,0
-6.745,-2.08,6.382,0
-6.747,-2.083,6.378,0
-6.737,-2.068,6.382,0
-6.727,-2.04,6.362,0
-6.739,-2.036,6.348,0
-6.773,-2.033,6.355,0
-6.797,-2.06,6.348,0
-6.812,-2.111,6.38,0
-6.843,-2.165,6.425,0
-6.894,-2.195,6.448,0
-6.961,-2.202,6.46,0
-7.047,-2.181,6.45,0
-7.115,-2.18,6.455,0
-7.138,-2.186,6.45,0
-7.159,-2.197,6.422,0
-7.127,-2.224,6.432,0
-7.084,-2.222,6.423,0
-7.036,-2.234,6.391,0
-6.932,-2.224,6.333,0
-6.828,-2.237,6.33,0
-6.717,-2.238,6.324,0
-6.588,-2.247,6.349,0
-6.51,-2.255,6.371,0
-6.459,-2.222,6.389,0
-6.444,-2.142,6.409,0
-6.486,-2.047,6.391,0
-6.542,-1.945,6.409,0
-6.591,-1.847,6.398,0
-6.632,-1.785,6.396,0
-6.701,-1.764,6.395,0
-6.788,-1.765,6.42,0
-6.844,-1.789,6.393,0
-6.864,-1.845,6.382,0
-6.894,-1.923,6.427,0
-6.911,-1.963,6.45,0
-6.855,-1.989,6.416,0
-6.82,-2.048,6.38,0
-6.843,-2.162,6.493,0
-6.843,-2.23,6.633,0
-6.737,-2.18,6.633,0
-6.685,-2.121,6.606,0
-6.747,-2.076,6.642,0
-6.806,-2.046,6.635,0
-6.742,-1.991,6.608,0
-6.622,-1.974,6.477,0
-6.592,-2.013,6.396,0
-6.65,-2.104,6.43,0
-6.593,-2.083,6.439,0
-6.434,-2.079,6.307,0
-6.356,-2.04,6.244,0
-6.349,-1.999,6.24,0
-6.316,-1.92,6.125,0
-6.189,-1.833,6.077,0
-6.124,-1.779,5.871,0
-6.199,-1.92,5.808,0
-6.289,-2.056,5.905,0
-6.238,-2.112,6.005,0
-6.239,-2.23,5.854,0
-6.403,-2.287,5.791,0
-6.518,-2.403,6.064,0
-6.469,-2.377,6.229,0
-6.454,-2.282,6.028,0
-6.54,-2.177,5.949,0
-6.552,-2.108,6.086,0
-6.543,-2.108,6.068,0
-6.555,-2.063,6.048,0
-6.552,-1.984,6.043,0
-6.552,-1.812,5.815,0
-6.561,-1.693,5.664,0
-6.494,-1.624,5.555,0
-6.397,-1.642,5.384,0
-6.333,-1.729,5.354,0
-6.321,-1.744,5.3,0
-6.351,-1.685,5.278,0
-6.382,-1.611,5.286,0
-6.47,-1.584,5.252,0
-6.604,-1.594,5.279,0
-6.736,-1.58,5.3,0
-6.85,-1.524,5.332,0
-6.922,-1.438,5.349,0
-6.966,-1.359,5.334,0
-6.958,-1.269,5.345,0
-6.914,-1.262,5.377,0
-6.879,-1.241,5.361,0
-6.837,-1.206,5.361,0
-6.822,-1.158,5.358,0
-6.859,-1.095,5.342,0
-6.926,-1.008,5.268,0
-7.002,-0.913,5.284,0
-7.122,-0.788,5.238,0
-7.305,-0.708,5.227,0
-7.504,-0.556,5.153,0
-7.673,-0.436,5.137,0
-7.882,-0.316,5.08,0
-8.07,-0.252,4.988,0
-8.252,-0.278,4.918,0
-8.469,-0.288,4.778,0
-8.774,-0.366,4.6,0
-9.05,-0.42,4.494,0
-9.291,-0.402,4.438,0
-9.68,-0.36,4.427,0
-10.083,-0.293,4.415,0
-10.63,-0.162,4.307,0
-11.284,0.027,4.141,0
-11.818,0.24,4.059,0
-12.264,0.447,4.01,0
-12.605,0.64,3.856,0
-12.686,0.723,3.632,0
-12.629,0.75,3.402,0
-12.518,0.79,2.973,0
-12.236,0.873,2.467,0
-11.874,0.8,2.062,0
-11.559,0.589,1.759,0
-11.17,0.423,1.529,0
-10.714,0.348,1.4,0
-10.246,0.298,1.332,0
-9.825,0.32,1.232,0
-9.497,0.345,1.176,0
-9.228,0.36,1.121,0
-9.114,0.298,1.087,0
-9.1,0.183,1.167,0
-9.162,0.103,1.144,0
-9.219,0.12,1.194,0
-9.25,0.212,1.252,0
-9.361,0.259,1.282,0
-9.531,0.203,1.269,0
-9.718,0.109,1.257,0
-9.98,0.024,1.294,0
-10.319,-0.052,1.326,0
-10.628,-0.11,1.314,0
-10.997,-0.204,1.322,0
-11.261,-0.308,1.273,0
-11.423,-0.404,1.173,0
-11.538,-0.519,1.119,0
-11.555,-0.577,0.993,0
-11.527,-0.616,0.835,0
-11.445,-0.671,0.688,0
-11.252,-0.721,0.607,0
-10.963,-0.73,0.562,0
-10.647,-0.778,0.493,0
-10.317,-0.817,0.414,0
-10.052,-0.907,0.342,0
-9.865,-0.995,0.199,0
-9.717,-1.078,0.118,0
-9.64,-1.136,0.01,0
-9.642,-1.17,-0.085,0
-9.657,-1.167,-0.166,0
-9.689,-1.144,-0.203,0
-9.724,-1.078,-0.25,0
-9.781,-1.009,-0.259,0
-9.811,-0.884,-0.223,0
-9.827,-0.747,-0.199,0
-9.833,-0.618,-0.144,0
-9.831,-0.501,-0.081,0
-9.837,-0.391,-0.002,0
-9.866,-0.282,0.149,0
-9.895,-0.184,0.268,0
-9.891,-0.098,0.339,0
-9.893,-0.008,0.384,0
-9.895,0.088,0.417,0
-9.837,0.17,0.492,0
-9.765,0.233,0.526,0
-9.71,0.264,0.562,0
-9.656,0.264,0.577,0
-9.64,0.205,0.645,0
-9.677,0.145,0.668,0
-9.703,0.101,0.636,0
-9.702,0.033,0.659,0
-9.719,-0.023,0.711,0
-9.732,-0.07,0.709,0
-9.739,-0.122,0.69,0
-9.725,-0.167,0.684,0
-9.729,-0.174,0.598,0
-9.722,-0.162,0.519,0
-9.699,-0.151,0.456,0
-9.666,-0.131,0.431,0
-9.618,-0.123,0.404,0
-9.554,-0.164,0.368,0
-9.473,-0.184,0.329,0
-9.414,-0.365,0.252,0
-9.504,-0.329,0.293,0
-9.467,-0.37,0.167,0
-9.475,-0.451,0.004,0
-9.479,-0.713,0.129,0
-9.609,-0.543,0.018,0
-9.599,-0.565,-0.108,0
-9.625,-0.516,-0.036,0
-9.656,-0.434,-0.057,0
-9.655,-0.371,-0.066,0
-9.688,-0.371,-0.1,0
-9.728,-0.33,-0.068,0
-9.721,-0.285,-0.036,0
-9.735,-0.257,-0.045,0
-9.726,-0.251,-0.054,0
-9.726,-0.235,-0.014,0
-9.713,-0.224,-0.045,0
-9.703,-0.182,-0.03,0
-9.702,-0.184,-0.041,0
-9.689,-0.175,-0.063,0
-9.676,-0.187,-0.055,0
-9.665,-0.162,-0.037,0
-9.689,-0.148,-0.057,0
-9.676,-0.164,-0.012,0
-9.702,-0.179,-0.072,0
-9.671,-0.184,-0.016,0
-9.729,-0.041,-0.067,0
-9.768,-0.009,-0.156,0
-9.745,-0.034,-0.102,0
-9.762,-0.026,-0.127,0
-9.749,-0.043,-0.215,0
-9.762,-0.017,-0.138,0
-9.616,-0.065,-0.701,0
-9.711,0.108,-2.287,0
-9.755,-0.008,-0.177,0
-9.869,-0.023,-0.996,0
-9.708,-0.029,-0.188,0
-9.702,-0.06,-0.274,0
-9.741,-0.087,-0.285,0
-9.71,-0.04,-0.285,0
-9.766,-0.028,-0.326,0
-9.706,-0.023,-0.225,0
-9.73,-0.064,-0.301,0
-9.712,-0.069,-0.249,0
-9.685,-0.061,-0.276,0
-9.683,-0.054,-0.281,0
-9.663,-0.041,-0.263,0
-9.69,-0.034,-0.301,0
-9.673,-0.079,-0.303,0
-9.621,-0.084,-0.256,0
-9.598,-0.094,-0.288,0
-9.58,-0.114,-0.283,0
-9.568,-0.132,-0.294,0
-9.552,-0.159,-0.269,0
-9.562,-0.144,-0.274,0
-9.589,-0.136,-0.267,0
-9.621,-0.102,-0.238,0
-9.623,-0.061,-0.204,0
-9.635,-0.041,-0.202,0
-9.61,-0.03,-0.213,0
-9.599,-0.035,-0.195,0
-9.599,-0.021,-0.188,0
-9.674,-0.007,-0.24,0
-9.652,-0.007,-0.186,0
-9.638,-0.003,-0.222,0
-9.606,-0.028,-0.19,0
-9.601,-0.046,-0.218,0
-9.581,-0.08,-0.204,0
-9.612,-0.085,-0.263,0
-9.598,-0.103,-0.256,0
-9.608,-0.117,-0.256,0
-9.601,-0.119,-0.276,0
-9.589,-0.116,-0.276,0
-9.582,-0.121,-0.294,0
-9.555,-0.116,-0.281,0
-9.564,-0.094,-0.303,0
-9.576,-0.085,-0.299,0
-9.583,-0.076,-0.283,0
-9.586,-0.042,-0.258,0
-9.601,-0.051,-0.274,0
-9.597,-0.029,-0.281,0
-9.609,-0.033,-0.308,0
-9.615,-0.015,-0.267,0
-9.582,0.005,-0.24,0
-9.575,-0.02,-0.254,0
-9.574,-0.033,-0.276,0
-9.549,-0.067,-0.265,0
-9.578,-0.057,-0.24,0
-9.606,-0.048,-0.24,0
-9.601,-0.053,-0.238,0
-9.61,-0.064,-0.244,0
-9.61,-0.094,-0.254,0
-9.619,-0.089,-0.272,0
-9.602,-0.115,-0.269,0
-9.592,-0.087,-0.267,0
-9.584,-0.061,-0.27,0
-9.614,-0.052,-0.265,0
-9.617,-0.055,-0.281,0
-9.601,-0.039,-0.267,0
-9.632,-0.008,-0.27,0
-9.647,0.008,-0.285,0
-9.629,0.015,-0.288,0
-9.611,0.003,-0.317,0
-9.623,0.026,-0.283,0
-9.604,-0.001,-0.281,0
-9.602,-0.029,-0.29,0
-9.579,-0.026,-0.265,0
-9.583,-0.028,-0.285,0
-9.581,-0.042,-0.242,0
-9.59,-0.031,-0.283,0
-9.592,-0.064,-0.281,0
-9.601,-0.051,-0.281,0
-9.604,-0.047,-0.249,0
-9.602,-0.04,-0.249,0
-9.619,-0.044,-0.26,0
-9.613,-0.055,-0.265,0
-9.61,-0.048,-0.267,0
-9.61,-0.042,-0.272,0
-9.618,-0.017,-0.252,0
-9.612,-0.002,-0.261,0
-9.603,-0.009,-0.261,0
-9.605,-0.02,-0.275,0
-9.604,-0.031,-0.267,0
-9.595,-0.036,-0.283,0
-9.581,-0.06,-0.313,0
-9.59,-0.049,-0.299,0
-9.588,-0.029,-0.263,0
-9.584,-0.022,-0.285,0
-9.588,-0.015,-0.276,0
-9.595,-0.024,-0.288,0
-9.573,-0.04,-0.299,0
-9.572,-0.074,-0.321,0
-9.577,-0.07,-0.304,0
-9.564,-0.043,-0.288,0
-9.552,-0.039,-0.265,0
-9.568,-0.027,-0.247,0
-9.568,-0.047,-0.249,0
-9.597,-0.054,-0.252,0
-9.604,-0.026,-0.256,0
-9.609,-0.004,-0.267,0
-9.594,0.014,-0.276,0
-9.589,0.009,-0.295,0
-9.582,-0.006,-0.297,0
-9.6,-0.013,-0.301,0
-9.612,0.005,-0.299,0
-9.612,0.012,-0.317,0
-9.605,0.003,-0.315,0
-9.605,0.008,-0.306,0
-9.6,-0.015,-0.297,0
-9.602,-0.018,-0.283,0
-9.611,-0.026,-0.272,0
-9.602,-0.024,-0.288,0
-9.593,-0.024,-0.274,0
-9.586,-0.024,-0.269,0
-9.601,-0.026,-0.267,0
-9.595,-0.033,-0.265,0
-9.59,-0.033,-0.27,0
-9.599,-0.026,-0.279,0
-9.568,-0.029,-0.267,0
-9.575,-0.027,-0.263,0
-9.582,-0.011,-0.265,0
-9.577,-0.009,-0.276,0
-9.564,-0.029,-0.281,0
-9.573,-0.022,-0.29,0
-9.566,-0.029,-0.297,0
-9.57,-0.017,-0.299,0
-9.578,-0.02,-0.306,0
-9.576,-0.007,-0.317,0
-9.593,-0.006,-0.301,0
-9.609,0.003,-0.295,0
-9.603,-0.011,-0.283,0
-9.607,-0.02,-0.29,0
-9.597,-0.015,-0.292,0
-9.589,-0.009,-0.319,0
-9.573,0.014,-0.337,0
-9.571,0.006,-0.324,0
-9.545,-0.032,-0.294,0
-9.514,-0.064,-0.272,0
-9.511,-0.079,-0.258,0
-9.492,-0.089,-0.274,0
-9.498,-0.066,-0.281,0
-9.514,-0.039,-0.285,0
-9.528,-0.019,-0.274,0
-9.54,-0.001,-0.29,0
-9.597,0.065,-0.27,0
-9.599,0.057,-0.276,0
-9.617,0.062,-0.281,0
-9.639,0.044,-0.276,0
-9.626,0.037,-0.288,0
-9.619,0.048,-0.288,0
-9.61,0.043,-0.288,0
-9.581,0.022,-0.295,0
-9.569,0.0,-0.297,0
-9.553,0.002,-0.277,0
-9.548,-0.027,-0.263,0
-9.559,-0.014,-0.256,0
-9.616,0.021,-0.243,0
-9.605,0.023,-0.245,0
-9.613,0.058,-0.272,0
-9.603,0.048,-0.279,0
-9.585,0.023,-0.281,0
-9.592,0.027,-0.295,0
-9.58,-0.006,-0.285,0
-9.602,0.006,-0.299,0
-9.617,0.05,-0.306,0
-9.599,0.059,-0.315,0
-9.622,0.095,-0.313,0
-9.645,0.105,-0.306,0
-9.64,0.075,-0.292,0
-9.624,0.053,-0.276,0
-9.623,0.046,-0.288,0
-9.617,0.045,-0.284,0
-9.608,0.043,-0.265,0
-9.603,0.035,-0.263,0
-9.59,0.025,-0.238,0
-9.587,0.007,-0.229,0
-9.573,-0.027,-0.229,0
-9.554,-0.031,-0.217,0
-9.543,-0.038,-0.204,0
-9.521,-0.044,-0.197,0
-9.48,-0.042,-0.209,0
-9.494,-0.035,-0.225,0
-9.516,-0.028,-0.229,0
-9.536,-0.025,-0.224,0
-9.591,-0.004,-0.234,0
-9.61,0.023,-0.231,0
-9.589,0.005,-0.229,0
-9.576,0.018,-0.227,0
-9.585,0.011,-0.238,0
-9.614,0.023,-0.243,0
-9.637,0.023,-0.252,0
