AccV,AccML,AccAP,FoG
-9.52,-0.813,0.125,0
-9.498,-0.787,0.066,0
-9.447,-0.618,-0.008,0
-9.272,-0.608,-0.01,0
-9.152,-0.666,0.073,0
-9.15,-0.648,0.148,0
-9.186,-0.539,0.234,0
-9.192,-0.67,0.288,0
-9.173,-0.735,0.363,0
-9.269,-0.637,0.464,0
-9.356,-0.748,0.494,0
-9.374,-0.894,0.53,0
-9.346,-0.758,0.577,0
-9.367,-0.818,0.64,0
-9.404,-0.833,0.74,0
-9.433,-0.849,0.853,0
-9.427,-0.835,0.945,0
-9.403,-0.89,1.054,0
-9.363,-0.873,1.14,0
-9.346,-0.862,1.194,0
-9.359,-0.88,1.234,0
-9.418,-0.843,1.232,0
-9.496,-0.868,1.23,0
-9.548,-0.849,1.215,0
-9.583,-0.84,1.189,0
-9.574,-0.813,1.183,0
-9.584,-0.874,1.137,0
-9.6,-0.862,1.097,0
-9.621,-0.862,1.058,0
-9.611,-0.848,1.011,0
-9.584,-0.819,0.975,0
-9.587,-0.819,0.889,0
-9.592,-0.819,0.803,0
-9.616,-0.787,0.761,0
-9.66,-0.746,0.711,0
-9.681,-0.81,0.675,0
-9.698,-0.813,0.679,0
-9.696,-0.863,0.636,0
-9.681,-0.847,0.553,0
-9.678,-0.793,0.485,0
-9.64,-0.858,0.408,0
-9.589,-0.915,0.424,0
-9.554,-0.927,0.446,0
-9.557,-0.864,0.426,0
-9.533,-0.923,0.349,0
-9.48,-0.941,0.311,0
-9.469,-0.877,0.37,0
-9.486,-0.863,0.37,0
-9.529,-0.866,0.37,0
-9.602,-0.863,0.338,0
-9.695,-0.884,0.266,0
-9.763,-0.901,0.173,0
-9.774,-0.916,0.117,0
-9.732,-0.917,0.09,0
-9.652,-0.936,0.131,0
-9.592,-0.92,0.255,0
-9.569,-0.952,0.385,0
-9.555,-0.958,0.499,0
-9.512,-0.883,0.618,0
-9.465,-0.841,0.677,0
-9.458,-0.853,0.672,0
-9.446,-0.792,0.674,0
-9.478,-0.749,0.668,0
-9.483,-0.814,0.7,0
-9.498,-0.762,0.81,0
-9.545,-0.725,0.894,0
-9.573,-0.748,0.891,0
-9.602,-0.729,0.919,0
-9.621,-0.76,0.878,0
-9.623,-0.772,0.846,0
-9.643,-0.749,0.83,0
-9.651,-0.776,0.81,0
-9.666,-0.852,0.825,0
-9.668,-0.858,0.837,0
-9.638,-0.883,0.815,0
-9.61,-0.877,0.81,0
-9.616,-0.882,0.769,0
-9.604,-0.882,0.74,0
-9.579,-0.887,0.715,0
-9.569,-0.869,0.756,0
-9.546,-0.854,0.76,0
-9.52,-0.832,0.792,0
-9.506,-0.804,0.815,0
-9.511,-0.803,0.805,0
-9.514,-0.801,0.78,0
-9.488,-0.825,0.753,0
-9.501,-0.807,0.772,0
-9.501,-0.83,0.753,0
-9.505,-0.816,0.736,0
-9.544,-0.788,0.722,0
-9.539,-0.833,0.695,0
-9.524,-0.8,0.722,0
-9.51,-0.893,0.742,0
-9.503,-0.902,0.776,0
-9.506,-0.852,0.794,0
-9.523,-0.901,0.756,0
-9.542,-0.964,0.724,0
-9.522,-0.951,0.713,0
-9.495,-0.915,0.731,0
-9.464,-0.904,0.765,0
-9.47,-0.897,0.84,0
-9.473,-0.893,0.9,0
-9.476,-0.889,0.902,0
-9.483,-0.886,0.889,0
-9.485,-0.902,0.857,0
-9.498,-0.897,0.819,0
-9.505,-0.913,0.808,0
-9.51,-0.91,0.792,0
-9.511,-0.926,0.819,0
-9.484,-0.92,0.846,0
-9.482,-0.933,0.898,0
-9.507,-0.929,0.905,0
-9.527,-0.892,0.916,0
-9.548,-0.89,0.903,0
-9.523,-0.838,0.892,0
-9.545,-0.827,0.898,0
-9.554,-0.82,0.893,0
-9.535,-0.795,0.905,0
-9.534,-0.798,0.932,0
-9.527,-0.812,0.929,0
-9.536,-0.823,0.886,0
-9.528,-0.833,0.855,0
-9.537,-0.851,0.797,0
-9.534,-0.867,0.772,0
-9.525,-0.885,0.774,0
-9.523,-0.883,0.799,0
-9.541,-0.888,0.828,0
-9.525,-0.899,0.844,0
-9.516,-0.892,0.848,0
-9.507,-0.872,0.837,0
-9.504,-0.851,0.838,0
-9.527,-0.844,0.831,0
-9.508,-0.852,0.808,0
-9.533,-0.84,0.81,0
-9.527,-0.83,0.794,0
-9.528,-0.843,0.801,0
-9.528,-0.874,0.805,0
-9.537,-0.869,0.812,0
-9.54,-0.896,0.799,0
-9.545,-0.919,0.776,0
-9.545,-0.919,0.776,0
-9.547,-0.912,0.776,0
-9.557,-0.903,0.783,0
-9.55,-0.889,0.783,0
-9.551,-0.884,0.793,0
-9.539,-0.878,0.803,0
-9.537,-0.851,0.794,0
-9.534,-0.849,0.808,0
-9.514,-0.852,0.803,0
-9.524,-0.843,0.798,0
-9.507,-0.845,0.801,0
-9.509,-0.842,0.801,0
-9.532,-0.849,0.817,0
-9.55,-0.853,0.815,0
-9.543,-0.851,0.813,0
-9.541,-0.858,0.81,0
-9.528,-0.865,0.803,0
-9.544,-0.861,0.798,0
-9.56,-0.865,0.792,0
-9.57,-0.862,0.788,0
-9.576,-0.867,0.78,0
-9.578,-0.858,0.792,0
-9.566,-0.851,0.819,0
-9.547,-0.833,0.803,0
-9.527,-0.865,0.813,0
-9.518,-0.846,0.8,0
-9.521,-0.829,0.777,0
-9.529,-0.865,0.779,0
-9.536,-0.872,0.774,0
-9.547,-0.862,0.774,0
-9.541,-0.862,0.756,0
-9.535,-0.877,0.748,0
-9.541,-0.86,0.745,0
-9.56,-0.855,0.748,0
-9.524,-0.914,0.718,0
-9.552,-0.871,0.743,0
-9.563,-0.864,0.738,0
-9.582,-0.851,0.738,0
-9.57,-0.855,0.745,0
-9.559,-0.869,0.742,0
-9.575,-0.869,0.745,0
-9.552,-0.873,0.727,0
-9.536,-0.892,0.724,0
-9.544,-0.872,0.735,0
-9.543,-0.864,0.736,0
-9.544,-0.863,0.767,0
-9.548,-0.865,0.781,0
-9.553,-0.867,0.778,0
-9.559,-0.86,0.779,0
-9.573,-0.858,0.756,0
-9.561,-0.889,0.724,0
-9.568,-0.878,0.718,0
-9.58,-0.869,0.695,0
-9.585,-0.783,0.668,0
-9.579,-0.891,0.643,0
-9.552,-0.898,0.679,0
-9.548,-0.837,0.706,0
-9.577,-0.855,0.693,0
-9.56,-0.853,0.699,0
-9.546,-0.84,0.704,0
-9.546,-0.811,0.717,0
-9.547,-0.818,0.724,0
-9.553,-0.81,0.72,0
-9.569,-0.844,0.713,0
-9.557,-0.837,0.704,0
-9.548,-0.828,0.681,0
-9.576,-0.84,0.654,0
-9.576,-0.831,0.636,0
-9.566,-0.837,0.646,0
-9.557,-0.858,0.668,0
-9.539,-0.849,0.688,0
-9.543,-0.844,0.729,0
-9.543,-0.835,0.734,0
-9.534,-0.851,0.738,0
-9.53,-0.856,0.742,0
-9.543,-0.864,0.745,0
-9.57,-0.871,0.742,0
-9.581,-0.861,0.741,0
-9.584,-0.868,0.724,0
-9.57,-0.857,0.718,0
-9.555,-0.846,0.715,0
-9.53,-0.833,0.729,0
-9.544,-0.831,0.742,0
-9.546,-0.826,0.74,0
-9.553,-0.845,0.744,0
-9.553,-0.856,0.715,0
-9.545,-0.864,0.7,0
-9.546,-0.858,0.69,0
-9.548,-0.851,0.692,0
-9.566,-0.864,0.69,0
-9.57,-0.86,0.684,0
-9.577,-0.864,0.679,0
-9.554,-0.853,0.673,0
-9.545,-0.878,0.663,0
-9.545,-0.875,0.657,0
-9.536,-0.885,0.641,0
-9.544,-0.9,0.625,0
-9.54,-0.882,0.63,0
-9.55,-0.871,0.625,0
-9.564,-0.853,0.634,0
-9.564,-0.833,0.65,0
-9.566,-0.862,0.67,0
-9.573,-0.846,0.679,0
-9.577,-0.837,0.661,0
-9.581,-0.85,0.652,0
-9.579,-0.837,0.639,0
-9.559,-0.833,0.627,0
-9.544,-0.82,0.618,0
-9.542,-0.828,0.633,0
-9.542,-0.829,0.647,0
-9.545,-0.835,0.664,0
-9.534,-0.844,0.664,0
-9.533,-0.87,0.656,0
-9.537,-0.876,0.649,0
-9.546,-0.862,0.661,0
-9.55,-0.869,0.67,0
-9.546,-0.874,0.652,0
-9.509,-0.856,0.645,0
-9.463,-0.842,0.658,0
-9.441,-0.822,0.681,0
-9.459,-0.821,0.76,0
-9.517,-0.829,0.83,0
-9.582,-0.835,0.878,0
-9.663,-0.865,0.869,0
-9.717,-0.896,0.819,0
-9.703,-0.893,0.686,0
-9.679,-0.869,0.582,0
-9.637,-0.914,0.533,0
-9.618,-0.816,0.517,0
-9.654,-0.813,0.533,0
-9.693,-0.801,0.573,0
-9.708,-0.812,0.578,0
-9.654,-0.815,0.575,0
-9.616,-0.818,0.568,0
-9.607,-0.834,0.541,0
-9.609,-0.854,0.503,0
-9.599,-0.865,0.463,0
-9.622,-0.875,0.437,0
-9.641,-0.899,0.454,0
-9.653,-0.899,0.503,0
-9.669,-0.932,0.595,0
-9.679,-0.968,0.747,0
-9.684,-1.0,0.909,0
-9.681,-0.968,0.937,0
-9.685,-1.04,0.858,0
-9.743,-1.061,0.707,0
-9.849,-1.055,0.469,0
-9.869,-1.12,-0.107,0
-9.939,-1.297,-0.879,0
-10.212,-1.261,-1.068,0
-10.445,-1.135,0.179,0
-10.444,-1.248,1.324,0
-10.181,-1.459,1.299,0
-9.991,-1.384,1.382,0
-9.944,-1.258,1.069,0
-9.938,-1.337,0.593,0
-10.009,-1.151,0.337,0
-10.063,-1.026,-0.002,0
-10.038,-0.853,-0.249,0
-10.036,-0.602,-0.096,0
-9.964,-0.525,0.13,0
-9.87,-0.479,0.378,0
-9.782,-0.625,0.494,0
-9.759,-0.454,0.679,0
-9.694,-0.496,0.823,0
-9.53,-0.58,0.965,0
-9.493,-0.589,0.939,0
-9.471,-0.58,0.808,0
-9.473,-0.507,0.798,0
-9.482,-0.466,0.959,0
-9.508,-0.524,1.119,0
-9.578,-0.607,1.349,0
-9.683,-0.578,1.601,0
-9.824,-0.683,1.723,0
-9.949,-0.78,1.752,0
-10.039,-0.79,1.757,0
-10.07,-0.85,1.687,0
-10.118,-0.917,1.599,0
-10.145,-0.966,1.608,0
-10.106,-0.975,1.603,0
-10.07,-0.924,1.662,0
-10.05,-0.968,1.761,0
-10.103,-0.868,1.802,0
-10.128,-0.995,1.735,0
-10.192,-1.235,1.746,0
-10.192,-1.228,1.766,0
-10.125,-1.077,1.771,0
-10.029,-1.011,1.784,0
-9.98,-0.836,1.861,0
-9.93,-0.682,1.992,0
-9.748,-0.427,2.181,0
-9.641,-0.483,2.248,0
-9.613,-0.624,2.228,0
-9.65,-0.597,2.348,0
-9.678,-0.572,2.454,0
-9.622,-0.663,2.344,0
-9.609,-0.84,2.114,0
-9.734,-0.951,2.068,0
-10.03,-1.011,2.295,0
-10.328,-0.946,2.706,0
-10.454,-0.859,2.965,0
-10.384,-0.806,2.764,0
-10.158,-0.694,2.575,0
-9.844,-0.592,2.538,0
-9.699,-0.648,2.54,0
-9.987,-0.727,2.825,0
-10.487,-0.81,3.469,0
-10.787,-0.927,4.332,0
-10.776,-1.092,4.757,0
-10.662,-1.139,5.123,0
-10.517,-1.259,5.55,0
-10.397,-1.398,5.636,0
-10.235,-1.523,5.008,0
-10.051,-1.53,4.19,0
-9.862,-1.451,3.908,0
-9.729,-1.479,4.043,0
-9.64,-1.607,4.273,0
-9.562,-1.707,5.136,0
-9.514,-1.808,6.13,0
-9.448,-1.891,6.685,0
-9.395,-1.894,6.889,0
-9.404,-1.798,6.839,0
-9.424,-1.63,6.577,0
-9.363,-1.467,6.29,0
-9.195,-1.384,6.152,0
-8.911,-1.373,6.173,0
-8.666,-1.213,6.443,0
-8.504,-1.088,6.673,0
-8.424,-1.051,6.768,0
-8.444,-1.026,6.756,0
-8.47,-1.059,6.675,0
-8.395,-0.977,6.542,0
-8.259,-0.867,6.309,0
-8.091,-0.905,6.111,0
-7.987,-0.961,6.018,0
-7.975,-0.988,6.154,0
-7.973,-1.096,6.434,0
-8.031,-1.165,6.77,0
-8.085,-1.219,7.098,0
-8.187,-1.188,7.244,0
-8.299,-1.083,7.021,0
-8.385,-0.91,6.587,0
-8.53,-0.602,6.354,0
-8.71,-0.439,6.131,0
-8.751,-0.395,6.101,0
-8.712,-0.322,6.252,0
-8.624,-0.491,6.718,0
-8.495,-0.588,6.961,0
-8.56,-0.568,6.908,0
-8.774,-0.587,6.813,0
-8.989,-0.547,6.393,0
-9.116,-0.445,5.88,0
-9.12,-0.499,5.442,0
-8.994,-0.842,5.119,0
-8.763,-1.062,5.076,0
-8.599,-1.134,5.054,0
-8.533,-1.189,4.92,0
-8.431,-1.201,4.552,0
-8.181,-1.128,4.069,0
-7.773,-1.085,3.705,0
-7.458,-1.025,3.301,0
-7.287,-0.989,2.871,0
-7.086,-1.062,2.559,0
-6.915,-0.985,2.476,0
-6.672,-1.005,2.353,0
-6.372,-0.963,2.328,0
-6.086,-0.81,2.52,0
-5.819,-0.707,2.535,0
-5.613,-0.757,2.438,0
-5.429,-0.628,2.27,0
-5.277,-0.324,2.128,0
-5.078,-0.368,2.033,0
-4.895,-0.312,2.004,0
-4.751,-0.306,2.18,0
-4.659,-0.122,2.577,0
-4.636,-0.264,2.907,0
-4.624,-0.302,3.284,0
-4.678,-0.475,3.646,0
-4.8,-0.731,3.863,0
-5.012,-0.883,4.01,0
-5.249,-1.129,4.049,0
-5.468,-0.822,3.968,0
-5.613,-0.536,3.678,0
-5.721,-0.184,3.648,0
-5.868,0.223,3.573,0
-6.142,0.367,3.51,0
-6.391,0.299,3.601,0
-6.435,0.345,3.538,0
-6.528,0.223,3.321,0
-6.72,-0.142,3.107,0
-6.901,-0.577,2.911,0
-7.018,-0.986,2.81,0
-7.084,-1.417,2.799,0
-7.186,-1.968,2.711,0
-7.465,-2.238,2.64,0
-7.791,-2.722,2.539,0
-8.35,-3.203,2.311,0
-9.267,-3.352,2.161,0
-10.34,-3.379,1.787,0
-11.455,-2.982,1.196,0
-12.666,-2.204,0.518,0
-13.658,-1.561,-0.203,0
-14.483,-1.067,-0.767,0
-14.929,-0.894,-0.776,0
-14.983,-1.096,-0.591,0
-14.103,-1.6,-0.717,0
-12.459,-1.49,-0.689,0
-10.932,-1.058,-0.351,0
-9.88,-0.746,-0.064,0
-9.279,-0.695,0.268,0
-8.975,-0.813,0.722,0
-8.817,-1.036,1.173,0
-8.707,-1.364,1.728,0
-8.455,-1.829,1.999,0
-8.113,-1.965,1.834,0
-7.814,-1.923,1.436,0
-7.571,-1.85,1.069,0
-7.436,-1.616,0.753,0
-7.402,-1.457,0.443,0
-7.401,-1.405,0.177,0
-7.476,-1.356,0.192,0
-7.941,-1.326,0.602,0
-8.719,-1.467,1.129,0
-9.314,-1.792,1.484,0
-9.685,-1.834,1.785,0
-10.055,-1.714,2.151,0
-10.556,-1.747,2.691,0
-11.348,-1.588,3.249,0
-12.379,-1.448,3.327,0
-12.992,-1.292,3.103,0
-13.091,-0.698,3.002,0
-12.669,-0.384,2.91,0
-11.829,-0.687,2.47,0
-10.944,-0.892,1.794,0
-10.452,-0.734,1.499,0
-10.339,-0.749,1.391,0
-10.522,-0.623,1.404,0
-10.73,-0.718,1.671,0
-10.719,-0.919,1.967,0
-10.505,-0.898,2.195,0
-10.149,-0.966,2.467,0
-9.794,-1.067,2.362,0
-9.479,-1.109,2.152,0
-9.231,-1.168,2.138,0
-9.002,-1.199,2.326,0
-8.903,-1.196,2.696,0
-8.859,-1.317,3.139,0
-8.771,-1.253,3.571,0
-8.487,-1.127,3.799,0
-8.006,-1.149,3.809,0
-7.575,-1.192,3.784,0
-7.328,-1.092,3.655,0
-7.215,-0.93,3.254,0
-7.104,-0.895,2.851,0
-6.882,-0.946,2.568,0
-6.738,-0.907,2.503,0
-6.843,-0.818,2.581,0
-7.192,-0.68,2.729,0
-7.641,-0.457,2.948,0
-8.094,-0.104,3.225,0
-8.398,0.332,3.342,0
-8.548,0.371,3.273,0
-8.647,0.101,3.178,0
-8.792,0.125,3.004,0
-9.002,0.19,2.708,0
-9.156,0.071,2.476,0
-9.251,-0.193,2.358,0
-9.309,-0.479,2.384,0
-9.422,-0.718,2.629,0
-9.572,-0.878,3.026,0
-9.668,-0.964,3.234,0
-9.572,-0.97,3.105,0
-9.282,-0.873,2.739,0
-9.011,-0.794,2.332,0
-8.917,-0.744,1.957,0
-8.954,-0.603,1.576,0
-9.079,-0.457,1.238,0
-9.161,-0.356,1.04,0
-9.163,-0.334,1.045,0
-9.127,-0.317,1.125,0
-9.14,-0.312,1.209,0
-9.3,-0.309,1.372,0
-9.628,-0.257,1.598,0
-9.98,-0.195,1.775,0
-10.278,-0.179,1.922,0
-10.57,-0.067,1.955,0
-10.864,0.028,1.953,0
-11.014,0.125,1.775,0
-10.914,0.259,1.416,0
-10.588,0.424,1.035,0
-10.191,0.477,0.687,0
-9.698,0.476,0.414,0
-9.113,0.554,0.182,0
-8.663,0.661,0.074,0
-8.397,0.648,0.092,0
-8.211,0.569,0.225,0
-8.094,0.425,0.198,0
-8.015,0.354,0.038,0
-7.926,0.441,-0.195,0
-7.871,0.565,-0.248,0
-7.995,0.509,0.212,0
-8.5,0.161,0.856,0
-9.402,-0.096,1.566,0
-10.485,-0.309,2.563,0
-11.543,-0.889,3.716,0
-12.381,-1.821,4.732,0
-12.987,-2.222,5.496,0
-13.126,-1.929,5.661,0
-12.985,-1.237,5.668,0
-12.356,-0.903,5.363,0
-11.241,-1.192,4.599,0
-10.039,-1.788,3.721,0
-9.196,-2.073,3.079,0
-8.732,-1.862,2.699,0
-8.606,-1.544,2.414,0
-8.693,-1.446,2.328,0
-8.774,-1.49,2.538,0
-8.903,-1.502,3.083,0
-9.152,-1.504,3.869,0
-9.507,-1.445,4.625,0
-9.867,-1.365,5.111,0
-10.023,-1.155,5.064,0
-9.908,-0.766,4.46,0
-9.67,-0.373,3.622,0
-9.334,-0.295,2.932,0
-9.039,-0.646,2.682,0
-8.928,-0.978,2.96,0
-9.047,-0.99,3.69,0
-9.356,-1.031,4.164,0
-9.642,-1.141,4.339,0
-9.566,-1.131,4.386,0
-9.131,-1.066,4.04,0
-8.693,-0.976,3.556,0
-8.461,-0.962,3.17,0
-8.449,-1.07,2.842,0
-8.601,-1.204,2.549,0
-8.721,-1.343,2.375,0
-8.629,-1.548,2.177,0
-8.35,-1.666,2.048,0
-7.938,-1.63,1.914,0
-7.58,-1.588,1.945,0
-7.446,-1.611,2.054,0
-7.646,-1.627,1.994,0
-8.047,-1.601,1.912,0
-8.32,-1.663,1.768,0
-8.389,-1.73,1.765,0
-8.295,-1.798,1.949,0
-8.233,-1.609,2.061,0
-8.255,-1.352,2.188,0
-8.271,-1.242,2.289,0
-8.245,-1.209,2.255,0
-8.186,-1.032,2.219,0
-8.133,-0.853,2.214,0
-8.11,-0.824,2.171,0
-8.088,-0.937,2.14,0
-8.065,-1.064,2.085,0
-8.097,-1.11,2.002,0
-8.185,-1.108,1.884,0
-8.331,-1.11,1.634,0
-8.509,-1.125,1.372,0
-8.707,-1.117,1.097,0
-8.878,-1.148,0.848,0
-9.035,-1.258,0.597,0
-9.199,-1.389,0.442,0
-9.379,-1.546,0.345,0
-9.675,-1.79,0.246,0
-10.13,-1.988,0.276,0
-10.643,-2.137,0.437,0
-11.133,-2.291,0.72,0
-11.452,-2.484,0.991,0
-11.769,-2.591,1.416,0
-12.301,-2.603,2.212,0
-13.006,-2.58,3.289,0
-13.366,-2.555,4.189,0
-12.863,-2.312,4.235,0
-11.469,-1.569,3.665,0
-9.83,-0.674,3.066,0
-8.581,-0.397,2.498,0
-8.153,-0.603,1.854,0
-8.38,-0.883,1.613,0
-8.723,-1.176,1.831,0
-8.892,-1.288,2.159,0
-8.829,-1.291,2.335,0
-8.68,-1.229,2.479,0
-8.586,-1.136,2.644,0
-8.571,-1.009,2.758,0
-8.637,-0.844,2.711,0
-8.823,-0.582,2.63,0
-9.004,-0.271,2.77,0
-8.991,0.009,2.957,0
-8.779,0.168,2.97,0
-8.461,0.281,2.981,0
-8.163,0.25,3.076,0
-8.053,0.035,3.04,0
-8.08,-0.203,2.805,0
-8.247,-0.485,2.573,0
-8.568,-0.997,2.452,0
-9.049,-1.54,2.468,0
-9.801,-1.887,2.437,0
-10.544,-2.093,2.364,0
-11.058,-2.098,2.186,0
-11.296,-1.91,1.724,0
-11.266,-1.804,1.114,0
-11.188,-1.712,0.749,0
-11.113,-1.543,0.914,0
-10.954,-1.359,1.351,0
-10.694,-1.162,1.676,0
-10.409,-0.969,1.87,0
-10.222,-0.792,2.059,0
-10.122,-0.628,2.172,0
-10.047,-0.458,2.226,0
-9.978,-0.254,2.208,0
-9.857,-0.072,2.074,0
-9.75,0.174,1.894,0
-9.59,0.4,1.719,0
-9.412,0.584,1.551,0
-9.224,0.696,1.495,0
-8.989,0.816,1.569,0
-8.621,0.794,1.63,0
-8.272,0.765,1.722,0
-7.962,0.835,1.815,0
-7.734,0.932,1.9,0
-7.622,0.919,1.97,0
-7.587,0.822,1.939,0
-7.618,0.8,1.864,0
-7.759,0.863,1.88,0
-8.048,0.849,1.927,0
-8.461,0.814,2.019,0
-8.947,0.853,2.2,0
-9.25,0.821,2.396,0
-9.359,0.719,2.495,0
-9.329,0.447,2.554,0
-9.263,0.116,2.641,0
-9.248,-0.235,2.826,0
-9.487,-0.56,3.174,0
-9.942,-0.897,3.649,0
-10.694,-0.971,4.077,0
-11.4,-0.815,4.261,0
-11.711,-0.385,4.168,0
-11.497,0.407,3.645,0
-10.713,1.047,2.83,0
-9.796,1.314,2.152,0
-9.213,1.244,1.799,0
-9.018,1.07,1.851,0
-8.919,0.708,2.143,0
-8.819,0.225,2.577,0
-8.694,-0.204,3.068,0
-8.619,-0.651,3.45,0
-8.726,-1.117,3.841,0
-9.095,-1.381,4.112,0
-9.544,-1.47,4.208,0
-9.834,-1.457,3.971,0
-9.864,-1.256,3.356,0
-9.703,-0.952,2.529,0
-9.517,-0.711,1.777,0
-9.343,-0.761,1.333,0
-9.304,-1.058,1.223,0
-9.469,-1.28,1.456,0
-9.827,-1.351,2.017,0
-10.209,-1.339,2.767,0
-10.47,-1.309,3.323,0
-10.445,-1.172,3.399,0
-10.018,-0.936,2.945,0
-9.467,-0.643,2.223,0
-9.116,-0.436,1.521,0
-9.031,-0.626,0.85,0
-9.196,-0.94,0.599,0
-9.349,-1.304,0.567,0
-9.384,-1.611,0.691,0
-9.271,-1.77,0.833,0
-9.038,-1.93,1.158,0
-8.91,-2.031,1.538,0
-8.921,-2.177,1.8,0
-9.023,-2.272,1.895,0
-9.161,-2.273,1.96,0
-9.275,-2.199,2.031,0
-9.359,-2.198,1.949,0
-9.476,-2.146,1.572,0
-9.531,-1.967,1.064,0
-9.48,-1.758,0.765,0
-9.4,-1.674,0.713,0
-9.41,-1.606,0.741,0
-9.565,-1.597,0.87,0
-9.605,-1.804,1.048,0
-9.394,-1.92,1.184,0
-9.063,-1.876,1.176,0
-8.738,-1.777,1.005,0
-8.474,-1.718,0.783,0
-8.26,-1.677,0.591,0
-8.165,-1.597,0.453,0
-8.22,-1.63,0.469,0
-8.493,-1.74,0.682,0
-8.881,-1.838,0.896,0
-9.17,-1.973,1.055,0
-9.362,-2.107,1.188,0
-9.531,-2.192,1.283,0
-9.713,-2.236,1.247,0
-9.877,-2.255,1.058,0
-9.937,-2.137,0.776,0
-9.864,-1.927,0.484,0
-9.715,-1.808,0.294,0
-9.61,-1.733,0.197,0
-9.459,-1.726,0.095,0
-9.347,-1.733,0.038,0
-9.268,-1.821,0.057,0
-9.237,-1.941,0.176,0
-9.212,-1.969,0.273,0
-9.165,-1.943,0.318,0
-9.3,-2.004,0.605,0
-9.705,-1.851,0.996,0
-10.321,-1.487,1.265,0
-10.975,-1.222,1.396,0
-11.414,-0.988,1.369,0
-11.601,-0.704,1.263,0
-11.584,-0.486,1.2,0
-11.323,-0.481,1.299,0
-10.884,-0.487,1.515,0
-10.425,-0.411,1.718,0
-10.038,-0.321,2.21,0
-9.815,-0.414,3.011,0
-10.189,-0.6,4.139,0
-10.996,-0.784,5.409,0
-11.599,-1.057,5.923,0
-11.509,-1.023,6.16,0
-10.61,-0.436,5.287,0
-9.204,0.699,4.029,0
-7.714,1.391,3.205,0
-6.597,1.445,2.782,0
-6.282,0.977,2.717,0
-6.551,0.43,3.406,0
-7.011,0.063,4.34,0
-7.446,-0.189,4.914,0
-7.806,-0.275,5.233,0
-8.133,-0.364,5.342,0
-8.391,-0.219,5.247,0
-8.585,-0.245,4.953,0
-8.904,-0.576,4.825,0
-9.462,-0.904,4.602,0
-10.118,-1.009,4.113,0
-10.468,-0.846,3.458,0
-10.452,-0.54,2.427,0
-10.352,0.002,1.593,0
-10.094,0.492,1.439,0
-9.692,0.593,1.66,0
-9.337,0.542,1.974,0
-9.108,0.432,2.286,0
-8.985,0.239,2.615,0
-8.984,0.03,2.941,0
-8.966,-0.117,3.192,0
-8.82,-0.129,3.241,0
-8.544,-0.011,3.026,0
-8.286,0.223,2.647,0
-8.098,0.607,2.389,0
-7.988,1.009,2.399,0
-7.888,1.383,2.521,0
-7.795,1.66,2.609,0
-7.734,1.911,2.762,0
-7.8,1.957,2.916,0
-7.965,1.825,3.146,0
-8.037,1.576,3.285,0
-8.066,1.159,3.235,0
-7.996,0.695,3.267,0
-7.896,0.2,3.469,0
-7.788,-0.209,3.776,0
-7.846,-0.545,4.013,0
-8.21,-0.693,4.33,0
-8.758,-0.875,4.5,0
-9.521,-1.15,4.44,0
-10.223,-1.24,4.364,0
-10.617,-1.139,4.287,0
-10.541,-1.175,3.998,0
-10.039,-1.442,3.55,0
-9.459,-1.974,3.124,0
-9.235,-2.416,2.962,0
-9.43,-2.669,2.867,0
-9.797,-2.886,2.793,0
-10.042,-3.124,2.773,0
-10.176,-3.369,2.737,0
-10.331,-3.533,2.595,0
-10.547,-3.714,2.462,0
-10.831,-3.659,2.402,0
-11.088,-3.428,2.311,0
-11.184,-3.051,2.225,0
-11.104,-2.657,2.23,0
-10.951,-2.318,2.319,0
-10.697,-2.102,2.379,0
-10.307,-2.019,2.456,0
-9.848,-2.089,2.503,0
-9.377,-2.2,2.471,0
-9.015,-2.322,2.37,0
-8.82,-2.458,2.139,0
-8.713,-2.556,1.963,0
-8.602,-2.627,1.835,0
-8.497,-2.751,1.676,0
-8.383,-2.882,1.523,0
-8.248,-2.986,1.464,0
-8.119,-3.039,1.451,0
-8.016,-3.039,1.403,0
-7.938,-3.051,1.399,0
-7.925,-2.946,1.394,0
-7.962,-2.878,1.432,0
-8.113,-2.876,1.733,0
-8.683,-2.574,2.597,0
-9.424,-2.421,3.601,0
-10.094,-2.397,4.218,0
-10.621,-2.016,4.355,0
-10.95,-1.23,4.21,0
-10.988,-0.535,3.869,0
-10.635,-0.011,3.098,0
-9.68,0.393,1.981,0
-8.568,0.461,1.531,0
-7.669,0.027,1.775,0
-7.258,-0.616,2.184,0
-7.341,-1.204,2.679,0
-7.691,-1.691,3.075,0
-8.259,-2.028,3.365,0
-8.846,-2.108,3.386,0
-9.213,-2.082,3.227,0
-9.36,-2.001,2.916,0
-9.41,-1.795,2.525,0
-9.4,-1.693,2.155,0
-9.347,-1.645,2.057,0
-9.279,-1.639,2.32,0
-9.121,-1.582,2.755,0
-8.92,-1.518,3.173,0
-8.725,-1.499,3.575,0
-8.552,-1.441,3.993,0
-8.44,-1.338,4.166,0
-8.446,-1.237,3.992,0
-8.519,-1.024,3.73,0
-8.658,-0.779,3.509,0
-8.769,-0.581,3.165,0
-8.936,-0.459,2.946,0
-9.074,-0.526,2.824,0
-9.24,-0.613,2.958,0
-9.29,-0.844,3.06,0
-9.342,-1.122,3.015,0
-9.455,-1.388,2.986,0
-9.653,-1.542,3.074,0
-9.908,-1.517,3.092,0
-10.048,-1.455,2.909,0
-10.073,-1.384,2.686,0
-9.966,-1.264,2.53,0
-9.783,-1.13,2.469,0
-9.563,-0.987,2.45,0
-9.398,-0.839,2.416,0
-9.289,-0.812,2.429,0
-9.151,-0.927,2.465,0
-8.962,-1.009,2.468,0
-8.78,-1.059,2.372,0
-8.635,-1.146,2.355,0
-8.584,-1.226,2.301,0
-8.62,-1.364,2.183,0
-8.723,-1.401,2.041,0
-8.824,-1.385,1.929,0
-8.95,-1.305,1.856,0
-9.044,-1.224,1.705,0
-9.049,-1.076,1.528,0
-8.991,-0.917,1.424,0
-8.847,-0.841,1.544,0
-8.751,-0.98,2.005,0
-8.827,-1.353,2.427,0
-9.069,-1.733,2.732,0
-9.626,-1.835,3.101,0
-10.175,-1.648,3.181,0
-10.423,-1.232,2.783,0
-10.417,-0.497,2.26,0
-9.919,0.136,1.593,0
-9.141,0.455,0.921,0
-8.441,0.558,0.688,0
-7.874,0.44,0.924,0
-7.482,0.272,1.311,0
-7.299,-0.019,1.718,0
-7.397,-0.348,2.079,0
-7.679,-0.67,2.245,0
-8.116,-1.033,2.128,0
-8.635,-1.427,1.962,0
-9.104,-1.757,1.768,0
-9.516,-2.028,1.484,0
-9.914,-2.235,1.18,0
-10.23,-2.355,0.97,0
-10.539,-2.359,0.778,0
-10.805,-2.305,0.541,0
-11.033,-2.314,0.316,0
-11.191,-2.301,0.13,0
-11.247,-2.205,0.103,0
-11.239,-2.026,0.191,0
-11.159,-1.872,0.352,0
-11.022,-1.751,0.611,0
-10.857,-1.592,0.907,0
-10.695,-1.316,1.225,0
-10.566,-1.019,1.564,0
-10.483,-0.808,1.936,0
-10.449,-0.669,2.349,0
-10.526,-0.575,2.877,0
-10.622,-0.792,3.381,0
-10.59,-1.127,3.797,0
-10.272,-1.373,3.906,0
-9.831,-1.299,3.632,0
-9.485,-0.972,3.249,0
-9.365,-0.731,2.989,0
-9.507,-0.594,2.79,0
-9.717,-0.581,2.598,0
-9.886,-0.654,2.624,0
-9.819,-0.669,2.82,0
-9.619,-0.687,3.021,0
-9.292,-0.7,3.18,0
-9.02,-0.687,3.213,0
-8.973,-0.569,3.063,0
-8.894,-0.527,2.643,0
-8.949,-0.467,2.153,0
-9.194,-0.382,1.789,0
-9.254,-0.513,1.542,0
-9.28,-0.749,1.58,0
-9.201,-1.015,1.614,0
-9.038,-1.42,1.712,0
-8.894,-1.573,1.797,0
-8.609,-1.684,1.707,0
-8.431,-1.594,1.463,0
-8.259,-1.381,1.191,0
-8.244,-1.151,0.921,0
-8.465,-1.017,0.629,0
-8.919,-1.065,0.435,0
-9.377,-1.003,0.379,0
-9.543,-0.887,0.372,0
-9.481,-0.707,0.438,0
-9.435,-0.527,0.659,0
-9.491,-0.481,1.045,0
-9.683,-0.481,1.483,0
-9.869,-0.458,1.865,0
-9.954,-0.374,2.136,0
-9.93,-0.192,2.26,0
-9.835,-0.034,2.194,0
-9.712,0.132,1.961,0
-9.603,0.316,1.674,0
-9.513,0.429,1.407,0
-9.46,0.459,1.265,0
-9.39,0.505,1.204,0
-9.337,0.595,1.179,0
-9.26,0.667,1.221,0
-9.128,0.762,1.346,0
-8.911,0.846,1.46,0
-8.714,0.903,1.632,0
-8.611,0.877,1.836,0
-8.707,0.707,2.285,0
-9.044,0.224,2.887,0
-9.289,-0.233,3.168,0
-9.541,-0.373,3.385,0
-9.986,-0.083,3.872,0
-10.061,0.268,4.247,0
-9.86,0.562,4.047,0
-9.448,0.794,3.589,0
-8.788,1.018,3.408,0
-8.07,1.066,2.989,0
-7.611,1.021,2.473,0
-7.435,0.945,2.314,0
-7.279,0.754,2.291,0
-7.186,0.604,2.171,0
-7.185,0.466,2.099,0
-7.408,0.41,2.224,0
-7.884,0.331,2.497,0
-8.463,0.06,2.984,0
-9.11,-0.24,3.423,0
-9.89,-0.424,3.771,0
-10.716,-0.584,4.153,0
-11.413,-0.753,4.42,0
-11.767,-0.76,4.326,0
-11.666,-0.495,3.866,0
-11.112,-0.103,3.409,0
-10.277,0.055,3.161,0
-9.622,-0.118,3.206,0
-9.274,-0.348,3.289,0
-9.074,-0.626,3.226,0
-8.94,-0.909,3.07,0
-8.842,-1.09,2.858,0
-8.795,-1.237,2.567,0
-8.778,-1.391,2.262,0
-8.797,-1.545,1.99,0
-8.85,-1.693,1.693,0
-8.888,-1.957,1.491,0
-9.05,-2.301,1.466,0
-9.284,-2.542,1.516,0
-9.555,-2.722,1.578,0
-9.849,-2.892,1.635,0
-10.118,-2.978,1.694,0
-10.306,-2.925,1.735,0
-10.286,-2.825,1.741,0
-10.067,-2.648,1.736,0
-9.825,-2.322,1.729,0
-9.589,-1.996,1.746,0
-9.46,-1.737,1.746,0
-9.37,-1.54,1.662,0
-9.311,-1.405,1.578,0
-9.251,-1.298,1.503,0
-9.234,-1.277,1.452,0
-9.303,-1.322,1.454,0
-9.427,-1.411,1.506,0
-9.559,-1.472,1.558,0
-9.673,-1.544,1.55,0
-9.749,-1.538,1.539,0
-9.8,-1.486,1.531,0
-9.85,-1.492,1.461,0
-9.898,-1.502,1.428,0
-9.981,-1.571,1.473,0
-9.979,-1.724,1.523,0
-9.926,-1.77,1.608,0
-9.815,-1.792,1.706,0
-9.781,-1.804,1.864,0
-9.845,-1.789,2.115,0
-9.992,-1.621,2.338,0
-10.197,-1.254,2.471,0
-10.335,-0.941,2.394,0
-10.326,-0.716,2.123,0
-10.175,-0.599,1.865,0
-10.043,-0.489,1.788,0
-9.92,-0.486,1.759,0
-9.8,-0.646,1.77,0
-9.605,-0.822,1.8,0
-9.4,-0.94,1.915,0
-9.381,-1.005,2.195,0
-9.579,-1.077,2.581,0
-10.008,-1.064,3.013,0
-10.457,-1.002,3.253,0
-10.729,-0.899,3.161,0
-10.661,-0.666,2.902,0
-10.368,-0.337,2.707,0
-9.99,0.047,2.601,0
-9.542,0.401,2.553,0
-9.016,0.636,2.439,0
-8.455,0.669,2.294,0
-8.03,0.474,2.222,0
-7.894,0.125,2.473,0
-8.011,-0.145,2.979,0
-8.089,-0.443,3.518,0
-8.152,-0.823,3.802,0
-8.289,-1.158,3.73,0
-8.605,-1.322,3.347,0
-9.072,-1.331,2.893,0
-9.656,-1.166,2.622,0
-10.182,-0.899,2.441,0
-10.493,-0.549,2.191,0
-10.467,-0.111,1.931,0
-10.167,0.354,1.781,0
-9.807,0.773,1.888,0
-9.525,1.065,2.13,0
-9.34,1.217,2.342,0
-9.24,1.237,2.497,0
-9.189,1.166,2.54,0
-9.137,0.901,2.406,0
-9.09,0.601,2.116,0
-9.082,0.305,1.8,0
-9.165,-0.067,1.606,0
-9.281,-0.432,1.518,0
-9.42,-0.665,1.515,0
-9.46,-0.858,1.556,0
-9.378,-0.85,1.527,0
-9.229,-0.783,1.569,0
-9.115,-0.733,1.79,0
-9.034,-0.643,2.079,0
-8.991,-0.477,2.25,0
-8.924,-0.31,2.372,0
-8.851,-0.077,2.338,0
-8.866,0.118,2.254,0
-8.985,0.285,2.092,0
-9.062,0.325,1.929,0
-9.092,0.332,1.846,0
-9.074,0.32,1.795,0
-9.042,0.329,1.864,0
-9.054,0.365,1.941,0
-9.095,0.365,1.945,0
-9.097,0.21,1.922,0
-9.129,0.089,1.981,0
-9.15,0.063,2.108,0
-9.09,0.004,2.287,0
-9.02,-0.072,2.377,0
-9.051,-0.101,2.312,0
-9.182,-0.085,2.201,0
-9.371,-0.07,2.176,0
-9.501,-0.024,2.113,0
-9.557,-0.099,2.106,0
-9.566,-0.383,2.33,0
-9.622,-0.85,2.732,0
-9.83,-1.229,3.124,0
-10.083,-1.495,3.442,0
-10.183,-1.576,3.592,0
-10.0,-1.28,3.454,0
-9.608,-0.679,3.01,0
-9.014,-0.028,2.58,0
-8.361,0.297,2.29,0
-7.781,0.13,2.213,0
-7.408,-0.072,2.531,0
-7.25,-0.134,3.069,0
-7.272,-0.154,3.466,0
-7.406,-0.059,3.573,0
-7.598,0.049,3.466,0
-7.811,0.156,3.367,0
-8.026,0.306,3.315,0
-8.208,0.464,3.214,0
-8.297,0.524,3.101,0
-8.365,0.503,3.022,0
-8.591,0.385,2.974,0
-9.001,-0.019,3.034,0
-9.476,-0.504,3.168,0
-9.845,-0.979,3.32,0
-10.151,-1.444,3.504,0
-10.437,-1.779,3.583,0
-10.529,-1.908,3.378,0
-10.439,-1.889,2.971,0
-10.219,-1.781,2.535,0
-9.948,-1.691,2.151,0
-9.781,-1.742,1.76,0
-9.698,-1.863,1.476,0
-9.702,-1.926,1.358,0
-9.822,-1.894,1.447,0
-10.073,-1.864,1.702,0
-10.316,-1.79,1.986,0
-10.445,-1.755,2.233,0
-10.43,-1.717,2.339,0
-10.322,-1.662,2.26,0
-10.244,-1.593,2.048,0
-10.258,-1.483,1.823,0
-10.28,-1.352,1.616,0
-10.265,-1.28,1.475,0
-10.242,-1.235,1.546,0
-10.202,-1.16,1.66,0
-10.169,-1.048,1.816,0
-10.119,-0.921,1.966,0
-10.029,-0.849,2.042,0
-9.876,-0.786,2.109,0
-9.708,-0.804,2.263,0
-9.599,-0.809,2.502,0
-9.553,-0.873,2.692,0
-9.478,-1.007,2.805,0
-9.395,-1.123,2.651,0
-9.339,-1.195,2.356,0
-9.443,-1.193,2.221,0
-9.652,-1.296,2.175,0
-9.742,-1.434,2.175,0
-9.766,-1.449,2.16,0
-9.692,-1.477,2.117,0
-9.477,-1.492,2.431,0
-9.289,-1.583,2.929,0
-9.189,-1.785,3.196,0
-9.039,-1.857,3.269,0
-8.869,-1.762,3.338,0
-8.71,-1.557,3.322,0
-8.545,-1.434,3.112,0
-8.377,-1.353,2.929,0
-8.293,-1.402,2.782,0
-8.345,-1.47,2.758,0
-8.463,-1.561,2.999,0
-8.555,-1.681,3.365,0
-8.652,-1.858,3.546,0
-8.703,-2.012,3.426,0
-8.718,-2.076,3.133,0
-8.776,-2.052,2.819,0
-8.924,-1.987,2.625,0
-9.132,-1.923,2.564,0
-9.329,-1.879,2.6,0
-9.439,-1.754,2.736,0
-9.424,-1.588,2.945,0
-9.294,-1.426,3.167,0
-9.112,-1.236,3.329,0
-8.938,-1.099,3.363,0
-8.79,-0.949,3.292,0
-8.736,-0.793,3.138,0
-8.759,-0.68,3.048,0
-8.853,-0.585,3.026,0
-8.969,-0.588,3.014,0
-9.044,-0.736,2.854,0
-9.067,-0.805,2.558,0
-9.001,-0.704,2.567,0
-8.816,-0.701,2.639,0
-8.694,-0.723,2.734,0
-8.689,-0.753,2.976,0
-8.792,-0.837,3.229,0
-8.934,-0.974,3.371,0
-9.038,-0.983,3.378,0
-9.041,-0.92,3.322,0
-8.995,-0.858,3.229,0
-8.914,-0.81,3.098,0
-8.92,-0.663,2.929,0
-9.08,-0.539,2.761,0
-9.37,-0.393,2.695,0
-9.688,-0.286,2.599,0
-9.923,-0.159,2.526,0
-9.965,0.01,2.445,0
-9.908,0.21,2.366,0
-9.857,0.38,2.327,0
-9.779,0.446,2.253,0
-9.631,0.455,2.051,0
-9.482,0.484,1.803,0
-9.347,0.491,1.692,0
-9.296,0.401,1.606,0
-9.287,0.297,1.478,0
-9.259,0.122,1.408,0
-9.159,-0.128,1.419,0
-9.036,-0.362,1.405,0
-8.925,-0.557,1.442,0
-8.842,-0.762,1.595,0
-8.821,-0.977,1.656,0
-8.917,-1.182,1.781,0
-9.095,-1.255,2.003,0
-9.243,-1.186,2.197,0
-9.281,-1.073,2.416,0
-9.204,-1.165,2.728,0
-9.199,-1.53,3.209,0
-9.416,-1.998,3.555,0
-9.898,-2.252,3.818,0
-10.321,-2.116,4.083,0
-10.528,-1.737,3.922,0
-10.471,-1.36,3.221,0
-10.081,-1.042,2.414,0
-9.341,-0.712,1.858,0
-8.467,-0.429,1.504,0
-7.743,-0.387,1.475,0
-7.297,-0.424,1.709,0
-7.096,-0.535,2.055,0
-7.088,-0.625,2.478,0
-7.22,-0.73,2.78,0
-7.538,-0.873,2.903,0
-7.99,-1.07,2.98,0
-8.455,-1.216,3.091,0
-8.926,-1.329,3.096,0
-9.277,-1.384,2.906,0
-9.468,-1.41,2.606,0
-9.598,-1.457,2.346,0
-9.782,-1.51,2.175,0
-9.977,-1.642,2.078,0
-10.221,-1.831,2.051,0
-10.407,-2.059,2.187,0
-10.501,-2.206,2.407,0
-10.472,-2.207,2.553,0
-10.332,-2.175,2.574,0
-10.123,-2.023,2.511,0
-9.926,-1.813,2.361,0
-9.868,-1.614,2.218,0
-9.957,-1.41,2.191,0
-10.101,-1.275,2.196,0
-10.192,-1.166,2.164,0
-10.229,-1.109,2.152,0
-10.217,-1.044,2.191,0
-10.178,-1.051,2.225,0
-10.143,-1.081,2.227,0
-10.084,-1.07,2.223,0
-10.012,-1.056,2.252,0
-9.9,-1.067,2.251,0
-9.726,-1.036,2.252,0
-9.521,-0.969,2.256,0
-9.365,-0.918,2.265,0
-9.274,-0.864,2.326,0
-9.213,-0.829,2.416,0
-9.173,-0.816,2.526,0
-9.128,-0.831,2.606,0
-9.065,-0.89,2.683,0
-8.987,-0.965,2.719,0
-8.917,-1.045,2.73,0
-8.914,-1.164,2.735,0
-9.034,-1.252,2.78,0
-9.228,-1.33,2.834,0
-9.388,-1.426,2.841,0
-9.456,-1.409,2.81,0
-9.422,-1.295,2.717,0
-9.326,-1.133,2.536,0
-9.221,-0.999,2.398,0
-9.091,-0.961,2.421,0
-8.92,-1.031,2.527,0
-8.761,-1.174,2.753,0
-8.64,-1.277,2.992,0
-8.612,-1.314,3.238,0
-8.764,-1.298,3.455,0
-9.059,-1.215,3.555,0
-9.404,-1.075,3.611,0
-9.668,-0.935,3.618,0
-9.848,-0.694,3.778,0
-10.044,-0.391,4.129,0
-10.219,-0.21,4.381,0
-10.268,-0.097,4.474,0
-9.998,0.038,4.396,0
-9.345,0.215,4.091,0
-8.621,0.313,3.689,0
-8.201,0.239,3.299,0
-8.092,0.004,2.961,0
-8.196,-0.275,2.819,0
-8.465,-0.554,2.792,0
-8.809,-0.877,2.838,0
-9.108,-1.136,2.798,0
-9.28,-1.314,2.688,0
-9.291,-1.373,2.494,0
-9.146,-1.342,2.331,0
-8.948,-1.19,2.378,0
-8.825,-0.974,2.452,0
-8.865,-0.781,2.454,0
-9.048,-0.529,2.586,0
-9.298,-0.334,2.779,0
-9.476,-0.202,2.908,0
-9.481,-0.052,2.91,0
-9.403,0.126,2.805,0
-9.263,0.268,2.686,0
-9.147,0.413,2.55,0
-9.136,0.568,2.385,0
-9.097,0.606,2.209,0
-9.026,0.587,2.046,0
-8.876,0.549,1.959,0
-8.741,0.456,1.935,0
-8.674,0.277,1.922,0
-8.612,0.095,1.904,0
-8.6,-0.13,1.936,0
-8.71,-0.387,1.973,0
-8.9,-0.64,1.993,0
-9.152,-0.818,1.98,0
-9.377,-1.008,2.021,0
-9.531,-1.12,2.001,0
-9.529,-1.142,1.846,0
-9.433,-1.105,1.707,0
-9.349,-1.028,1.66,0
-9.338,-0.963,1.687,0
-9.416,-0.888,1.737,0
-9.525,-0.821,1.84,0
-9.618,-0.739,1.932,0
-9.676,-0.639,2.034,0
-9.682,-0.572,2.151,0
-9.624,-0.559,2.282,0
-9.54,-0.509,2.344,0
-9.442,-0.438,2.323,0
-9.362,-0.377,2.258,0
-9.264,-0.295,2.124,0
-9.177,-0.218,2.102,0
-9.149,-0.166,2.122,0
-9.2,-0.138,2.156,0
-9.338,-0.149,2.206,0
-9.431,-0.151,2.224,0
-9.524,-0.116,2.226,0
-9.597,-0.094,2.28,0
-9.71,-0.214,2.493,0
-9.883,-0.506,2.744,0
-10.132,-0.783,2.988,0
-10.446,-1.025,3.21,0
-10.611,-1.144,3.185,0
-10.443,-1.011,2.869,0
-10.011,-0.692,2.349,0
-9.518,-0.349,1.93,0
-9.05,-0.15,1.677,0
-8.71,-0.128,1.606,0
-8.549,-0.204,1.846,0
-8.593,-0.232,2.305,0
-8.74,-0.291,2.704,0
-8.843,-0.314,2.833,0
-8.832,-0.271,2.763,0
-8.831,-0.179,2.684,0
-8.915,-0.141,2.635,0
-9.029,-0.106,2.634,0
-9.11,-0.068,2.562,0
-9.107,-0.001,2.408,0
-9.013,-0.045,2.39,0
-8.903,-0.328,2.664,0
-8.777,-0.68,3.176,0
-8.807,-0.992,3.762,0
-8.9,-1.386,3.98,0
-8.875,-1.747,3.87,0
-8.77,-2.015,3.619,0
-8.736,-2.264,3.246,0
-8.84,-2.461,2.774,0
-9.077,-2.642,2.31,0
-9.368,-2.797,1.989,0
-9.681,-2.853,1.761,0
-9.972,-2.899,1.57,0
-10.261,-2.86,1.471,0
-10.523,-2.755,1.362,0
-10.71,-2.581,1.305,0
-10.733,-2.37,1.275,0
-10.658,-2.126,1.291,0
-10.539,-1.964,1.48,0
-10.409,-1.872,1.72,0
-10.275,-1.832,1.898,0
-10.112,-1.776,2.029,0
-9.922,-1.73,2.076,0
-9.733,-1.715,2.044,0
-9.569,-1.69,1.95,0
-9.476,-1.66,1.864,0
-9.426,-1.616,1.791,0
-9.381,-1.585,1.735,0
-9.34,-1.57,1.776,0
-9.288,-1.54,1.861,0
-9.216,-1.464,1.9,0
-9.169,-1.349,1.865,0
-9.116,-1.225,1.827,0
-9.088,-1.159,1.854,0
-9.021,-1.243,1.953,0
-8.931,-1.404,2.007,0
-8.834,-1.585,2.038,0
-8.737,-1.666,2.098,0
-8.693,-1.745,2.089,0
-8.658,-1.914,1.983,0
-8.754,-1.901,1.908,0
-8.919,-1.674,1.904,0
-9.275,-1.468,1.917,0
-9.695,-1.288,1.931,0
-10.008,-1.173,1.848,0
-10.076,-1.122,1.631,0
-9.889,-1.114,1.47,0
-9.706,-1.105,1.599,0
-9.71,-1.055,2.082,0
-9.868,-1.03,2.577,0
-9.995,-1.051,2.83,0
-10.072,-0.963,2.833,0
-9.956,-0.77,2.785,0
-9.752,-0.528,2.656,0
-9.581,-0.355,2.237,0
-9.506,-0.308,1.858,0
-9.566,-0.305,1.84,0
-9.748,-0.464,2.064,0
-9.905,-0.707,2.322,0
-9.864,-0.893,2.613,0
-9.68,-0.958,2.758,0
-9.409,-0.887,2.646,0
-9.169,-0.776,2.431,0
-9.063,-0.602,2.185,0
-8.973,-0.439,1.88,0
-8.964,-0.331,1.661,0
-9.017,-0.199,1.62,0
-8.975,-0.162,1.735,0
-8.86,-0.191,1.893,0
-8.717,-0.207,2.015,0
-8.618,-0.283,2.053,0
-8.627,-0.362,2.049,0
-8.677,-0.437,2.002,0
-8.738,-0.472,1.941,0
-8.782,-0.458,1.837,0
-8.803,-0.401,1.742,0
-8.864,-0.371,1.776,0
-8.964,-0.421,1.939,0
-9.045,-0.476,2.106,0
-9.095,-0.503,2.226,0
-9.068,-0.51,2.329,0
-9.074,-0.521,2.418,0
-9.161,-0.448,2.454,0
-9.311,-0.29,2.484,0
-9.516,-0.125,2.445,0
-9.726,0.042,2.359,0
-9.846,0.188,2.295,0
-9.893,0.301,2.23,0
-9.881,0.414,2.18,0
-9.789,0.539,2.083,0
-9.633,0.633,1.961,0
-9.501,0.653,1.938,0
-9.416,0.566,2.044,0
-9.413,0.448,2.233,0
-9.466,0.338,2.44,0
-9.587,0.209,2.607,0
-9.7,0.111,2.718,0
-9.773,0.052,2.691,0
-9.812,0.059,2.612,0
-9.883,0.056,2.697,0
-10.007,-0.167,3.023,0
-10.239,-0.454,3.342,0
-10.504,-0.717,3.521,0
-10.628,-0.681,3.663,0
-10.407,-0.357,3.817,0
-9.912,-0.014,3.43,0
-9.428,0.424,2.778,0
-8.917,0.809,2.346,0
-8.411,0.93,2.179,0
-8.044,0.896,2.165,0
-7.883,0.876,2.378,0
-7.918,0.834,2.712,0
-7.922,0.77,2.974,0
-7.914,0.682,3.127,0
-8.006,0.659,3.155,0
-8.258,0.643,3.101,0
-8.596,0.603,3.028,0
-8.804,0.481,2.92,0
-8.889,0.349,2.764,0
-8.991,0.313,2.618,0
-9.207,0.155,2.598,0
-9.393,-0.239,2.73,0
-9.578,-0.798,3.054,0
-9.766,-1.342,3.418,0
-9.858,-1.69,3.755,0
-9.804,-1.882,3.942,0
-9.676,-1.971,3.89,0
-9.512,-1.895,3.538,0
-9.428,-1.815,3.009,0
-9.424,-1.81,2.537,0
-9.468,-1.887,2.174,0
-9.619,-1.966,2.022,0
-9.864,-2.03,2.024,0
-10.108,-2.052,2.206,0
-10.293,-2.054,2.414,0
-10.382,-2.024,2.531,0
-10.306,-1.96,2.569,0
-10.077,-1.907,2.635,0
-9.816,-1.821,2.637,0
-9.568,-1.72,2.506,0
-9.39,-1.586,2.363,0
-9.256,-1.475,2.243,0
-9.166,-1.447,2.189,0
-9.065,-1.488,2.229,0
-8.941,-1.579,2.281,0
-8.774,-1.728,2.297,0
-8.648,-1.847,2.351,0
-8.564,-1.99,2.401,0
-8.585,-2.054,2.348,0
-8.715,-2.099,2.223,0
-8.865,-2.106,2.027,0
-8.982,-2.138,1.887,0
-9.135,-2.209,1.883,0
-9.29,-2.088,2.077,0
-9.308,-1.888,2.223,0
-9.187,-1.687,1.981,0
-9.087,-1.401,1.706,0
-9.116,-1.189,1.721,0
-9.234,-1.192,1.849,0
-9.383,-1.255,2.067,0
-9.504,-1.309,2.279,0
-9.575,-1.335,2.428,0
-9.661,-1.332,2.5,0
-9.694,-1.315,2.439,0
-9.672,-1.254,2.293,0
-9.584,-1.149,2.173,0
-9.488,-1.034,2.106,0
-9.474,-0.883,2.134,0
-9.501,-0.812,2.218,0
-9.554,-0.776,2.358,0
-9.516,-0.79,2.5,0
-9.366,-0.806,2.541,0
-9.203,-0.858,2.473,0
-9.107,-0.954,2.389,0
-9.098,-1.06,2.401,0
-9.179,-1.231,2.449,0
-9.315,-1.288,2.654,0
-9.473,-1.243,2.988,0
-9.561,-1.084,3.122,0
-9.539,-0.86,3.139,0
-9.441,-0.684,3.236,0
-9.275,-0.476,3.34,0
-9.066,-0.317,3.439,0
-8.846,-0.101,3.461,0
-8.694,0.079,3.341,0
-8.612,0.201,3.149,0
-8.62,0.312,3.016,0
-8.597,0.363,2.95,0
-8.566,0.366,2.88,0
-8.541,0.326,2.834,0
-8.562,0.356,2.783,0
-8.62,0.427,2.722,0
-8.779,0.49,2.62,0
-8.986,0.466,2.518,0
-9.156,0.354,2.46,0
-9.307,0.146,2.415,0
-9.455,-0.072,2.407,0
-9.608,-0.254,2.504,0
-9.743,-0.422,2.651,0
-9.831,-0.534,2.836,0
-9.829,-0.632,2.934,0
-9.709,-0.576,2.981,0
-9.556,-0.422,3.026,0
-9.482,-0.222,3.044,0
-9.537,-0.06,2.96,0
-9.62,0.132,2.864,0
-9.642,0.254,2.779,0
-9.571,0.32,2.76,0
-9.375,0.36,2.765,0
-9.154,0.341,2.796,0
-8.915,0.294,2.894,0
-8.688,0.203,2.977,0
-8.57,0.14,3.036,0
-8.531,0.083,3.104,0
-8.565,0.032,3.106,0
-8.627,-0.037,3.076,0
-8.711,-0.114,3.036,0
-8.844,-0.213,3.043,0
-9.014,-0.32,3.158,0
-9.219,-0.409,3.315,0
-9.376,-0.409,3.423,0
-9.449,-0.439,3.444,0
-9.426,-0.462,3.369,0
-9.322,-0.458,3.319,0
-9.182,-0.481,3.301,0
-9.108,-0.544,3.213,0
-9.142,-0.646,3.118,0
-9.243,-0.694,3.05,0
-9.355,-0.751,2.99,0
-9.452,-0.794,2.913,0
-9.567,-0.828,2.821,0
-9.728,-0.837,2.777,0
-9.85,-0.815,2.737,0
-9.942,-0.826,2.685,0
-10.028,-0.86,2.702,0
-10.12,-0.925,2.85,0
-10.122,-0.997,3.076,0
-9.937,-1.07,3.243,0
-9.608,-1.113,3.313,0
-9.233,-1.007,3.302,0
-8.893,-0.945,3.18,0
-8.637,-1.012,3.049,0
-8.455,-1.168,2.992,0
-8.343,-1.354,3.006,0
-8.299,-1.568,2.999,0
-8.31,-1.705,2.952,0
-8.362,-1.74,2.97,0
-8.412,-1.733,2.936,0
-8.515,-1.742,2.771,0
-8.641,-1.787,2.554,0
-8.781,-1.851,2.347,0
-8.957,-2.022,2.184,0
-9.101,-2.193,2.085,0
-9.224,-2.366,2.063,0
-9.362,-2.482,2.063,0
-9.491,-2.566,2.134,0
-9.608,-2.582,2.273,0
-9.67,-2.511,2.369,0
-9.635,-2.303,2.468,0
-9.562,-1.97,2.53,0
-9.495,-1.638,2.577,0
-9.396,-1.365,2.636,0
-9.262,-1.116,2.751,0
-9.101,-0.921,2.917,0
-9.032,-0.765,3.218,0
-9.191,-0.59,3.506,0
-9.505,-0.45,3.662,0
-9.769,-0.408,3.748,0
-9.839,-0.438,3.654,0
-9.688,-0.528,3.315,0
-9.461,-0.695,2.985,0
-9.247,-0.936,2.832,0
-9.101,-1.163,2.755,0
-8.96,-1.359,2.724,0
-8.936,-1.483,2.837,0
-8.965,-1.528,3.024,0
-9.019,-1.554,3.126,0
-9.094,-1.515,3.141,0
-9.14,-1.352,3.06,0
-9.18,-1.253,2.976,0
-9.214,-1.248,2.986,0
-9.247,-1.299,3.114,0
-9.245,-1.389,3.338,0
-9.242,-1.368,3.621,0
-9.221,-1.25,3.821,0
-9.117,-1.099,3.801,0
-8.936,-0.947,3.579,0
-8.766,-0.809,3.297,0
-8.604,-0.723,3.066,0
-8.43,-0.611,2.923,0
-8.294,-0.466,2.908,0
-8.249,-0.376,3.02,0
-8.313,-0.332,3.199,0
-8.427,-0.274,3.327,0
-8.578,-0.256,3.364,0
-8.797,-0.2,3.357,0
-9.085,-0.11,3.362,0
-9.37,-0.024,3.367,0
-9.54,0.016,3.351,0
-9.516,0.007,3.371,0
-9.396,0.009,3.384,0
-9.319,0.057,3.397,0
-9.312,0.096,3.355,0
-9.285,0.079,3.312,0
-9.228,0.024,3.291,0
-9.135,-0.015,3.296,0
-9.01,-0.037,3.319,0
-8.918,-0.023,3.341,0
-8.84,-0.033,3.326,0
-8.804,-0.056,3.269,0
-8.818,-0.068,3.255,0
-8.935,-0.093,3.266,0
-9.14,-0.154,3.31,0
-9.359,-0.194,3.33,0
-9.503,-0.234,3.319,0
-9.556,-0.26,3.263,0
-9.468,-0.272,3.137,0
-9.276,-0.271,3.005,0
-9.089,-0.279,2.871,0
-8.912,-0.337,2.836,0
-8.729,-0.45,2.831,0
-8.588,-0.585,2.865,0
-8.479,-0.799,3.014,0
-8.417,-0.894,3.113,0
-8.442,-0.999,3.109,0
-8.542,-1.067,3.076,0
-8.741,-1.118,2.961,0
-9.077,-1.173,2.859,0
-9.449,-1.192,2.758,0
-9.832,-1.188,2.704,0
-10.175,-1.151,2.695,0
-10.331,-1.058,2.677,0
-10.186,-0.932,2.629,0
-9.834,-0.785,2.613,0
-9.487,-0.629,2.644,0
-9.178,-0.499,2.646,0
-8.881,-0.412,2.578,0
-8.688,-0.397,2.607,0
-8.578,-0.468,2.718,0
-8.498,-0.537,2.885,0
-8.429,-0.624,3.039,0
-8.436,-0.714,3.177,0
-8.55,-0.806,3.222,0
-8.672,-0.971,3.166,0
-8.772,-1.174,3.04,0
-8.894,-1.333,2.836,0
-8.958,-1.505,2.64,0
-9.012,-1.61,2.563,0
-9.092,-1.604,2.607,0
-9.114,-1.656,2.746,0
-9.09,-1.631,2.873,0
-9.015,-1.592,2.959,0
-8.95,-1.528,2.999,0
-8.911,-1.408,2.949,0
-8.892,-1.201,2.802,0
-8.849,-1.001,2.585,0
-8.806,-0.896,2.314,0
-8.825,-0.828,2.079,0
-8.913,-0.799,1.869,0
-9.058,-0.862,1.711,0
-9.228,-0.976,1.633,0
-9.412,-1.081,1.612,0
-9.641,-1.26,1.734,0
-9.877,-1.296,1.918,0
-10.043,-1.195,2.038,0
-10.104,-1.054,2.065,0
-10.136,-0.924,1.974,0
-10.081,-0.796,1.78,0
-9.998,-0.701,1.608,0
-9.982,-0.61,1.466,0
-9.91,-0.486,1.341,0
-9.74,-0.344,1.197,0
-9.51,-0.222,1.151,0
-9.329,-0.14,1.257,0
-9.199,-0.097,1.465,0
-9.106,-0.039,1.697,0
-9.042,0.037,1.896,0
-9.035,0.023,2.103,0
-8.987,0.017,2.282,0
-8.989,0.082,2.514,0
-9.08,0.122,2.903,0
-9.517,0.193,3.438,0
-10.327,0.368,4.166,0
-11.195,0.536,4.837,0
-11.773,0.853,4.873,0
-11.969,1.761,3.964,0
-11.213,2.391,2.335,0
-9.513,1.914,0.715,0
-8.143,1.5,0.436,0
-7.434,0.897,0.384,0
-7.324,0.006,0.194,0
-7.677,-0.892,0.152,0
-8.12,-1.827,0.742,0
-8.841,-2.178,1.757,0
-9.529,-2.456,2.574,0
-10.17,-2.749,3.092,0
-10.705,-2.567,2.988,0
-10.86,-1.897,2.904,0
-10.503,-1.557,2.833,0
-10.091,-1.194,2.419,0
-9.721,-0.878,1.924,0
-9.517,-0.551,1.485,0
-9.541,-0.247,1.241,0
-9.914,0.072,1.119,0
-10.284,0.528,1.207,0
-10.504,0.613,1.668,0
-10.757,0.548,2.332,0
-10.822,0.483,2.7,0
-10.986,0.657,2.513,0
-11.233,0.983,2.007,0
-11.496,1.001,1.56,0
-11.834,1.11,1.115,0
-11.961,1.147,0.679,0
-11.949,1.001,0.374,0
-11.722,1.069,0.042,0
-11.174,1.092,-0.5,0
-10.49,1.014,-0.883,0
-9.799,0.873,-0.939,0
-9.414,0.533,-0.712,0
-9.156,0.257,-0.458,0
-9.079,0.174,-0.201,0
-9.294,0.115,0.064,0
-9.484,0.081,0.373,0
-9.521,0.162,0.875,0
-9.303,0.183,1.349,0
-8.983,0.02,1.647,0
-8.626,-0.399,1.842,0
-8.463,-0.746,1.925,0
-8.662,-0.958,1.892,0
-9.184,-1.007,1.573,0
-9.698,-0.937,1.11,0
-10.002,-0.812,0.747,0
-9.86,-0.776,0.442,0
-9.414,-0.733,0.277,0
-9.004,-0.743,0.392,0
-8.647,-0.861,0.699,0
-8.53,-1.176,1.167,0
-8.556,-1.463,1.669,0
-8.545,-1.682,2.044,0
-8.465,-1.697,2.236,0
-8.272,-1.698,2.14,0
-8.058,-1.67,1.955,0
-7.975,-1.633,1.838,0
-8.075,-1.469,1.704,0
-8.346,-1.271,1.501,0
-8.587,-1.082,1.359,0
-8.739,-0.891,1.345,0
-8.884,-0.757,1.39,0
-8.899,-0.682,1.361,0
-8.697,-0.701,1.129,0
-8.394,-0.789,0.85,0
-8.217,-0.917,0.612,0
-8.261,-1.238,0.593,0
-8.505,-1.695,0.878,0
-8.822,-2.166,1.159,0
-9.04,-2.626,1.323,0
-9.115,-2.973,1.491,0
-9.196,-3.074,1.677,0
-9.422,-3.086,2.05,0
-9.733,-3.092,2.507,0
-10.037,-3.104,2.889,0
-10.193,-2.841,3.058,0
-10.114,-2.282,3.195,0
-9.962,-1.584,3.434,0
-9.915,-0.942,3.84,0
-10.096,-0.367,4.323,0
-10.511,0.013,4.302,0
-10.66,0.205,4.018,0
-10.207,0.227,3.958,0
-9.211,0.004,3.687,0
-8.159,-0.129,3.109,0
-7.386,-0.279,2.529,0
-7.102,-0.396,2.285,0
-7.208,-0.665,2.268,0
-7.562,-0.84,2.239,0
-7.966,-0.811,2.388,0
-8.308,-0.754,2.836,0
-8.581,-0.709,3.224,0
-8.826,-0.537,3.396,0
-9.061,-0.412,3.244,0
-9.32,-0.365,3.005,0
-9.556,-0.277,2.811,0
-9.97,-0.057,2.461,0
-10.449,0.313,2.158,0
-10.964,0.657,1.953,0
-11.492,0.944,2.057,0
-12.374,1.205,2.4,0
-13.038,1.192,1.917,0
-13.179,1.026,1.26,0
-13.09,1.303,0.948,0
-12.535,1.468,0.737,0
-11.671,1.452,0.674,0
-11.022,1.324,0.841,0
-10.589,1.182,0.836,0
-10.368,0.971,0.738,0
-10.431,0.766,0.696,0
-10.431,0.681,0.559,0
-10.287,0.58,0.396,0
-10.156,0.333,0.267,0
-10.248,0.02,0.347,0
-10.386,-0.248,0.424,0
-10.359,-0.498,0.433,0
-10.209,-0.703,0.691,0
-10.107,-0.997,1.127,0
-10.203,-1.497,1.607,0
-10.37,-2.01,2.236,0
-10.413,-2.37,2.875,0
-10.222,-2.505,3.185,0
-9.856,-2.304,3.191,0
-9.299,-2.007,2.892,0
-8.67,-1.889,2.467,0
-7.972,-1.895,2.008,0
-7.234,-2.067,1.644,0
-6.566,-2.377,1.558,0
-6.29,-2.481,1.799,0
-6.444,-2.584,2.159,0
-7.172,-2.476,2.489,0
-7.959,-2.524,2.659,0
-8.369,-2.537,2.625,0
-8.438,-2.439,2.535,0
-8.506,-2.272,2.447,0
-8.759,-2.036,2.28,0
-9.03,-1.752,2.072,0
-9.171,-1.438,1.839,0
-9.16,-1.274,1.689,0
-9.134,-1.216,1.755,0
-9.149,-1.22,1.97,0
-9.18,-1.22,2.107,0
-9.205,-1.166,2.041,0
-9.194,-1.085,1.904,0
-9.165,-1.034,1.702,0
-9.146,-1.141,1.452,0
-9.203,-1.389,1.236,0
-9.26,-1.773,1.085,0
-9.286,-2.143,1.019,0
-9.296,-2.492,1.024,0
-9.276,-2.737,1.072,0
-9.229,-2.962,1.135,0
-9.152,-3.123,1.129,0
-9.196,-3.334,1.258,0
-9.27,-3.702,1.412,0
-9.393,-4.046,1.631,0
-9.521,-4.304,2.021,0
-9.644,-4.329,2.582,0
-9.631,-3.958,3.104,0
-9.379,-3.538,3.513,0
-9.17,-2.87,3.843,0
-8.947,-2.152,3.948,0
-8.843,-1.446,3.959,0
-8.829,-0.933,3.721,0
-8.83,-0.459,3.364,0
-8.755,-0.073,2.912,0
-8.596,0.208,2.464,0
-8.432,0.438,2.263,0
-8.27,0.525,2.38,0
-8.2,0.569,2.584,0
-8.395,0.726,2.744,0
-8.725,0.95,2.884,0
-8.87,0.898,2.766,0
-8.83,0.602,2.428,0
-8.731,0.074,2.211,0
-8.658,-0.588,1.896,0
-8.672,-1.251,1.618,0
-8.801,-1.815,1.603,0
-9.121,-2.169,1.905,0
-9.561,-2.327,2.176,0
-9.83,-2.527,2.199,0
-9.852,-2.605,1.896,0
-9.616,-2.572,1.456,0
-9.292,-2.445,1.112,0
-9.057,-2.327,0.893,0
-9.015,-2.287,0.816,0
-9.073,-2.182,0.872,0
-9.183,-2.048,1.028,0
-9.274,-1.901,1.326,0
-9.365,-1.834,1.593,0
-9.496,-1.901,1.789,0
-9.666,-1.947,2.031,0
-9.85,-1.841,2.463,0
-10.056,-1.69,2.964,0
-10.178,-1.498,3.305,0
-10.022,-1.19,3.201,0
-9.53,-0.747,2.626,0
-8.806,-0.311,1.95,0
-8.069,0.013,1.367,0
-7.479,0.196,1.038,0
-7.191,0.214,1.022,0
-7.211,0.079,1.422,0
-7.612,-0.338,2.163,0
-8.166,-0.773,3.052,0
-8.709,-0.978,4.094,0
-9.164,-1.034,4.607,0
-9.583,-0.881,4.323,0
-9.919,-0.58,3.523,0
-10.21,-0.017,2.391,0
-10.565,0.685,1.211,0
-11.001,1.369,0.556,0
-11.319,1.779,0.242,0
-11.655,1.908,0.136,0
-11.985,1.886,0.208,0
-12.269,1.715,0.348,0
-12.509,1.45,0.611,0
-12.372,1.173,0.724,0
-11.793,1.058,0.553,0
-11.045,0.995,0.313,0
-10.366,1.014,0.298,0
-9.795,1.073,0.33,0
-9.36,1.007,0.392,0
-9.381,0.724,0.886,0
-9.904,0.399,1.415,0
-10.791,-0.041,1.539,0
-11.158,-0.335,1.461,0
-10.64,-0.697,1.319,0
-10.403,-1.395,1.424,0
-10.629,-1.982,1.438,0
-10.889,-2.165,1.508,0
-10.795,-2.113,1.657,0
-10.342,-2.125,1.689,0
-9.753,-2.264,1.605,0
-9.17,-2.447,1.571,0
-8.771,-2.586,1.627,0
-8.547,-2.603,1.711,0
-8.505,-2.435,1.762,0
-8.56,-2.237,1.835,0
-8.668,-2.096,1.988,0
-8.912,-1.986,2.146,0
-9.197,-1.77,2.23,0
-9.38,-1.624,2.239,0
-9.385,-1.567,2.214,0
-9.212,-1.521,2.08,0
-8.935,-1.365,1.832,0
-8.7,-1.261,1.624,0
-8.608,-1.227,1.501,0
-8.603,-1.24,1.653,0
-8.595,-1.27,1.901,0
-8.498,-1.288,2.011,0
-8.337,-1.26,1.901,0
-8.275,-1.23,1.754,0
-8.338,-1.3,1.703,0
-8.465,-1.516,1.71,0
-8.66,-1.765,1.818,0
-8.906,-1.979,1.991,0
-9.12,-2.198,2.172,0
-9.235,-2.366,2.269,0
-9.253,-2.431,2.296,0
-9.186,-2.443,2.267,0
-9.089,-2.396,2.177,0
-9.025,-2.319,2.061,0
-8.95,-2.262,1.943,0
-8.873,-2.227,1.824,0
-8.814,-2.154,1.762,0
-8.799,-2.082,1.735,0
-8.799,-1.97,1.701,0
-8.762,-1.891,1.64,0
-8.74,-1.813,1.555,0
-8.749,-1.741,1.516,0
-8.805,-1.652,1.466,0
-8.938,-1.546,1.469,0
-9.102,-1.477,1.493,0
-9.284,-1.478,1.523,0
-9.449,-1.485,1.552,0
-9.572,-1.399,1.575,0
-9.619,-1.27,1.613,0
-9.644,-1.165,1.692,0
-9.683,-1.128,1.809,0
-9.771,-1.289,2.013,0
-10.009,-1.081,2.383,0
-10.321,-0.683,2.608,0
-10.144,-0.712,2.234,0
-9.534,-0.594,1.673,0
-8.998,-0.505,1.295,0
-8.85,-0.721,1.3,0
-9.25,-0.971,1.859,0
-9.791,-1.316,2.435,0
-10.191,-1.447,2.707,0
-10.282,-1.346,2.609,0
-9.958,-1.291,2.178,0
-9.348,-1.14,1.636,0
-8.803,-1.079,1.102,0
-8.442,-1.214,0.592,0
-8.307,-1.5,0.329,0
-8.369,-1.776,0.492,0
-8.597,-1.992,0.915,0
-8.961,-2.19,1.376,0
-9.355,-2.332,1.865,0
-9.648,-2.336,2.303,0
-9.909,-2.261,2.393,0
-10.121,-1.917,2.274,0
-10.249,-1.423,2.009,0
-10.297,-1.107,1.78,0
-10.263,-0.867,1.475,0
-10.04,-0.52,1.343,0
-9.757,-0.203,1.553,0
-9.35,-0.131,1.984,0
-8.984,-0.123,2.591,0
-8.669,-0.099,3.185,0
-8.518,-0.145,3.573,0
-8.537,-0.282,3.632,0
-8.638,-0.254,3.188,0
-8.718,-0.114,2.502,0
-8.823,0.168,1.92,0
-8.966,0.427,1.421,0
-9.21,0.532,1.028,0
-9.526,0.401,0.816,0
-10.067,0.324,0.873,0
-10.765,0.362,0.97,0
-11.46,0.56,1.009,0
-12.053,0.828,1.02,0
-12.399,0.831,1.21,0
-12.307,0.715,1.267,0
-11.908,0.66,0.849,0
-11.442,0.688,0.464,0
-11.042,0.835,0.286,0
-10.691,0.89,0.107,0
-10.44,0.823,-0.013,0
-10.241,0.661,-0.119,0
-9.96,0.537,-0.162,0
-9.644,0.5,-0.129,0
-9.356,0.499,-0.106,0
-9.211,0.497,-0.005,0
-9.266,0.527,0.221,0
-9.449,0.579,0.49,0
-9.609,0.546,0.795,0
-9.74,0.498,1.193,0
-9.962,0.353,1.688,0
-10.242,0.166,2.212,0
-10.455,0.027,2.447,0
-10.446,-0.04,2.384,0
-10.226,-0.077,2.202,0
-9.955,-0.256,1.962,0
-9.923,-0.583,1.827,0
-10.185,-0.972,1.965,0
-10.452,-1.177,2.198,0
-10.489,-1.267,2.288,0
-10.271,-1.477,2.191,0
-9.857,-1.868,1.961,0
-9.321,-2.35,1.81,0
-8.813,-2.852,1.797,0
-8.251,-3.075,1.838,0
-7.659,-3.173,1.871,0
-7.253,-3.28,1.864,0
-7.06,-3.286,1.898,0
-7.06,-3.23,1.99,0
-7.414,-3.059,2.216,0
-7.867,-2.932,2.381,0
-8.18,-2.736,2.393,0
-8.357,-2.386,2.295,0
-8.497,-2.121,2.182,0
-8.655,-1.968,2.121,0
-8.84,-1.949,2.02,0
-8.997,-1.909,1.961,0
-9.188,-1.8,2.004,0
-9.366,-1.655,2.128,0
-9.485,-1.433,2.209,0
-9.522,-1.205,2.202,0
-9.446,-1.05,2.148,0
-9.328,-1.074,2.082,0
-9.156,-1.268,1.987,0
-8.896,-1.598,1.924,0
-8.645,-1.898,1.915,0
-8.535,-2.098,1.911,0
-8.555,-2.295,1.902,0
-8.628,-2.494,1.887,0
-8.712,-2.664,1.808,0
-8.811,-2.79,1.744,0
-8.947,-2.745,1.869,0
-9.072,-2.696,2.009,0
-9.252,-2.606,2.217,0
-9.426,-2.435,2.44,0
-9.448,-2.199,2.628,0
-9.333,-1.935,2.797,0
-9.178,-1.626,2.819,0
-9.105,-1.316,2.749,0
-9.157,-1.066,2.647,0
-9.267,-0.853,2.586,0
-9.312,-0.703,2.468,0
-9.274,-0.594,2.386,0
-9.125,-0.538,2.391,0
-8.965,-0.541,2.458,0
-8.871,-0.556,2.465,0
-8.875,-0.549,2.413,0
-8.95,-0.534,2.329,0
-9.072,-0.501,2.169,0
-9.201,-0.464,1.894,0
-9.334,-0.455,1.616,0
-9.46,-0.583,1.551,0
-9.625,-0.666,1.613,0
-9.74,-0.739,1.573,0
-9.663,-0.966,1.466,0
-9.513,-1.239,1.391,0
-9.383,-1.567,1.405,0
-9.341,-1.945,1.36,0
-9.375,-2.322,1.307,0
-9.467,-2.588,1.348,0
-9.595,-2.815,1.483,0
-9.708,-2.969,1.567,0
-9.785,-3.041,1.54,0
-9.872,-3.092,1.43,0
-9.935,-3.106,1.326,0
-9.94,-3.045,1.197,0
-9.797,-3.007,1.086,0
-9.476,-2.886,1.091,0
-9.116,-2.731,1.185,0
-8.791,-2.592,1.263,0
-8.485,-2.406,1.329,0
-8.257,-2.343,1.369,0
-8.211,-2.391,1.394,0
-8.37,-2.352,1.346,0
-8.607,-2.303,1.299,0
-8.773,-2.341,1.333,0
-8.904,-2.386,1.351,0
-8.951,-2.413,1.328,0
-9.04,-2.472,1.306,0
-9.214,-2.552,1.275,0
-9.26,-2.54,1.365,0
-9.133,-2.504,1.706,0
-9.035,-2.449,2.176,0
-9.163,-2.34,2.673,0
-9.397,-2.29,3.181,0
-9.505,-2.084,3.59,0
-9.288,-1.78,3.663,0
-8.825,-1.452,3.46,0
-8.259,-1.043,3.276,0
-7.771,-0.633,3.041,0
-7.579,-0.4,2.819,0
-7.723,-0.317,2.762,0
-8.099,-0.329,3.004,0
-8.581,-0.423,3.334,0
-8.991,-0.549,3.551,0
-9.319,-0.525,3.556,0
-9.629,-0.446,3.457,0
-9.974,-0.465,3.253,0
-10.42,-0.446,3.017,0
-10.94,-0.484,2.859,0
-11.554,-0.47,2.679,0
-12.148,-0.285,2.437,0
-12.331,-0.166,2.246,0
-12.093,-0.139,2.072,0
-11.582,-0.183,1.913,0
-11.036,-0.104,1.987,0
-10.534,-0.018,2.224,0
-10.124,0.036,2.425,0
-9.776,0.09,2.54,0
-9.512,0.111,2.634,0
-9.266,0.125,2.795,0
-9.051,0.24,2.939,0
-9.019,0.415,3.047,0
-9.241,0.571,3.248,0
-9.725,0.646,3.46,0
-10.23,0.675,3.61,0
-10.494,0.699,3.369,0
-10.389,0.718,2.747,0
-10.026,0.796,2.268,0
-9.543,0.771,1.97,0
-9.086,0.509,1.829,0
-8.899,0.007,2.092,0
-9.06,-0.62,2.714,0
-9.504,-1.209,3.239,0
-10.022,-1.731,3.574,0
-10.31,-2.112,3.777,0
-10.305,-2.37,3.789,0
-10.107,-2.531,3.217,0
-9.799,-2.667,2.418,0
-9.327,-2.84,1.799,0
-8.709,-2.924,1.415,0
-8.011,-2.854,1.313,0
-7.374,-2.674,1.441,0
-7.06,-2.311,1.718,0
-7.305,-1.97,2.007,0
-7.723,-1.818,2.187,0
-8.024,-1.552,2.264,0
-8.236,-1.186,2.135,0
-8.475,-0.84,1.799,0
-8.675,-0.594,1.378,0
-8.763,-0.498,1.037,0
-8.758,-0.487,0.92,0
-8.788,-0.525,1.093,0
-8.895,-0.742,1.543,0
-9.13,-1.102,2.1,0
-9.384,-1.609,2.651,0
-9.575,-2.096,3.025,0
-9.575,-2.529,3.114,0
-9.422,-2.925,3.02,0
-9.199,-3.25,2.737,0
-9.065,-3.436,2.299,0
-9.063,-3.512,1.922,0
-9.139,-3.459,1.743,0
-9.266,-3.356,1.694,0
-9.328,-3.154,1.608,0
-9.289,-2.928,1.574,0
-9.13,-2.724,1.673,0
-8.949,-2.617,1.812,0
-8.801,-2.516,1.885,0
-8.689,-2.424,1.938,0
-8.657,-2.379,1.973,0
-8.642,-2.323,1.901,0
-8.582,-2.275,1.798,0
-8.481,-2.254,1.692,0
-8.42,-2.277,1.606,0
-8.42,-2.325,1.525,0
-8.537,-2.359,1.454,0
-8.648,-2.381,1.487,0
-8.73,-2.349,1.606,0
-8.872,-2.184,1.718,0
-9.174,-2.051,1.903,0
-9.493,-1.957,2.187,0
-9.577,-1.818,2.442,0
-9.34,-1.51,2.502,0
-8.922,-1.135,2.567,0
-8.67,-0.8,2.678,0
-8.792,-0.542,2.928,0
-9.546,-0.179,3.473,0
-10.689,-0.105,4.135,0
-11.795,-0.259,4.786,0
-12.539,-0.505,4.982,0
-12.534,-0.359,4.555,0
-11.352,0.039,3.349,0
-9.512,0.255,2.381,0
-7.838,0.192,2.019,0
-6.79,0.079,1.736,0
-6.486,-0.211,1.352,0
-6.424,-0.617,1.359,0
-6.644,-0.91,1.455,0
-7.186,-1.111,1.816,0
-7.712,-1.382,2.474,0
-8.373,-1.516,3.028,0
-8.9,-1.774,3.09,0
-9.328,-1.947,2.937,0
-9.766,-1.901,2.704,0
-10.318,-1.708,2.268,0
-10.816,-1.553,1.568,0
-11.21,-1.173,0.839,0
-11.577,-0.408,0.262,0
-11.865,0.432,0.049,0
-11.853,0.866,0.13,0
-11.525,0.693,0.663,0
-11.031,0.269,1.313,0
-10.516,0.034,1.714,0
-10.173,-0.017,1.792,0
-10.097,-0.023,1.797,0
-10.227,-0.092,1.739,0
-10.464,-0.064,1.546,0
-10.643,0.036,1.307,0
-10.581,0.121,1.06,0
-10.344,0.231,0.879,0
-10.088,0.311,0.854,0
-9.891,0.308,0.909,0
-9.762,0.22,1.096,0
-9.604,0.023,1.408,0
-9.397,-0.189,1.683,0
-9.155,-0.371,1.815,0
-8.947,-0.399,1.816,0
-8.703,-0.414,1.753,0
-8.441,-0.452,1.746,0
-8.33,-0.513,1.87,0
-8.46,-0.617,2.13,0
-8.665,-0.833,2.373,0
-8.928,-1.093,2.515,0
-9.151,-1.293,2.681,0
-9.318,-1.471,2.798,0
-9.454,-1.549,2.76,0
-9.568,-1.473,2.672,0
-9.667,-1.364,2.505,0
-9.74,-1.258,2.291,0
-9.821,-1.163,2.166,0
-9.776,-1.098,2.146,0
-9.554,-1.095,2.143,0
-9.211,-1.112,2.235,0
-8.795,-1.166,2.382,0
-8.483,-1.248,2.712,0
-8.383,-1.448,3.028,0
-8.508,-1.718,3.227,0
-8.73,-1.839,3.473,0
-8.955,-1.968,3.695,0
-9.117,-1.995,4.061,0
-9.178,-1.965,4.339,0
-9.163,-1.821,4.427,0
-9.175,-1.576,4.307,0
-9.302,-1.304,4.052,0
-9.493,-1.152,3.692,0
-9.615,-1.165,3.198,0
-9.637,-1.169,2.73,0
-9.64,-1.183,2.218,0
-9.691,-1.241,1.737,0
-9.766,-1.307,1.593,0
-9.863,-1.433,1.622,0
-9.943,-1.638,1.596,0
-9.93,-1.76,1.562,0
-9.767,-1.873,1.634,0
-9.535,-1.917,1.724,0
-9.458,-1.939,1.858,0
-9.467,-1.953,1.957,0
-9.414,-1.857,2.031,0
-9.276,-1.666,2.141,0
-9.002,-1.626,2.276,0
-8.632,-1.578,2.423,0
-8.271,-1.638,2.495,0
-7.993,-1.601,2.581,0
-7.85,-1.563,2.568,0
-7.848,-1.643,2.574,0
-7.901,-1.626,2.613,0
-8.052,-1.491,2.538,0
-8.186,-1.462,2.443,0
-8.292,-1.494,2.246,0
-8.364,-1.548,2.098,0
-8.463,-1.733,2.041,0
-8.677,-1.896,2.195,0
-9.024,-2.055,2.643,0
-9.358,-2.203,3.055,0
-9.583,-2.281,3.357,0
-9.699,-2.121,3.525,0
-9.698,-1.843,3.492,0
-9.677,-1.54,3.306,0
-9.658,-1.25,3.089,0
-9.626,-1.063,2.993,0
-9.553,-0.986,2.938,0
-9.374,-0.987,2.926,0
-9.187,-0.958,2.915,0
-9.126,-0.939,2.906,0
-9.139,-1.015,2.834,0
-9.175,-1.106,2.796,0
-9.194,-1.189,2.863,0
-9.249,-1.294,2.936,0
-9.348,-1.342,3.067,0
-9.494,-1.367,3.182,0
-9.635,-1.412,3.189,0
-9.695,-1.428,3.05,0
-9.622,-1.382,2.816,0
-9.362,-1.361,2.611,0
-9.0,-1.3,2.442,0
-8.697,-1.219,2.457,0
-8.495,-1.212,2.642,0
-8.427,-1.233,2.863,0
-8.489,-1.302,3.019,0
-8.601,-1.382,3.132,0
-8.739,-1.449,3.137,0
-8.835,-1.517,2.965,0
-8.894,-1.539,2.8,0
-9.01,-1.518,2.713,0
-9.283,-1.498,2.772,0
-9.584,-1.477,2.984,0
-9.876,-1.414,3.296,0
-10.118,-1.373,3.558,0
-10.19,-1.322,3.569,0
-10.057,-1.259,3.259,0
-9.727,-1.16,2.816,0
-9.282,-1.136,2.48,0
-8.847,-1.248,2.304,0
-8.561,-1.374,2.31,0
-8.491,-1.497,2.489,0
-8.534,-1.591,2.818,0
-8.625,-1.673,3.026,0
-8.736,-1.669,3.089,0
-8.802,-1.585,3.092,0
-8.832,-1.51,3.094,0
-8.829,-1.481,3.051,0
-8.821,-1.384,2.977,0
-8.821,-1.272,2.958,0
-8.838,-1.214,3.093,0
-8.886,-1.152,3.283,0
-8.943,-1.102,3.446,0
-9.03,-1.069,3.565,0
-9.054,-1.002,3.629,0
-9.006,-0.935,3.561,0
-8.901,-0.862,3.42,0
-8.755,-0.782,3.228,0
-8.645,-0.754,3.088,0
-8.581,-0.773,2.987,0
-8.615,-0.774,2.928,0
-8.675,-0.825,2.862,0
-8.767,-0.9,2.844,0
-8.819,-0.98,2.858,0
-8.851,-1.06,2.843,0
-8.892,-1.096,2.854,0
-8.86,-1.119,2.843,0
-8.842,-1.119,2.895,0
-8.889,-1.109,2.958,0
-8.992,-1.13,2.97,0
-9.091,-1.146,2.899,0
-9.121,-1.123,2.782,0
-9.065,-1.068,2.683,0
-8.971,-0.997,2.588,0
-8.9,-0.958,2.524,0
-8.854,-0.925,2.499,0
-8.883,-0.913,2.567,0
-8.956,-0.946,2.71,0
-9.104,-1.026,2.859,0
-9.321,-1.055,2.899,0
-9.52,-0.997,2.823,0
-9.615,-0.87,2.658,0
-9.653,-0.725,2.454,0
-9.67,-0.617,2.321,0
-9.692,-0.588,2.298,0
-9.733,-0.575,2.357,0
-9.77,-0.577,2.454,0
-9.804,-0.579,2.538,0
-9.765,-0.584,2.524,0
-9.68,-0.581,2.467,0
-9.605,-0.584,2.378,0
-9.618,-0.652,2.357,0
-9.76,-0.784,2.484,0
-9.973,-0.869,2.669,0
-10.152,-0.859,2.843,0
-10.157,-0.769,2.947,0
-10.021,-0.596,2.879,0
-9.827,-0.477,2.665,0
-9.689,-0.396,2.538,0
-9.657,-0.401,2.658,0
-9.762,-0.499,2.872,0
-9.929,-0.643,3.089,0
-9.954,-0.752,3.275,0
-9.739,-0.846,3.288,0
-9.39,-0.871,3.167,0
-9.102,-0.854,3.094,0
-8.961,-0.93,3.116,0
-8.964,-1.092,3.231,0
-8.961,-1.225,3.444,0
-8.879,-1.269,3.697,0
-8.7,-1.214,3.846,0
-8.515,-1.096,3.922,0
-8.33,-0.946,3.87,0
-8.116,-0.812,3.646,0
-7.975,-0.657,3.431,0
-7.946,-0.572,3.305,0
-8.078,-0.635,3.244,0
-8.378,-0.744,3.269,0
-8.661,-0.855,3.4,0
-8.841,-0.991,3.586,0
-8.904,-1.033,3.67,0
-8.881,-1.049,3.704,0
-8.769,-1.063,3.734,0
-8.659,-1.037,3.728,0
-8.643,-0.983,3.703,0
-8.68,-0.92,3.748,0
-8.682,-0.839,3.789,0
-8.697,-0.699,3.637,0
-8.743,-0.527,3.491,0
-8.895,-0.393,3.533,0
-9.081,-0.297,3.517,0
-9.248,-0.16,3.411,0
-9.295,-0.029,3.255,0
-9.248,0.005,3.126,0
-9.263,-0.004,3.095,0
-9.357,-0.054,3.147,0
-9.487,-0.145,3.244,0
-9.603,-0.224,3.409,0
-9.684,-0.272,3.499,0
-9.693,-0.371,3.506,0
-9.69,-0.407,3.473,0
-9.597,-0.446,3.412,0
-9.442,-0.429,3.33,0
-9.266,-0.42,3.29,0
-9.138,-0.368,3.296,0
-9.065,-0.243,3.319,0
-9.061,-0.113,3.283,0
-9.149,0.057,3.251,0
-9.228,0.18,3.205,0
-9.273,0.322,3.095,0
-9.283,0.372,2.939,0
-9.327,0.357,2.869,0
-9.376,0.308,2.95,0
-9.359,0.22,3.052,0
-9.309,0.195,3.079,0
-9.246,0.216,3.047,0
-9.268,0.233,2.966,0
-9.329,0.251,2.898,0
-9.423,0.221,2.812,0
-9.557,0.156,2.751,0
-9.637,0.092,2.725,0
-9.68,0.028,2.725,0
-9.703,-0.068,2.694,0
-9.701,-0.143,2.555,0
-9.634,-0.182,2.424,0
-9.544,-0.213,2.304,0
-9.449,-0.23,2.169,0
-9.389,-0.304,1.997,0
-9.371,-0.392,1.932,0
-9.371,-0.415,1.925,0
-9.35,-0.448,1.928,0
-9.299,-0.467,1.926,0
-9.204,-0.433,1.91,0
-9.119,-0.392,1.877,0
-9.125,-0.36,1.871,0
-9.147,-0.283,1.844,0
-9.173,-0.186,1.801,0
-9.191,-0.123,1.844,0
-9.18,-0.085,1.923,0
-9.126,-0.081,1.945,0
-9.072,-0.033,1.964,0
-9.047,0.041,1.979,0
-9.057,0.133,1.97,0
-9.068,0.255,1.886,0
-9.095,0.323,1.792,0
-9.133,0.313,1.724,0
-9.121,0.321,1.545,0
-9.082,0.31,1.315,0
-9.06,0.19,1.206,0
-9.109,0.036,1.107,0
-9.157,-0.082,0.906,0
-9.211,-0.168,0.719,0
-9.333,-0.301,0.805,0
-9.574,-0.621,0.898,0
-9.908,-1.016,1.229,0
-10.301,-1.57,1.679,0
-10.809,-2.142,2.168,0
-11.488,-2.464,2.614,0
-11.995,-2.429,3.115,0
-12.069,-2.247,3.465,0
-11.734,-1.923,3.515,0
-11.239,-1.327,3.313,0
-10.6,-0.685,3.043,0
-9.979,-0.295,2.798,0
-9.451,-0.068,2.669,0
-8.934,0.04,2.749,0
-8.451,0.111,2.961,0
-7.979,0.121,3.293,0
-7.558,0.112,3.548,0
-7.228,0.072,3.604,0
-7.012,0.009,3.46,0
-6.944,-0.103,3.113,0
-7.107,-0.313,2.685,0
-7.483,-0.7,2.598,0
-8.051,-1.266,2.786,0
-8.755,-1.806,3.248,0
-9.476,-2.311,3.825,0
-10.091,-2.572,4.379,0
-10.467,-2.696,4.519,0
-10.745,-2.364,4.562,0
-10.796,-1.731,4.062,0
-10.54,-1.026,3.217,0
-10.102,-0.646,2.36,0
-9.615,-0.655,1.689,0
-9.203,-0.839,1.305,0
-8.987,-1.121,1.158,0
-8.819,-1.416,1.115,0
-8.629,-1.658,1.194,0
-8.44,-1.85,1.323,0
-8.454,-2.002,1.504,0
-8.588,-2.214,1.665,0
-8.683,-2.252,1.819,0
-8.917,-2.249,2.045,0
-9.113,-2.374,2.133,0
-9.298,-2.419,2.058,0
-9.45,-2.319,2.016,0
-9.542,-2.237,1.778,0
-9.528,-2.113,1.302,0
-9.432,-1.826,0.936,0
-9.341,-1.607,0.73,0
-9.212,-1.391,0.696,0
-9.09,-1.08,0.501,0
-8.921,-0.649,0.369,0
-8.627,-0.317,0.156,0
-8.381,-0.078,-0.052,0
-8.1,-0.011,-0.206,0
-7.807,-0.078,-0.284,0
-7.534,-0.217,-0.357,0
-7.357,-0.377,-0.352,0
-7.394,-0.35,-0.323,0
-7.751,-0.218,-0.298,0
-8.373,-0.188,-0.248,0
-9.083,-0.39,-0.213,0
-9.74,-0.662,-0.41,0
-10.237,-0.69,-0.687,0
-10.453,-0.504,-0.884,0
-10.323,-0.539,-1.161,0
-10.118,-0.612,-1.473,0
-10.05,-0.599,-1.651,0
-10.122,-0.522,-1.76,0
-10.273,-0.398,-1.674,0
-10.639,-0.267,-1.211,0
-11.344,-0.303,-0.232,0
-11.993,-0.535,0.994,0
-12.821,-0.922,2.08,0
-13.739,-1.398,2.67,0
-14.55,-1.622,3.459,0
-15.349,-1.398,4.395,0
-16.168,-1.062,4.923,0
-16.304,-1.197,4.873,0
-14.289,-1.867,3.773,0
-11.178,-1.887,2.723,0
-8.64,-1.341,1.94,0
-6.959,-1.123,0.978,0
-6.067,-1.197,0.528,0
-5.868,-1.084,0.982,0
-6.393,-0.979,1.805,0
-7.31,-1.083,3.011,0
-8.444,-1.187,4.388,0
-9.537,-1.35,5.005,0
-10.243,-1.37,4.848,0
-10.281,-1.115,4.303,0
-9.852,-0.534,3.667,0
-9.248,-0.132,3.05,0
-8.633,-0.117,2.623,0
-8.316,-0.358,2.447,0
-8.438,-0.626,2.483,0
-8.73,-0.951,2.69,0
-8.96,-0.881,2.542,0
-9.105,-0.767,2.055,0
-9.139,-0.683,1.505,0
-9.081,-0.564,1.067,0
-8.959,-0.399,0.864,0
-8.562,-0.397,0.719,0
-8.66,-0.243,0.751,0
-8.827,-0.216,1.019,0
-8.889,-0.245,1.609,0
-9.116,-0.179,2.234,0
-9.061,-0.164,2.617,0
-8.723,0.064,2.724,0
-8.479,0.13,2.47,0
-8.264,0.051,2.064,0
-8.116,-0.107,1.721,0
-8.099,-0.343,1.484,0
-8.182,-0.793,1.304,0
-8.455,-0.9,1.273,0
-8.596,-0.746,1.378,0
-8.465,-0.667,1.299,0
-8.389,-0.558,1.13,0
-8.567,-0.53,1.051,0
-8.876,-0.415,1.011,0
-9.11,-0.207,1.006,0
-9.243,-0.024,0.99,0
-9.223,0.151,0.904,0
-9.084,0.281,0.806,0
-8.843,0.383,0.716,0
-8.639,0.463,0.653,0
-8.517,0.535,0.614,0
-8.542,0.529,0.648,0
-8.658,0.472,0.745,0
-8.777,0.393,0.804,0
-8.892,0.262,0.691,0
-8.977,0.111,0.504,0
-9.108,-0.062,0.332,0
-9.27,-0.147,0.148,0
-9.525,-0.195,0.028,0
-9.83,-0.392,0.143,0
-10.154,-0.866,0.619,0
-10.366,-1.68,1.534,0
-10.38,-2.842,2.559,0
-10.476,-4.133,3.143,0
-11.082,-4.821,3.098,0
-11.995,-4.718,3.165,0
-13.063,-3.789,4.109,0
-13.997,-2.718,4.765,0
-14.758,-1.807,4.867,0
-15.044,-0.979,4.509,0
-14.415,0.313,3.963,0
-12.832,1.319,3.358,0
-11.136,1.307,3.282,0
-9.694,1.195,3.764,0
-8.412,1.098,4.451,0
-7.217,0.839,5.022,0
-6.389,0.277,5.259,0
-6.282,-0.374,5.415,0
-6.831,-0.889,5.287,0
-7.618,-1.285,5.031,0
-8.463,-1.567,4.786,0
-9.173,-1.749,4.513,0
-9.63,-1.789,4.33,0
-9.795,-1.885,4.238,0
-9.733,-2.122,4.222,0
-9.7,-2.325,4.331,0
-9.756,-2.23,4.45,0
-9.854,-1.998,4.308,0
-9.874,-1.744,3.854,0
-9.743,-1.622,3.46,0
-9.486,-1.702,3.242,0
-9.138,-1.944,3.132,0
-8.857,-2.123,3.011,0
-8.654,-2.236,2.876,0
-8.505,-2.25,2.683,0
-8.438,-2.327,2.424,0
-8.39,-2.424,2.081,0
-8.249,-2.431,1.748,0
-8.061,-2.458,1.536,0
-7.992,-2.438,1.44,0
-8.061,-2.461,1.488,0
-8.231,-2.548,1.678,0
-8.496,-2.548,1.819,0
-8.839,-2.471,1.9,0
-9.103,-2.329,1.893,0
-9.205,-2.137,1.776,0
-9.161,-1.946,1.577,0
-9.036,-1.844,1.278,0
-8.832,-1.746,0.98,0
-8.515,-1.682,0.867,0
-8.23,-1.666,1.007,0
-7.994,-1.594,1.33,0
-7.825,-1.55,1.603,0
-7.755,-1.549,1.741,0
-7.781,-1.373,1.844,0
-7.875,-1.053,1.821,0
-7.971,-0.722,1.808,0
-8.043,-0.409,1.683,0
-8.022,-0.209,1.489,0
-8.037,-0.017,1.323,0
-8.099,0.031,1.281,0
-8.149,0.052,1.366,0
-8.129,0.252,1.425,0
-8.091,0.327,1.366,0
-8.059,0.248,1.251,0
-8.059,0.212,1.192,0
-8.148,0.126,1.075,0
-8.249,-0.012,0.948,0
-8.356,0.028,0.874,0
-8.514,0.029,0.777,0
-8.793,-0.095,0.847,0
-9.176,-0.241,1.191,0
-9.827,-0.609,1.712,0
-10.862,-1.198,2.707,0
-12.151,-1.715,4.285,0
-13.456,-1.997,5.496,0
-14.748,-1.728,5.171,0
-15.86,-0.255,3.82,0
-16.033,0.577,2.543,0
-14.678,-0.799,1.7,0
-12.57,-2.348,0.931,0
-10.779,-2.854,0.623,0
-9.51,-3.108,0.483,0
-8.854,-3.283,0.487,0
-8.568,-3.225,0.801,0
-8.618,-2.997,1.318,0
-8.898,-2.694,1.751,0
-9.084,-2.283,2.288,0
-9.259,-1.613,2.867,0
-9.401,-0.998,3.579,0
-9.528,-0.451,4.414,0
-9.52,0.03,4.816,0
-9.299,0.456,4.461,0
-8.939,0.986,3.789,0
-8.569,1.277,3.392,0
-8.434,1.418,3.192,0
-8.463,1.41,3.014,0
-8.534,1.111,2.825,0
-8.494,0.694,2.651,0
-8.746,0.575,2.426,0
-9.112,0.679,2.332,0
-9.517,0.792,2.218,0
-9.899,0.716,1.909,0
-10.126,0.585,1.611,0
-10.299,0.66,1.34,0
-10.493,0.802,1.233,0
-10.644,0.818,1.351,0
-10.64,0.701,1.758,0
-10.337,0.473,2.273,0
-9.858,0.352,2.62,0
-9.422,0.392,2.747,0
-9.217,0.474,2.73,0
-9.207,0.578,2.622,0
-9.25,0.643,2.518,0
-9.207,0.726,2.423,0
-9.044,0.818,2.38,0
-8.742,0.87,2.348,0
-8.37,0.881,2.384,0
-8.082,0.789,2.447,0
-7.948,0.616,2.579,0
-8.117,0.4,2.913,0
-8.489,0.084,3.262,0
-8.961,-0.263,3.434,0
-9.4,-0.519,3.601,0
-9.708,-0.737,3.832,0
-9.919,-0.974,3.668,0
-10.032,-0.757,3.14,0
-10.166,-0.314,2.554,0
-10.147,-0.098,2.039,0
-9.827,-0.094,1.765,0
-9.333,-0.457,1.856,0
-8.979,-0.992,2.315,0
-8.994,-1.696,3.216,0
-9.609,-2.238,4.055,0
-10.569,-2.695,4.314,0
-11.268,-3.065,4.146,0
-11.371,-2.977,3.637,0
-10.942,-2.541,2.792,0
-10.231,-2.001,1.84,0
-9.493,-1.677,1.171,0
-8.918,-1.464,1.095,0
-8.638,-1.39,1.447,0
-8.561,-1.543,1.976,0
-8.671,-1.847,2.394,0
-8.887,-2.149,2.7,0
-8.983,-2.224,2.937,0
-8.832,-2.058,3.109,0
-8.603,-1.855,3.142,0
-8.399,-1.679,2.9,0
-8.157,-1.424,2.662,0
-7.858,-1.062,2.599,0
-7.621,-0.801,2.709,0
-7.638,-0.745,2.941,0
-8.037,-0.783,3.149,0
-8.646,-0.839,3.26,0
-9.163,-0.987,3.268,0
-9.427,-1.148,3.214,0
-9.518,-1.236,3.124,0
-9.557,-1.278,3.099,0
-9.605,-1.309,3.137,0
-9.546,-1.236,3.227,0
-9.439,-1.082,3.467,0
-9.321,-0.972,3.727,0
-9.176,-0.82,3.814,0
-9.007,-0.747,3.752,0
-8.837,-0.893,3.61,0
-8.678,-0.892,3.229,0
-8.566,-0.833,2.759,0
-8.543,-0.867,2.352,0
-8.673,-0.932,2.036,0
-8.814,-1.167,2.003,0
-8.967,-1.278,2.204,0
-9.03,-1.32,2.398,0
-9.085,-1.382,2.613,0
-9.147,-1.336,2.837,0
-9.206,-1.126,2.968,0
-9.307,-0.929,2.94,0
-9.499,-0.813,2.706,0
-9.682,-0.814,2.269,0
-9.768,-1.005,1.762,0
-9.601,-1.28,1.362,0
-9.31,-1.572,1.243,0
-8.987,-1.811,1.419,0
-8.732,-1.96,1.631,0
-8.541,-2.064,1.807,0
-8.457,-2.2,2.017,0
-8.494,-2.236,2.173,0
-8.599,-2.196,2.3,0
-8.663,-2.054,2.374,0
-8.72,-1.88,2.293,0
-8.788,-1.753,2.17,0
-8.911,-1.663,2.125,0
-9.091,-1.579,2.116,0
-9.25,-1.457,2.035,0
-9.262,-1.279,1.908,0
-9.139,-1.111,1.803,0
-8.963,-0.956,1.743,0
-8.852,-0.818,1.711,0
-8.851,-0.765,1.742,0
-8.979,-0.823,1.837,0
-9.144,-0.895,1.813,0
-9.281,-1.047,1.691,0
-9.435,-1.287,1.599,0
-9.628,-1.585,1.55,0
-9.805,-1.821,1.561,0
-9.893,-1.898,1.552,0
-9.843,-1.851,1.451,0
-9.598,-1.779,1.344,0
-9.244,-1.693,1.278,0
-8.929,-1.608,1.321,0
-8.755,-1.525,1.395,0
-8.726,-1.458,1.472,0
-8.86,-1.416,1.533,0
-9.001,-1.346,1.497,0
-9.086,-1.275,1.384,0
-9.154,-1.204,1.269,0
-9.2,-1.203,1.187,0
-9.283,-1.254,1.16,0
-9.379,-1.33,1.13,0
-9.501,-1.398,1.125,0
-9.538,-1.424,1.136,0
-9.567,-1.391,1.093,0
-9.554,-1.348,1.068,0
-9.536,-1.319,1.107,0
-9.498,-1.279,1.149,0
-9.397,-1.249,1.152,0
-9.299,-1.195,1.084,0
-9.247,-1.2,1.011,0
-9.265,-1.285,0.998,0
-9.361,-1.354,1.027,0
-9.503,-1.45,1.095,0
-9.595,-1.586,1.197,0
-9.62,-1.693,1.267,0
-9.613,-1.707,1.301,0
-9.582,-1.671,1.322,0
-9.569,-1.658,1.351,0
-9.629,-1.7,1.383,0
-9.787,-1.704,1.457,0
-9.949,-1.737,1.593,0
-10.124,-1.757,1.638,0
-10.228,-1.733,1.584,0
-10.293,-1.692,1.599,0
-10.381,-1.661,1.686,0
-10.35,-1.673,1.737,0
-10.24,-1.639,1.681,0
-10.103,-1.558,1.606,0
-9.9,-1.493,1.638,0
-9.797,-1.417,1.796,0
-9.897,-1.22,2.023,0
-10.362,-0.967,2.214,0
-10.879,-0.842,2.322,0
-11.102,-0.751,2.047,0
-11.0,-0.779,1.493,0
-10.601,-1.104,1.039,0
-10.083,-1.743,0.744,0
-9.599,-2.344,0.528,0
-9.161,-2.81,0.492,0
-8.811,-2.991,0.342,0
-8.461,-3.023,0.247,0
-8.156,-2.923,0.233,0
-7.982,-2.77,0.251,0
-7.973,-2.656,0.341,0
-8.08,-2.607,0.42,0
-8.334,-2.502,0.434,0
-8.639,-2.477,0.505,0
-9.053,-2.38,0.529,0
-9.438,-2.284,0.462,0
-9.804,-2.215,0.401,0
-9.972,-2.087,0.394,0
-10.05,-1.955,0.448,0
-9.985,-1.954,0.362,0
-9.853,-1.843,0.299,0
-9.822,-1.622,0.303,0
-9.76,-1.46,0.369,0
-9.641,-1.294,0.361,0
-9.523,-1.253,0.244,0
-9.432,-1.281,0.237,0
-9.396,-1.282,0.266,0
-9.368,-1.287,0.26,0
-9.398,-1.307,0.298,0
-9.512,-1.377,0.341,0
-9.598,-1.524,0.366,0
-9.801,-1.61,0.306,0
-9.972,-1.795,0.224,0
-10.221,-1.88,0.175,0
-10.391,-1.902,0.051,0
-10.436,-1.807,-0.031,0
-10.334,-1.732,-0.058,0
-10.162,-1.696,-0.049,0
-10.002,-1.598,0.03,0
-9.897,-1.422,0.088,0
-9.848,-1.262,0.183,0
-9.816,-1.121,0.327,0
-9.809,-1.047,0.332,0
-9.833,-0.945,0.345,0
-9.857,-0.947,0.379,0
-9.853,-1.038,0.364,0
-9.813,-1.111,0.364,0
-9.758,-1.202,0.384,0
-9.626,-1.346,0.334,0
-9.31,-1.558,0.188,0
-8.954,-1.692,0.19,0
-8.84,-1.82,0.447,0
-8.97,-1.907,0.586,0
-9.155,-1.956,0.54,0
-9.32,-2.021,0.474,0
-9.467,-2.057,0.493,0
-9.567,-2.026,0.545,0
-9.639,-1.962,0.581,0
-9.721,-1.891,0.59,0
-9.794,-1.77,0.468,0
-9.835,-1.669,0.319,0
-9.785,-1.653,0.186,0
-9.664,-1.498,0.081,0
-9.317,-1.553,-0.122,0
-8.761,-1.65,-0.31,0
-8.274,-2.031,-0.357,0
-7.946,-2.569,-0.125,0
-7.911,-2.985,0.161,0
-8.052,-3.208,0.299,0
-8.324,-3.307,0.365,0
-8.694,-3.26,0.403,0
-8.927,-3.225,0.501,0
-9.184,-3.026,0.656,0
-9.344,-2.805,0.654,0
-9.428,-2.633,0.485,0
-9.455,-2.371,0.34,0
-9.438,-2.19,0.256,0
-9.369,-2.155,0.265,0
-9.258,-2.148,0.33,0
-9.1,-2.13,0.595,0
-8.881,-2.037,1.021,0
-8.656,-1.95,1.502,0
-8.504,-1.883,2.001,0
-8.395,-1.752,2.407,0
-8.402,-1.535,2.612,0
-8.576,-1.359,2.653,0
-8.845,-1.211,2.538,0
-9.137,-0.981,2.294,0
-9.357,-0.615,1.964,0
-9.377,-0.576,1.501,0
-9.461,-0.372,1.216,0
-9.636,-0.18,1.162,0
-9.71,-0.339,1.067,0
-9.768,-0.369,1.045,0
-9.762,-0.457,1.164,0
-9.681,-0.596,1.341,0
-9.519,-0.925,1.594,0
-9.376,-1.324,1.626,0
-9.25,-1.665,1.665,0
-9.145,-1.81,1.841,0
-9.27,-1.929,1.918,0
-9.518,-2.04,1.733,0
-9.85,-2.089,1.438,0
-10.136,-1.835,1.146,0
-10.288,-1.502,0.958,0
-10.231,-1.339,0.7,0
-10.082,-1.219,0.473,0
-9.981,-1.12,0.323,0
-9.92,-1.105,0.271,0
-9.869,-1.209,0.144,0
-9.831,-1.409,0.059,0
-9.855,-1.63,0.025,0
-9.907,-1.869,-0.065,0
-9.911,-2.053,-0.035,0
-9.919,-2.24,0.098,0
-9.987,-2.531,-0.053,0
-9.981,-2.836,-0.4,0
-9.701,-3.034,-0.568,0
-9.42,-3.079,-0.362,0
-9.07,-2.906,0.035,0
-8.885,-2.553,0.471,0
-8.867,-2.478,0.572,0
-9.227,-2.411,0.471,0
-9.539,-2.309,0.247,0
-9.401,-2.381,-0.006,0
-8.961,-2.272,-0.011,0
-8.501,-2.0,0.04,0
-8.163,-1.659,0.092,0
-8.034,-1.263,-0.082,0
-8.026,-0.951,-0.349,0
-8.11,-0.806,-0.526,0
-8.302,-0.704,-0.636,0
-8.482,-0.752,-0.792,0
-8.577,-1.159,-0.981,0
-8.573,-1.658,-1.152,0
-8.496,-2.096,-1.288,0
-8.456,-2.48,-1.326,0
-8.56,-2.856,-1.212,0
-8.677,-3.241,-1.089,0
-8.725,-3.661,-1.091,0
-8.682,-3.931,-1.161,0
-8.433,-4.146,-1.233,0
-8.184,-4.211,-1.105,0
-8.025,-4.277,-1.03,0
-7.912,-4.254,-0.978,0
-7.912,-4.139,-0.949,0
-8.004,-4.059,-1.015,0
-8.213,-3.948,-1.012,0
-8.495,-3.943,-0.87,0
-9.185,-3.784,-0.619,0
-10.06,-3.602,-0.126,0
-11.039,-3.305,0.43,0
-11.973,-2.974,0.85,0
-12.705,-2.802,0.796,0
-12.926,-2.675,0.563,0
-12.778,-2.192,0.714,0
-12.448,-1.748,0.937,0
-11.852,-1.706,1.133,0
-11.114,-1.939,1.298,0
-10.355,-2.147,1.512,0
-9.763,-2.224,1.675,0
-9.41,-2.121,1.06,0
-9.312,-2.096,0.556,0
-9.35,-2.009,0.581,0
-9.529,-1.831,0.769,0
-9.923,-1.805,1.159,0
-10.186,-1.761,1.439,0
-10.284,-1.617,1.482,0
-10.35,-1.372,1.597,0
-10.22,-1.338,1.958,0
-9.893,-1.365,2.36,0
-9.263,-1.339,2.619,0
-8.499,-1.077,2.924,0
-7.79,-0.734,3.248,0
-7.322,-0.558,3.665,0
-7.193,-0.374,4.056,0
-7.343,-0.167,4.248,0
-7.623,-0.116,4.295,0
-7.903,-0.088,4.182,0
-8.144,-0.185,3.829,0
-8.379,-0.565,3.666,0
-8.629,-0.804,3.522,0
-8.777,-0.877,3.281,0
-8.865,-0.957,3.149,0
-8.721,-1.047,2.87,0
-8.577,-1.013,2.621,0
-8.485,-1.072,2.54,0
-8.511,-1.099,2.332,0
-8.654,-1.117,2.23,0
-9.018,-1.093,2.301,0
-9.454,-1.046,2.4,0
-9.81,-1.213,2.385,0
-10.288,-1.292,2.193,0
-10.664,-1.203,1.945,0
-10.762,-1.154,1.694,0
-10.773,-0.989,1.425,0
-10.663,-0.797,1.091,0
-10.508,-0.656,0.865,0
-10.236,-0.582,0.774,0
-10.06,-0.251,0.632,0
-9.814,-0.031,0.818,0
-9.713,0.136,0.99,0
-9.9,0.217,1.396,0
-10.038,0.179,1.541,0
-10.282,0.165,1.178,0
-10.506,0.362,0.902,0
-10.425,0.592,1.161,0
-10.207,0.68,1.545,0
-9.925,0.763,1.549,0
-9.621,0.79,1.429,0
-9.433,0.771,1.228,0
-9.335,0.691,0.93,0
-9.275,0.515,0.591,0
-9.124,0.365,0.153,0
-8.9,0.236,-0.222,0
-8.614,0.115,-0.554,0
-8.333,0.041,-0.771,0
-8.153,0.058,-0.886,0
-8.076,0.156,-1.056,0
-8.132,0.305,-1.164,0
-8.267,0.463,-1.254,0
-8.404,0.559,-1.358,0
-8.263,0.62,-1.553,0
-7.985,0.758,-1.713,0
-7.84,0.877,-1.788,0
-7.801,0.893,-1.851,0
-7.875,0.714,-1.806,0
-8.076,0.242,-1.349,0
-8.487,-0.757,-0.372,0
-9.517,-2.173,1.23,0
-11.455,-3.02,2.96,0
-13.949,-4.125,4.399,0
-16.607,-5.489,6.62,0
-18.303,-6.153,9.831,0
-17.902,-5.27,10.955,0
-15.073,-2.666,7.591,0
-12.137,0.143,3.474,0
-9.073,0.426,1.708,0
-7.116,-0.063,0.672,0
-6.998,0.192,0.164,0
-7.629,0.392,0.374,0
-8.422,0.077,0.782,0
-9.137,-0.017,1.437,0
-9.81,0.123,2.456,0
-10.549,0.026,3.462,0
-11.228,-0.224,3.718,0
-11.378,-0.696,3.361,0
-10.712,-1.336,3.131,0
-9.815,-2.009,3.56,0
-9.193,-2.416,4.385,0
-9.016,-2.527,4.57,0
-9.029,-2.449,3.945,0
-9.011,-2.19,3.093,0
-9.039,-1.834,2.257,0
-9.105,-1.603,1.678,0
-9.073,-1.441,1.407,0
-8.873,-1.428,1.287,0
-8.512,-1.556,1.448,0
-8.178,-1.629,1.807,0
-7.839,-1.698,2.136,0
-7.886,-1.99,2.491,0
-8.188,-1.983,2.724,0
-8.103,-1.663,2.505,0
-7.84,-1.231,2.278,0
-7.339,-0.938,2.252,0
-6.96,-0.953,1.995,0
-7.041,-1.1,1.692,0
-7.178,-1.421,1.672,0
-7.217,-1.96,1.74,0
-7.357,-2.272,1.832,0
-7.686,-2.43,1.927,0
-8.045,-2.308,1.839,0
-8.395,-2.138,1.439,0
-8.602,-2.116,0.949,0
-8.692,-1.872,0.689,0
-8.821,-1.55,0.594,0
-8.912,-1.225,0.433,0
-8.899,-1.065,0.293,0
-8.622,-1.036,0.2,0
-8.213,-1.07,-0.003,0
-7.854,-1.095,-0.162,0
-7.632,-1.148,-0.275,0
-7.631,-1.252,-0.37,0
-7.812,-1.469,-0.476,0
-8.103,-1.547,-0.536,0
-8.398,-1.455,-0.513,0
-8.719,-1.357,-0.737,0
-9.126,-1.127,-1.014,0
-9.579,-1.048,-1.385,0
-9.885,-1.319,-1.897,0
-9.729,-1.663,-2.172,0
-9.311,-1.717,-2.053,0
-9.06,-1.611,-1.746,0
-9.213,-1.634,-1.597,0
-9.76,-1.582,-1.504,0
-10.638,-1.505,-1.201,0
-11.812,-1.512,-0.373,0
-13.317,-1.35,1.17,0
-14.83,-1.599,2.687,0
-16.036,-2.235,4.272,0
-16.461,-2.967,6.222,0
-15.727,-3.502,7.85,0
-14.894,-3.068,7.552,0
-13.63,-2.7,5.459,0
-11.591,-2.742,3.436,0
-9.73,-2.488,1.979,0
-8.468,-1.849,1.036,0
-7.63,-1.325,0.471,0
-7.371,-0.922,0.481,0
-7.843,-0.877,1.523,0
-8.766,-1.019,3.06,0
-9.676,-1.129,4.355,0
-10.292,-1.158,4.836,0
-10.359,-1.024,4.82,0
-9.893,-0.991,4.722,0
-9.444,-1.056,4.165,0
-9.41,-1.076,3.327,0
-9.552,-1.043,2.638,0
-9.521,-0.987,2.01,0
-9.301,-0.66,1.634,0
-8.845,-0.414,1.505,0
-8.191,-0.057,1.534,0
-7.975,0.197,1.563,0
-8.039,0.332,1.643,0
-8.037,0.414,1.994,0
-8.009,0.536,2.407,0
-8.12,0.603,2.538,0
-8.386,0.56,2.545,0
-8.588,0.532,2.473,0
-8.714,0.527,2.392,0
-8.669,0.541,2.295,0
-8.446,0.481,2.103,0
-8.173,0.349,1.963,0
-7.931,0.095,1.92,0
-7.821,-0.082,1.757,0
-7.765,-0.236,1.565,0
-7.726,-0.361,1.456,0
-7.68,-0.434,1.387,0
-7.647,-0.509,1.313,0
-7.5,-0.698,1.288,0
-7.274,-0.925,1.297,0
-7.18,-0.89,1.213,0
-7.095,-0.867,1.066,0
-6.947,-0.882,1.026,0
-7.002,-0.839,1.134,0
-7.283,-0.738,1.154,0
-7.696,-0.679,1.051,0
-8.223,-0.652,0.834,0
-8.792,-0.696,0.573,0
-9.447,-0.814,0.422,0
-10.211,-0.914,0.389,0
-10.882,-0.997,0.371,0
-11.234,-1.083,0.281,0
-11.199,-1.057,0.186,0
-11.002,-1.043,0.276,0
-10.702,-0.989,0.294,0
-10.378,-0.909,0.036,0
-9.958,-0.814,-0.4,0
-9.296,-0.855,-0.861,0
-8.573,-1.083,-0.997,0
-8.111,-1.497,-0.658,0
-8.271,-2.015,0.269,0
-8.85,-2.717,1.047,0
-9.86,-3.166,1.409,0
-11.096,-3.216,1.615,0
-12.545,-3.213,1.915,0
-14.055,-3.537,2.4,0
-15.744,-3.865,3.009,0
-17.446,-3.863,3.45,0
-18.928,-3.301,3.652,0
-18.348,-1.444,4.209,0
-15.837,0.848,4.434,0
-13.023,1.078,4.497,0
-10.169,-0.569,4.557,0
-8.468,-0.639,4.38,0
-7.058,-0.155,3.907,0
-6.298,0.199,3.335,0
-6.004,0.208,2.9,0
-6.175,0.62,2.643,0
-6.437,0.989,2.356,0
-6.968,0.65,2.112,0
-7.635,-0.252,2.152,0
-8.343,-1.1,2.659,0
-9.086,-1.87,3.503,0
-9.663,-2.498,4.223,0
-9.803,-2.987,4.206,0
-9.813,-2.758,3.699,0
-9.628,-2.119,2.718,0
-9.404,-1.901,1.324,0
-9.175,-2.038,0.173,0
-8.888,-1.932,-0.257,0
-8.474,-1.914,-0.366,0
-7.968,-2.109,-0.253,0
-7.446,-2.455,0.029,0
-7.079,-2.697,0.389,0
-7.047,-2.647,0.808,0
-7.305,-2.591,0.937,0
-7.642,-2.662,0.996,0
-7.99,-2.497,1.138,0
-8.134,-2.245,1.256,0
-8.212,-2.218,1.206,0
-8.448,-2.099,1.007,0
-8.613,-2.042,0.888,0
-8.845,-2.058,0.807,0
-9.012,-2.019,0.665,0
-8.903,-1.882,0.643,0
-8.691,-1.663,0.698,0
-8.614,-1.353,0.542,0
-8.527,-1.127,0.121,0
-8.45,-0.794,-0.306,0
-8.302,-0.706,-0.544,0
-8.06,-0.64,-0.65,0
-7.872,-0.563,-0.62,0
-7.864,-0.704,-0.446,0
-8.033,-0.861,-0.191,0
-8.136,-0.826,-0.124,0
-8.209,-0.825,-0.137,0
-8.48,-0.876,-0.161,0
-8.878,-1.061,-0.235,0
-9.44,-1.202,-0.445,0
-10.01,-1.439,-0.629,0
-10.385,-1.407,-0.53,0
-10.648,-1.106,-0.307,0
-10.921,-0.78,-0.225,0
-11.152,-0.619,-0.169,0
-11.353,-0.477,0.167,0
-11.529,-0.36,0.872,0
-11.63,-0.324,1.692,0
-11.819,-0.742,2.343,0
-12.311,-1.442,2.728,0
-12.996,-2.159,3.242,0
-13.487,-3.138,3.829,0
-13.811,-3.785,3.606,0
-13.676,-4.061,2.98,0
-13.153,-4.214,2.246,0
-12.58,-4.102,1.541,0
-12.001,-3.704,1.386,0
-11.25,-3.018,1.609,0
-10.392,-2.26,2.393,0
-9.704,-1.312,3.426,0
-9.225,-0.835,4.063,0
-9.253,-0.424,4.566,0
-9.712,-0.388,4.945,0
-10.179,-0.76,4.799,0
-10.151,-1.09,4.282,0
-9.808,-1.221,3.828,0
-9.545,-1.13,3.308,0
-9.776,-1.0,2.873,0
-10.092,-1.118,2.46,0
-10.056,-1.033,2.035,0
-9.65,-0.599,1.894,0
-9.315,-0.17,2.084,0
-9.064,0.223,2.13,0
-9.182,0.672,1.942,0
-9.47,0.695,1.865,0
-9.397,0.535,2.044,0
-8.982,0.233,2.191,0
-8.481,-0.029,2.291,0
-8.082,-0.193,2.344,0
-8.024,-0.272,2.268,0
-8.172,-0.162,2.182,0
-8.211,0.039,2.094,0
-8.007,0.242,1.908,0
-7.487,0.384,1.607,0
-6.88,0.521,1.457,0
-6.523,0.274,1.64,0
-6.453,-0.017,1.801,0
-6.457,-0.17,1.923,0
-6.381,-0.416,2.041,0
-6.298,-0.507,1.966,0
-6.241,-0.546,1.756,0
-6.23,-0.492,1.546,0
-6.167,-0.464,1.343,0
-6.185,-0.407,1.215,0
-6.288,-0.302,1.205,0
-6.51,-0.333,1.146,0
-6.835,-0.437,1.194,0
-7.195,-0.572,1.29,0
-7.58,-0.727,1.43,0
-8.041,-0.979,1.415,0
-8.504,-1.294,1.447,0
-9.053,-1.59,1.518,0
-9.534,-1.875,1.48,0
-9.998,-2.271,1.535,0
-10.343,-2.689,1.658,0
-10.508,-3.16,1.751,0
-10.857,-3.125,1.873,0
-11.268,-3.447,2.178,0
-11.691,-3.771,2.703,0
-11.821,-4.302,3.103,0
-11.929,-4.458,3.413,0
-12.278,-4.033,3.707,0
-13.017,-3.451,3.644,0
-14.404,-2.69,4.011,0
-15.837,-1.978,4.899,0
-16.226,-1.202,4.784,0
-15.029,0.252,3.483,0
-12.291,1.071,2.217,0
-9.511,1.076,1.545,0
-7.225,0.641,1.191,0
-5.774,0.049,1.231,0
-5.462,-0.664,1.659,0
-6.117,-1.495,2.44,0
-7.42,-2.711,3.119,0
-8.953,-3.772,3.406,0
-10.058,-4.48,3.55,0
-10.42,-4.647,3.566,0
-10.119,-4.467,2.965,0
-9.781,-4.366,2.604,0
-9.615,-4.425,2.312,0
-9.433,-4.301,1.779,0
-9.278,-3.883,1.337,0
-9.164,-3.375,1.113,0
-9.218,-2.881,1.073,0
-9.241,-2.611,1.124,0
-9.161,-2.462,1.04,0
-9.006,-2.296,1.076,0
-8.77,-2.192,1.112,0
-8.424,-2.164,1.053,0
-8.116,-2.07,0.996,0
-7.988,-1.962,0.844,0
-7.995,-1.856,0.639,0
-8.189,-1.768,0.528,0
-8.34,-1.85,0.375,0
-8.525,-1.881,0.309,0
-8.729,-1.882,0.312,0
-9.025,-1.852,0.337,0
-9.36,-1.838,0.385,0
-9.606,-1.688,0.493,0
-9.737,-1.495,0.576,0
-9.826,-1.296,0.54,0
-9.882,-1.09,0.415,0
-9.952,-1.062,0.321,0
-10.035,-1.195,0.208,0
-10.123,-1.317,0.181,0
-10.145,-1.494,0.215,0
-10.124,-1.616,0.292,0
-10.023,-1.643,0.294,0
-9.926,-1.639,0.231,0
-9.859,-1.625,0.172,0
-9.768,-1.417,0.195,0
-9.684,-1.205,0.205,0
-9.624,-1.023,0.139,0
-9.605,-0.766,0.051,0
-9.585,-0.481,-0.057,0
-9.55,-0.261,-0.112,0
-9.576,-0.127,-0.075,0
-9.531,-0.111,-0.079,0
-9.42,-0.097,0.014,0
-9.185,-0.117,0.073,0
-8.983,-0.21,0.145,0
-8.916,-0.279,0.326,0
-8.921,-0.391,0.466,0
-8.994,-0.448,0.557,0
-9.1,-0.521,0.634,0
-9.264,-0.651,0.821,0
-9.514,-0.815,1.066,0
-9.805,-0.829,1.414,0
-10.179,-0.77,1.775,0
-10.598,-0.701,2.109,0
-11.051,-0.584,2.41,0
-11.388,-0.458,2.365,0
-11.541,-0.341,1.875,0
-11.564,-0.304,1.107,0
-11.448,-0.204,0.456,0
-11.064,-0.14,0.243,0
-10.611,-0.123,0.462,0
-10.335,-0.142,1.165,0
-10.395,-0.028,2.332,0
-10.634,0.135,3.412,0
-10.991,0.392,3.832,0
-11.339,0.753,3.532,0
-11.496,1.26,2.921,0
-11.122,1.56,1.965,0
-10.107,1.329,0.933,0
-9.208,1.025,0.531,0
-8.624,0.579,0.693,0
-8.284,0.059,0.994,0
-8.05,-0.181,1.364,0
-7.794,-0.449,1.676,0
-7.651,-0.488,1.929,0
-7.571,-0.412,1.987,0
-7.655,-0.238,1.94,0
-7.924,-0.038,1.934,0
-8.373,0.061,1.936,0
-8.869,0.146,1.95,0
-9.243,0.195,2.002,0
-9.449,0.234,2.033,0
-9.419,0.263,2.029,0
-9.341,0.385,2.028,0
-9.155,0.705,1.98,0
-8.988,1.036,2.025,0
-9.023,1.297,2.109,0
-9.276,1.357,2.249,0
-9.458,1.466,2.375,0
-9.436,1.501,2.414,0
-9.467,1.452,2.319,0
-9.499,1.343,2.113,0
-9.533,1.204,1.944,0
-9.506,1.052,1.785,0
-9.407,0.883,1.719,0
-9.278,0.784,1.691,0
-9.117,0.746,1.757,0
-9.039,0.727,1.85,0
-9.059,0.702,2.019,0
-9.142,0.62,2.256,0
-9.246,0.534,2.453,0
-9.319,0.571,2.544,0
-9.319,0.606,2.719,0
-9.327,0.669,2.902,0
-9.281,0.711,2.959,0
-9.256,0.769,2.972,0
-9.159,0.752,2.979,0
-8.969,0.695,3.16,0
-8.807,0.478,3.607,0
-8.91,0.147,4.113,0
-9.253,-0.223,4.48,0
-9.739,-0.355,4.762,0
-10.026,-0.274,4.709,0
-9.962,-0.064,4.306,0
-9.717,0.398,3.63,0
-9.217,0.831,3.048,0
-8.645,1.119,2.71,0
-8.026,1.213,2.571,0
-7.675,1.207,2.666,0
-7.579,1.167,2.937,0
-7.601,1.07,3.16,0
-7.54,0.939,3.163,0
-7.464,0.859,2.994,0
-7.662,0.964,2.793,0
-8.166,1.147,2.706,0
-8.831,1.169,2.745,0
-9.4,0.924,2.839,0
-9.728,0.545,2.93,0
-9.841,0.133,3.088,0
-9.789,-0.297,3.247,0
-9.735,-0.55,3.285,0
-9.728,-0.842,3.171,0
-9.656,-1.188,3.176,0
-9.604,-1.553,3.267,0
-9.547,-1.955,3.325,0
-9.387,-2.434,3.307,0
-9.145,-2.763,3.32,0
-8.879,-2.858,3.373,0
-8.653,-2.88,3.212,0
-8.682,-2.856,3.01,0
-8.961,-2.789,2.892,0
-9.408,-2.698,2.807,0
-9.931,-2.616,2.673,0
-10.309,-2.647,2.529,0
-10.454,-2.723,2.229,0
-10.556,-2.576,1.912,0
-10.559,-2.238,1.517,0
-10.476,-1.872,1.142,0
-10.305,-1.585,0.954,0
-10.122,-1.471,1.051,0
-9.94,-1.538,1.35,0
-9.879,-1.624,1.579,0
-9.811,-1.655,1.68,0
-9.616,-1.694,1.656,0
-9.383,-1.72,1.575,0
-9.203,-1.736,1.432,0
-9.069,-1.639,1.308,0
-8.962,-1.54,1.178,0
-8.942,-1.524,0.948,0
-8.876,-1.557,0.914,0
-8.793,-1.527,1.144,0
-8.799,-1.583,1.382,0
-8.955,-1.691,1.484,0
-9.113,-1.691,1.52,0
-9.31,-1.638,1.665,0
-9.499,-1.678,1.773,0
-9.397,-1.693,1.588,0
-9.166,-1.631,1.192,0
-9.06,-1.578,1.041,0
-9.026,-1.455,0.996,0
-8.9,-1.338,0.724,0
-8.734,-1.226,0.397,0
-8.674,-1.054,0.243,0
-8.671,-0.95,0.207,0
-8.891,-0.843,0.534,0
-9.116,-0.822,0.914,0
-9.254,-0.83,1.241,0
-9.499,-0.81,1.626,0
-9.978,-0.801,2.005,0
-10.479,-0.731,2.252,0
-11.048,-0.594,2.137,0
-11.435,-0.767,1.683,0
-11.419,-0.952,1.371,0
-11.11,-1.179,1.338,0
-10.616,-1.731,1.307,0
-10.263,-2.151,1.621,0
-10.162,-2.366,2.245,0
-10.025,-2.513,2.884,0
-9.754,-2.581,3.114,0
-9.605,-2.52,3.353,0
-9.652,-2.336,3.518,0
-9.817,-2.142,3.647,0
-9.81,-1.92,3.759,0
-9.566,-1.615,3.443,0
-9.267,-1.143,2.845,0
-8.903,-0.828,2.196,0
-8.573,-0.612,1.806,0
-8.45,-0.566,1.629,0
-8.728,-0.764,1.725,0
-9.244,-0.862,2.019,0
-9.653,-0.81,2.615,0
-9.838,-0.885,3.076,0
-9.888,-1.242,3.246,0
-9.756,-1.31,3.077,0
-9.668,-1.119,2.874,0
-9.64,-0.848,2.524,0
-9.658,-0.531,1.993,0
-9.612,-0.28,1.548,0
-9.533,-0.142,1.313,0
-9.528,-0.02,1.342,0
-9.416,0.032,1.478,0
-9.113,0.027,1.665,0
-8.793,-0.046,1.839,0
-8.532,-0.114,1.961,0
-8.343,-0.124,2.067,0
-8.209,-0.077,2.048,0
-8.145,-0.03,2.085,0
-8.245,-0.042,2.392,0
-8.663,-0.288,2.867,0
-9.36,-0.569,3.19,0
-9.99,-0.564,3.315,0
-9.955,-0.497,3.299,0
-9.419,-0.492,2.909,0
-8.842,-0.671,2.366,0
-8.832,-0.858,2.169,0
-9.34,-0.982,2.314,0
-9.857,-1.089,2.615,0
-10.286,-1.05,2.909,0
-10.467,-0.901,3.067,0
-10.437,-0.642,3.062,0
-10.12,-0.403,2.956,0
-9.509,-0.308,2.876,0
-8.836,-0.384,2.783,0
-8.379,-0.562,2.747,0
-8.246,-0.744,2.925,0
-8.465,-0.82,3.276,0
-8.885,-0.822,3.681,0
-9.381,-0.848,3.952,0
-9.767,-0.923,4.018,0
-9.973,-0.89,4.036,0
-10.031,-0.81,3.824,0
-10.004,-0.599,3.444,0
-9.941,-0.433,3.112,0
-9.839,-0.338,2.974,0
-9.731,-0.41,2.933,0
-9.574,-0.57,3.012,0
-9.384,-0.775,3.344,0
-9.253,-0.949,3.73,0
-9.16,-1.099,3.876,0
-8.994,-1.225,3.766,0
-8.862,-1.275,3.52,0
-8.774,-1.268,3.186,0
-8.662,-1.258,2.929,0
-8.495,-1.365,2.719,0
-8.35,-1.474,2.559,0
-8.284,-1.537,2.549,0
-8.176,-1.552,2.639,0
-8.011,-1.591,2.829,0
-7.887,-1.653,3.062,0
-7.928,-1.577,3.394,0
-8.233,-1.381,3.638,0
-8.605,-1.279,3.708,0
-8.903,-1.162,3.653,0
-9.01,-0.917,3.387,0
-9.024,-0.725,3.05,0
-9.066,-0.71,2.771,0
-9.092,-0.745,2.676,0
-9.033,-0.862,2.693,0
-8.825,-1.002,2.798,0
-8.566,-1.096,2.969,0
-8.369,-1.183,3.188,0
-8.359,-1.273,3.376,0
-8.504,-1.37,3.435,0
-8.736,-1.393,3.281,0
-8.949,-1.409,3.031,0
-9.095,-1.376,2.849,0
-9.173,-1.401,2.778,0
-9.202,-1.549,2.839,0
-9.299,-1.698,2.975,0
-9.52,-1.866,3.28,0
-9.695,-2.061,3.556,0
-9.727,-2.287,3.603,0
-9.585,-2.301,3.416,0
-9.284,-2.213,3.07,0
-9.002,-2.069,2.652,0
-8.794,-1.946,2.358,0
-8.653,-1.872,2.254,0
-8.588,-1.801,2.245,0
-8.653,-1.742,2.344,0
-8.757,-1.614,2.466,0
-8.787,-1.501,2.57,0
-8.768,-1.497,2.565,0
-8.735,-1.502,2.505,0
-8.76,-1.506,2.394,0
-8.835,-1.57,2.288,0
-8.929,-1.636,2.29,0
-9.037,-1.727,2.337,0
-9.127,-1.752,2.462,0
-9.222,-1.699,2.534,0
-9.302,-1.621,2.505,0
-9.387,-1.525,2.451,0
-9.41,-1.484,2.376,0
-9.48,-1.412,2.278,0
-9.436,-1.41,2.346,0
-9.696,-1.226,2.423,0
-9.283,-0.889,2.75,0
-9.161,-1.707,3.167,0
-9.223,-1.858,2.731,0
-9.37,-1.024,2.685,0
-9.29,-1.218,2.537,0
-8.649,-1.708,2.432,0
-8.403,-1.148,2.427,0
-8.46,-0.706,2.123,0
-8.563,-0.398,1.916,0
-8.759,-0.285,1.711,0
-9.155,-0.453,1.519,0
-9.589,-0.696,1.592,0
-10.0,-0.95,1.879,0
-10.128,-1.05,2.355,0
-10.053,-1.182,2.553,0
-10.016,-1.407,2.236,0
-9.981,-1.429,1.794,0
-9.714,-0.966,1.569,0
-9.293,-0.719,1.275,0
-9.078,-0.596,0.857,0
-9.151,-0.615,0.662,0
-9.601,-0.627,0.652,0
-10.035,-0.416,0.808,0
-10.313,-0.275,1.113,0
-10.289,-0.318,1.441,0
-10.161,-0.471,1.515,0
-10.102,-0.551,1.479,0
-10.184,-0.74,1.282,0
-10.372,-0.651,1.425,0
-10.404,-1.076,1.206,0
-9.878,-0.838,1.666,0
-9.388,-0.861,1.581,0
-8.884,-0.804,1.379,0
-8.655,-0.772,1.389,0
-8.671,-0.612,1.548,0
-8.809,-0.378,1.67,0
-8.974,-0.144,1.692,0
-9.132,0.041,1.641,0
-9.254,0.049,1.597,0
-9.314,0.156,1.496,0
-9.399,0.136,1.346,0
-9.522,-0.0,1.329,0
-9.682,-0.142,1.387,0
-9.762,-0.327,1.397,0
-9.846,-0.451,1.359,0
-9.855,-0.604,1.282,0
-9.878,-0.682,1.214,0
-9.888,-0.815,1.058,0
-9.841,-0.795,0.83,0
-9.7,-0.658,0.586,0
-9.535,-0.426,0.423,0
-9.419,-0.275,0.421,0
-9.408,-0.071,0.479,0
-9.468,0.236,0.597,0
-9.547,0.453,0.736,0
-9.57,0.716,0.757,0
-9.501,0.891,0.642,0
-9.453,0.943,0.632,0
-9.488,0.91,0.743,0
-9.59,0.809,0.924,0
-9.717,0.321,1.386,0
-10.092,-0.318,2.161,0
-10.684,-0.902,2.923,0
-11.384,-1.268,3.36,0
-12.1,-1.572,3.808,0
-12.854,-1.792,4.574,0
-13.346,-1.978,4.888,0
-13.309,-2.012,4.495,0
-12.494,-1.474,4.04,0
-11.351,-0.717,3.662,0
-10.401,-0.546,3.279,0
-9.862,-0.283,3.292,0
-9.771,-0.008,3.671,0
-9.879,0.324,4.091,0
-9.736,0.797,4.605,0
-9.436,1.066,4.966,0
-8.877,1.109,4.914,0
-8.289,1.037,4.444,0
-7.772,0.933,3.879,0
-7.24,0.666,3.422,0
-6.781,0.349,3.059,0
-6.557,0.027,2.834,0
-6.648,-0.433,2.77,0
-6.967,-0.709,2.828,0
-7.421,-0.777,3.014,0
-7.982,-0.843,3.337,0
-8.505,-0.934,3.904,0
-8.775,-1.007,4.195,0
-8.858,-1.218,4.004,0
-8.92,-1.309,3.677,0
-8.831,-1.285,3.126,0
-8.711,-1.154,2.428,0
-8.632,-1.038,1.541,0
-8.619,-0.974,0.893,0
-8.582,-1.019,0.489,0
-8.514,-1.221,0.342,0
-8.457,-1.45,0.483,0
-8.513,-1.659,0.733,0
-8.589,-1.952,0.951,0
-8.957,-1.937,1.098,0
-9.012,-2.061,1.471,0
-9.04,-2.22,1.631,0
-9.43,-2.266,1.604,0
-9.669,-2.232,1.516,0
-9.72,-2.067,1.243,0
-9.684,-1.811,0.797,0
-9.608,-1.715,0.371,0
-9.529,-1.494,0.201,0
-9.491,-1.543,-0.09,0
-9.414,-1.715,-0.099,0
-9.31,-1.638,-0.121,0
-9.348,-1.615,-0.323,0
-9.51,-1.594,-0.583,0
-9.698,-1.607,-0.782,0
-9.789,-1.639,-0.98,0
-9.702,-1.658,-1.097,0
-9.499,-1.763,-1.152,0
-9.18,-1.898,-1.199,0
-8.817,-2.041,-1.297,0
-8.513,-2.143,-1.394,0
-8.442,-2.101,-1.364,0
-8.699,-2.072,-1.075,0
-9.224,-2.132,-0.734,0
-9.959,-2.124,-0.46,0
-10.562,-1.948,-0.207,0
-11.038,-1.873,-0.1,0
-11.347,-1.79,-0.062,0
-11.489,-1.639,0.013,0
-11.497,-1.441,-0.15,0
-11.269,-1.3,-0.326,0
-10.609,-1.08,-0.122,0
-9.826,-0.856,0.683,0
-9.684,-1.028,1.393,0
-10.362,-1.582,1.34,0
-11.112,-2.15,1.441,0
-11.744,-2.453,2.135,0
-12.475,-2.907,2.759,0
-13.162,-3.19,2.968,0
-13.445,-3.164,2.943,0
-12.671,-3.012,2.667,0
-11.293,-2.703,2.13,0
-10.079,-2.448,1.673,0
-9.359,-2.26,1.564,0
-9.043,-1.971,1.719,0
-8.935,-1.607,2.414,0
-8.818,-1.338,3.285,0
-8.652,-1.172,3.798,0
-8.486,-1.027,4.227,0
-8.221,-1.025,4.555,0
-8.004,-1.112,4.663,0
-7.757,-1.279,4.39,0
-7.434,-1.401,3.845,0
-7.229,-1.498,3.199,0
-7.533,-1.421,2.738,0
-8.143,-1.206,2.687,0
-8.57,-0.977,2.542,0
-8.731,-0.68,2.279,0
-8.61,-0.467,1.968,0
-8.237,-0.258,1.904,0
-8.308,0.074,1.741,0
-8.593,0.162,1.612,0
-8.826,0.031,1.628,0
-9.121,-0.126,1.534,0
-9.185,-0.258,1.423,0
-8.982,-0.34,1.457,0
-8.653,-0.405,1.616,0
-8.488,-0.375,1.785,0
-8.475,-0.344,1.976,0
-8.591,-0.282,2.098,0
-8.615,-0.2,2.211,0
-8.604,-0.244,2.324,0
-8.593,-0.322,2.207,0
-8.568,-0.403,1.986,0
-8.543,-0.455,1.78,0
-8.632,-0.478,1.577,0
-8.757,-0.437,1.403,0
-8.832,-0.403,1.268,0
-8.8,-0.355,1.189,0
-8.714,-0.184,1.258,0
-8.584,0.02,1.371,0
-8.418,0.213,1.422,0
-8.283,0.35,1.422,0
-8.221,0.462,1.323,0
-8.273,0.524,1.151,0
-8.48,0.421,0.846,0
-8.7,0.286,0.546,0
-9.053,0.211,0.158,0
-9.421,0.007,-0.311,0
-9.813,-0.16,-0.699,0
-10.147,-0.405,-0.976,0
-10.332,-0.603,-1.159,0
-10.402,-0.806,-1.281,0
-10.465,-0.987,-1.371,0
-10.626,-1.081,-1.299,0
-10.79,-1.508,-0.864,0
-10.857,-2.448,0.27,0
-10.916,-3.72,1.846,0
-11.427,-4.691,2.941,0
-12.511,-5.372,3.324,0
-14.288,-5.423,4.758,0
-15.679,-5.161,6.964,0
-16.278,-4.678,7.703,0
-15.411,-2.468,6.505,0
-13.199,0.263,5.119,0
-11.326,1.582,3.926,0
-10.316,2.376,3.377,0
-9.566,2.614,2.936,0
-8.791,2.771,2.411,0
-7.569,2.54,2.479,0
-6.57,2.087,3.113,0
-5.96,1.48,3.897,0
-5.926,0.569,4.191,0
-6.363,-0.275,4.068,0
-7.231,-0.816,4.099,0
-8.347,-1.241,4.189,0
-9.3,-1.647,4.138,0
-9.864,-1.78,3.888,0
-9.879,-1.739,3.512,0
-9.608,-1.633,3.118,0
-9.254,-1.568,2.69,0
-9.057,-1.619,2.348,0
-8.961,-1.77,2.245,0
-8.996,-1.986,2.286,0
-9.039,-2.174,2.295,0
-8.944,-2.308,2.295,0
-8.784,-2.423,2.283,0
-8.649,-2.556,2.358,0
-8.508,-2.744,2.34,0
-8.332,-2.765,2.168,0
-8.17,-2.77,1.956,0
-8.196,-2.774,1.739,0
-8.267,-2.709,1.529,0
-8.321,-2.823,1.362,0
-8.236,-2.694,1.184,0
-8.172,-2.576,1.208,0
-8.128,-2.601,1.403,0
-8.231,-2.554,1.382,0
-8.615,-2.435,0.748,0
-9.121,-2.343,-0.026,0
-9.344,-2.125,-0.365,0
-9.262,-1.623,-0.472,0
-8.923,-1.091,-0.837,0
-8.466,-0.919,-1.122,0
-8.015,-0.422,-1.423,0
-7.613,-0.11,-1.661,0
-7.164,-0.005,-1.402,0
-6.965,0.125,-1.083,0
-7.076,0.041,-0.938,0
-7.498,0.028,-0.751,0
-8.035,0.056,-0.608,0
-8.486,-0.011,-0.622,0
-8.755,-0.067,-0.578,0
-8.938,-0.048,-0.51,0
-9.157,0.077,-0.576,0
-9.554,0.126,-0.716,0
-10.095,0.067,-0.813,0
-10.542,-0.152,-0.975,0
-10.811,-0.487,-1.148,0
-10.863,-0.925,-1.164,0
-10.533,-1.117,-0.754,0
-9.787,-1.015,0.23,0
-9.721,-1.598,1.529,0
-10.548,-2.437,2.215,0
-11.76,-3.255,2.215,0
-12.911,-4.109,2.961,0
-14.003,-4.718,4.037,0
-15.225,-4.57,4.282,0
-16.175,-3.661,3.652,0
-15.709,-3.115,2.612,0
-13.603,-2.669,1.777,0
-11.229,-1.827,1.876,0
-9.131,-1.612,1.915,0
-7.703,-1.651,2.0,0
-7.125,-1.702,2.711,0
-7.374,-1.717,3.824,0
-8.163,-1.559,4.381,0
-9.199,-1.389,4.173,0
-10.002,-1.135,3.738,0
-10.283,-1.015,3.119,0
-10.3,-1.034,2.269,0
-10.286,-1.011,1.414,0
-10.25,-0.975,0.937,0
-10.119,-0.887,0.846,0
-9.992,-0.667,0.783,0
-9.858,-0.424,0.864,0
-9.548,-0.42,0.986,0
-9.062,-0.511,1.218,0
-8.783,-0.525,1.59,0
-8.562,-0.586,2.031,0
-8.459,-0.685,2.478,0
-8.605,-0.714,2.959,0
-9.095,-0.648,3.364,0
-9.615,-0.412,3.391,0
-9.789,-0.117,3.132,0
-9.489,0.002,2.783,0
-8.991,0.179,2.238,0
-8.559,0.363,1.693,0
-8.357,0.324,1.558,0
-8.462,0.233,1.614,0
-8.423,0.103,1.678,0
-8.104,0.001,1.716,0
-7.714,-0.129,1.804,0
-7.387,-0.245,2.043,0
-7.151,-0.222,2.184,0
-7.008,-0.121,2.14,0
-6.816,0.043,1.815,0
-6.636,0.254,1.422,0
-6.458,0.384,1.06,0
-6.335,0.447,0.773,0
-6.371,0.433,0.439,0
-6.528,0.249,0.22,0
-6.838,0.076,0.185,0
-7.316,0.01,0.241,0
-7.913,-0.136,0.273,0
-8.635,-0.357,0.055,0
-9.31,-0.62,-0.193,0
-9.915,-0.821,-0.208,0
-10.374,-0.925,-0.344,0
-10.656,-0.933,-0.603,0
-10.689,-0.916,-0.677,0
-10.439,-0.957,-0.604,0
-10.145,-1.384,-0.465,0
-9.849,-2.16,0.003,0
-9.646,-3.181,0.867,0
-9.977,-3.911,2.13,0
-10.798,-4.427,3.039,0
-11.811,-4.807,3.643,0
-12.836,-4.501,4.717,0
-13.697,-3.836,5.466,0
-14.37,-2.684,5.789,0
-14.429,-0.846,5.703,0
-13.894,0.566,4.936,0
-13.303,1.163,3.951,0
-12.657,1.496,3.145,0
-11.808,1.443,2.51,0
-10.86,1.151,2.081,0
-9.87,0.71,1.926,0
-9.058,0.144,2.272,0
-8.679,-0.281,2.801,0
-8.655,-0.686,3.185,0
-8.81,-1.133,3.484,0
-9.204,-1.442,3.591,0
-9.762,-1.669,3.576,0
-10.197,-1.778,3.385,0
-10.372,-1.644,3.03,0
-10.265,-1.358,2.564,0
-9.966,-1.086,1.832,0
-9.53,-0.989,1.113,0
-9.013,-1.158,0.499,0
-8.545,-1.327,0.345,0
-8.188,-1.545,0.374,0
-7.995,-1.789,0.582,0
-7.971,-2.156,0.829,0
-8.134,-2.394,1.104,0
-8.38,-2.379,1.312,0
-8.363,-2.289,1.317,0
-8.094,-1.961,1.219,0
-7.75,-2.209,1.119,0
-7.571,-2.448,0.935,0
-7.466,-2.331,0.832,0
-7.423,-2.149,0.611,0
-7.313,-1.984,0.415,0
-7.309,-1.935,0.369,0
-7.459,-1.966,0.311,0
-7.861,-1.934,0.112,0
-8.322,-1.756,0.031,0
-8.606,-1.598,-0.057,0
-8.678,-1.61,-0.082,0
-8.566,-1.675,-0.023,0
-8.318,-1.704,-0.005,0
-8.054,-1.67,-0.062,0
-7.841,-1.743,-0.258,0
-7.717,-1.904,-0.468,0
-7.693,-1.99,-0.692,0
-7.778,-2.011,-1.004,0
-8.033,-1.842,-1.356,0
-8.495,-1.555,-1.631,0
-9.0,-1.442,-1.875,0
-9.461,-1.366,-2.06,0
-9.653,-1.304,-2.297,0
-9.684,-1.342,-2.329,0
-9.788,-1.53,-2.096,0
-10.116,-1.664,-1.675,0
-10.69,-1.68,-1.327,0
-11.314,-1.737,-1.173,0
-11.949,-1.61,-0.87,0
-12.596,-1.275,-0.303,0
-13.265,-0.61,0.431,0
-13.805,-0.588,0.677,0
-14.321,-1.156,1.277,0
-14.334,-2.121,2.608,0
-13.72,-3.043,3.657,0
-13.194,-3.335,4.176,0
-12.69,-3.332,3.8,0
-11.832,-3.293,2.811,0
-10.443,-3.281,1.672,0
-9.213,-2.796,0.968,0
-8.527,-2.212,0.783,0
-8.433,-1.773,1.151,0
-8.913,-1.565,2.36,0
-9.251,-1.381,3.762,0
-9.356,-1.086,4.448,0
-9.474,-0.729,4.88,0
-9.489,-0.634,5.32,0
-9.485,-0.715,5.269,0
-9.322,-0.832,4.527,0
-9.001,-0.913,3.491,0
-8.756,-0.886,2.59,0
-8.878,-0.969,2.21,0
-9.084,-1.152,2.102,0
-9.186,-1.197,2.039,0
-9.071,-1.089,1.795,0
-8.741,-0.728,1.521,0
-8.297,-0.413,1.36,0
-8.136,-0.299,1.22,0
-8.237,-0.34,1.322,0
-8.302,-0.441,1.484,0
-8.562,-0.486,1.421,0
-8.853,-0.607,1.562,0
-8.951,-0.761,1.894,0
-9.059,-0.757,2.257,0
-9.121,-0.564,2.659,0
-8.947,-0.281,2.643,0
-8.768,-0.002,1.857,0
-8.834,0.004,1.374,0
-8.877,0.354,0.964,0
-8.549,0.135,0.436,0
-8.4,-0.115,0.245,0
-8.116,-0.518,0.109,0
-7.901,-0.933,-0.082,0
-7.688,-1.065,-0.119,0
-7.554,-1.094,-0.099,0
-7.397,-1.179,-0.173,0
-7.379,-1.047,-0.223,0
-7.529,-0.744,-0.212,0
-7.562,-0.391,-0.242,0
-7.634,0.123,-0.157,0
-7.667,0.47,-0.175,0
-7.717,0.653,-0.272,0
-7.756,0.647,-0.548,0
-7.926,0.601,-0.787,0
-8.154,0.506,-0.84,0
-8.513,0.334,-0.773,0
-8.917,0.098,-0.671,0
-9.288,-0.119,-0.569,0
-9.57,-0.262,-0.464,0
-9.879,-0.258,-0.419,0
-10.271,-0.155,-0.507,0
-10.636,-0.031,-0.689,0
-10.998,-0.07,-0.886,0
-11.293,-0.47,-0.551,0
-11.134,-1.42,0.277,0
-10.999,-2.334,1.298,0
-11.336,-2.671,2.316,0
-12.26,-2.598,2.926,0
-13.686,-2.504,3.841,0
-15.232,-2.426,5.288,0
-16.535,-2.507,6.265,0
-17.286,-2.39,6.753,0
-16.388,-1.278,6.363,0
-14.284,0.425,4.905,0
-11.866,0.802,3.556,0
-9.59,0.557,2.9,0
-7.972,0.391,2.631,0
-7.011,0.055,2.14,0
-6.586,0.017,1.912,0
-6.977,0.227,2.176,0
-7.699,0.22,2.581,0
-8.524,-0.072,2.977,0
-9.08,-0.747,3.206,0
-9.383,-1.565,3.467,0
-9.698,-2.144,3.608,0
-10.021,-2.381,3.416,0
-10.198,-2.36,2.921,0
-10.106,-2.08,2.418,0
-9.942,-1.637,1.922,0
-9.752,-1.329,1.477,0
-9.685,-1.157,1.123,0
-9.581,-1.343,0.885,0
-9.173,-1.682,0.901,0
-8.593,-1.914,1.016,0
-8.198,-2.22,1.278,0
-8.127,-2.406,1.543,0
-8.263,-2.511,1.638,0
-8.389,-2.498,1.631,0
-8.501,-2.287,1.306,0
-8.571,-1.991,0.865,0
-8.649,-1.571,0.513,0
-8.666,-1.354,0.16,0
-8.591,-1.398,-0.394,0
-8.506,-1.329,-0.635,0
-8.363,-1.125,-0.606,0
-8.224,-0.927,-0.394,0
-8.163,-0.832,-0.049,0
-7.995,-0.779,0.328,0
-7.727,-0.777,0.563,0
-7.516,-0.72,0.519,0
-7.342,-0.633,0.359,0
-7.145,-0.649,0.122,0
-7.017,-0.714,-0.165,0
-6.988,-0.842,-0.421,0
-7.029,-1.055,-0.684,0
-7.121,-1.121,-0.917,0
-7.202,-1.145,-1.162,0
-7.27,-1.221,-1.256,0
-7.393,-1.378,-1.18,0
-7.678,-1.538,-1.171,0
-8.06,-1.588,-1.187,0
-8.461,-1.341,-1.07,0
-8.897,-0.992,-0.922,0
-9.404,-0.624,-0.841,0
-9.955,-0.427,-0.642,0
-10.816,-0.412,-0.082,0
-12.167,-0.464,0.923,0
-13.874,-0.991,2.123,0
-15.995,-1.334,2.767,0
-17.34,-1.197,3.232,0
-17.823,-0.838,4.99,0
-17.386,-0.728,7.128,0
-16.182,-1.373,7.665,0
-14.717,-3.027,6.141,0
-12.719,-4.234,3.183,0
-11.245,-3.312,1.259,0
-9.92,-2.526,0.31,0
-8.808,-2.418,-0.477,0
-7.953,-2.506,-0.036,0
-7.942,-2.342,1.881,0
-8.868,-1.738,4.375,0
-9.649,-1.253,6.01,0
-10.004,-0.91,5.915,0
-9.74,-0.229,5.808,0
-9.004,0.146,5.981,0
-8.304,0.146,5.542,0
-7.781,0.141,4.512,0
-7.621,0.052,3.572,0
-7.76,0.003,3.017,0
-8.018,-0.07,2.985,0
-8.212,-0.19,3.158,0
-8.266,-0.171,3.232,0
-8.254,0.074,3.25,0
-8.149,0.292,3.137,0
-7.848,0.209,2.917,0
-7.735,0.077,2.62,0
-7.814,-0.047,2.385,0
-8.211,0.008,2.296,0
-8.649,-0.054,2.263,0
-8.962,-0.345,2.051,0
-9.099,-0.511,1.844,0
-9.142,-0.668,1.884,0
-9.216,-0.55,2.149,0
-8.929,-0.459,2.566,0
-8.633,-0.398,2.261,0
-8.356,-0.292,1.769,0
-8.055,-0.369,1.474,0
-7.817,-0.378,1.249,0
-7.73,-0.351,1.084,0
-7.739,-0.357,0.75,0
-7.824,-0.483,0.454,0
-7.847,-0.719,0.332,0
-7.815,-0.89,0.26,0
-7.676,-0.813,0.012,0
-7.513,-0.623,-0.174,0
-7.501,-0.376,-0.129,0
-7.561,-0.114,0.112,0
-7.715,0.08,0.293,0
-7.822,0.094,0.422,0
-7.942,0.048,0.595,0
-8.07,-0.073,0.716,0
-8.159,-0.296,0.707,0
-8.272,-0.564,0.565,0
-8.466,-0.787,0.392,0
-8.724,-0.976,0.277,0
-9.075,-1.081,0.164,0
-9.404,-1.233,0.076,0
-9.699,-1.401,0.092,0
-10.0,-1.612,0.283,0
-10.323,-1.913,0.836,0
-10.785,-2.264,1.598,0
-11.503,-2.731,2.241,0
-12.493,-2.976,2.581,0
-13.688,-2.692,2.935,0
-14.798,-2.171,3.309,0
-15.684,-1.712,3.265,0
-16.303,-1.271,3.029,0
-16.325,-0.222,2.914,0
-15.008,1.117,2.602,0
-12.753,1.769,2.066,0
-10.597,2.273,1.783,0
-8.642,2.461,1.852,0
-7.227,2.371,2.183,0
-6.317,1.834,2.609,0
-5.797,1.07,2.942,0
-5.721,0.469,2.841,0
-6.148,0.037,2.629,0
-7.069,-0.255,2.472,0
-8.042,-0.518,2.69,0
-9.085,-0.854,3.064,0
-10.14,-1.438,3.101,0
-10.759,-2.02,2.976,0
-11.043,-2.342,3.006,0
-11.001,-2.545,3.173,0
-10.832,-2.545,3.123,0
-10.641,-2.224,2.718,0
-10.344,-1.745,1.986,0
-9.984,-1.357,1.367,0
-9.6,-1.255,1.037,0
-9.303,-1.503,0.93,0
-8.991,-1.917,0.973,0
-8.794,-2.431,1.274,0
-8.705,-2.72,1.425,0
-8.623,-2.616,1.394,0
-8.634,-2.051,1.111,0
-8.664,-1.389,0.722,0
-8.733,-0.961,0.509,0
-8.759,-0.83,0.333,0
-8.719,-0.925,-0.108,0
-8.571,-1.135,-0.392,0
-8.486,-1.389,-0.48,0
-8.508,-1.665,-0.355,0
-8.667,-1.948,-0.184,0
-8.716,-2.033,0.147,0
-8.653,-1.978,0.532,0
-8.624,-1.799,0.566,0
-8.485,-1.612,0.442,0
-8.312,-1.379,0.302,0
-8.11,-0.937,0.003,0
-7.845,-0.549,-0.447,0
-7.594,-0.465,-0.931,0
-7.412,-0.529,-1.204,0
-7.348,-0.577,-1.211,0
-7.329,-0.528,-1.295,0
-7.303,-0.299,-1.475,0
-7.327,-0.045,-1.381,0
-7.462,0.057,-1.146,0
-7.741,-0.016,-1.042,0
-8.072,-0.19,-0.945,0
-8.515,-0.122,-0.666,0
-8.9,0.101,-0.303,0
-9.307,0.184,-0.068,0
-9.674,-0.017,0.057,0
-10.385,-0.495,0.325,0
-11.72,-1.223,0.954,0
-13.268,-2.16,2.145,0
-14.571,-3.007,3.709,0
-14.872,-4.048,4.792,0
-15.331,-4.677,5.152,0
-15.115,-4.431,4.714,0
-14.216,-3.039,3.723,0
-12.873,-2.264,2.3,0
-11.329,-2.71,0.982,0
-9.923,-2.789,0.383,0
-8.895,-2.071,0.04,0
-7.989,-1.82,-0.224,0
-7.654,-2.169,-0.048,0
-8.433,-2.405,1.062,0
-9.861,-1.918,2.781,0
-11.023,-1.34,3.572,0
-11.714,-0.747,3.169,0
-11.627,-0.159,2.515,0
-10.786,-0.102,2.183,0
-9.901,-0.397,1.874,0
-9.256,-0.45,1.371,0
-9.018,-0.556,1.081,0
-9.129,-0.813,1.015,0
-9.343,-0.969,1.124,0
-9.456,-0.943,1.212,0
-9.348,-0.86,1.151,0
-8.972,-0.698,1.179,0
-8.604,-0.501,1.204,0
-8.455,-0.571,1.118,0
-8.584,-0.701,1.078,0
-8.847,-0.651,1.117,0
-9.193,-0.525,1.119,0
-9.549,-0.263,1.137,0
-9.756,-0.026,1.057,0
-9.821,0.097,0.893,0
-9.711,-0.008,0.728,0
-9.51,-0.146,0.633,0
-9.356,-0.175,0.737,0
-9.05,-0.296,0.856,0
-8.713,-0.447,0.854,0
-8.508,-0.729,0.873,0
-8.332,-0.981,0.896,0
-8.241,-1.196,0.774,0
-8.142,-1.164,0.654,0
-8.049,-0.97,0.68,0
-7.893,-0.801,0.588,0
-7.678,-0.603,0.587,0
-7.536,-0.36,0.607,0
-7.549,-0.079,0.783,0
-7.779,0.172,0.97,0
-8.078,0.408,0.975,0
-8.512,0.613,0.905,0
-9.026,0.877,0.869,0
-9.519,0.978,0.856,0
-9.927,0.836,0.895,0
-10.19,0.474,0.981,0
-10.411,-0.073,1.361,0
-10.724,-0.997,2.148,0
-11.087,-2.46,3.352,0
-11.449,-3.862,4.476,0
-11.95,-4.935,4.738,0
-12.374,-5.214,4.65,0
-12.632,-3.689,4.838,0
-12.782,-1.382,4.25,0
-12.529,0.315,2.878,0
-11.956,1.064,1.752,0
-11.057,0.978,1.062,0
-10.171,0.84,0.91,0
-9.345,0.811,1.048,0
-8.709,0.656,1.142,0
-8.305,0.193,1.262,0
-8.206,-0.478,1.791,0
-8.382,-1.339,2.395,0
-8.747,-2.149,3.014,0
-9.14,-2.87,3.486,0
-9.58,-3.448,3.939,0
-10.134,-3.735,4.051,0
-10.509,-3.661,3.87,0
-10.723,-3.004,3.433,0
-10.739,-2.391,2.498,0
-10.635,-2.184,1.438,0
-10.327,-1.993,0.925,0
-9.917,-1.726,0.904,0
-9.593,-1.54,0.847,0
-9.379,-1.218,0.896,0
-9.322,-0.837,1.05,0
-9.257,-0.679,1.282,0
-9.098,-0.668,1.619,0
-8.898,-0.629,1.806,0
-8.727,-0.58,1.797,0
-8.657,-0.615,1.78,0
-8.638,-0.655,1.801,0
-8.603,-0.751,1.71,0
-8.528,-0.88,1.476,0
-8.416,-1.007,1.133,0
-8.31,-1.107,0.871,0
-8.202,-1.203,0.654,0
-8.183,-1.334,0.527,0
-8.171,-1.441,0.431,0
-8.214,-1.493,0.342,0
-8.242,-1.544,0.261,0
-8.268,-1.59,0.166,0
-8.24,-1.667,0.083,0
-8.221,-1.701,-0.046,0
-8.174,-1.785,-0.091,0
-8.157,-1.902,-0.15,0
-8.132,-2.01,-0.226,0
-8.148,-2.124,-0.271,0
-8.199,-2.228,-0.247,0
-8.272,-2.302,-0.169,0
-8.389,-2.255,-0.06,0
-8.518,-2.191,-0.005,0
-8.665,-2.103,0.046,0
-8.858,-1.931,0.088,0
-9.062,-1.694,0.101,0
-9.413,-1.322,0.14,0
-9.831,-1.008,0.083,0
-10.03,-0.836,0.171,0
-10.226,-0.736,0.354,0
-10.683,-0.895,0.644,0
-11.519,-1.137,1.451,0
-12.481,-1.65,2.645,0
-13.382,-2.21,3.852,0
-14.103,-2.397,4.377,0
-14.11,-1.785,3.845,0
-13.103,-0.797,2.629,0
-11.289,-1.401,1.252,0
-9.51,-2.128,0.523,0
-8.263,-2.449,0.037,0
-7.134,-2.884,-0.537,0
-6.292,-2.972,-0.965,0
-5.718,-2.768,-0.855,0
-5.253,-2.799,-0.471,0
-4.941,-2.997,-0.211,0
-5.186,-3.219,0.464,0
-6.372,-2.684,1.822,0
-7.838,-1.922,3.162,0
-9.285,-1.764,3.813,0
-10.665,-1.299,4.441,0
-11.485,-0.554,4.881,0
-11.7,0.407,4.872,0
-11.508,1.476,4.009,0
-11.103,2.307,2.741,0
-10.677,2.682,1.785,0
-10.193,2.488,1.501,0
-9.56,2.115,1.871,0
-9.107,1.681,2.175,0
-8.753,1.272,2.228,0
-8.571,0.894,2.102,0
-8.726,0.553,1.913,0
-9.108,0.327,1.836,0
-9.629,0.334,1.787,0
-10.237,0.297,1.476,0
-10.781,0.264,0.878,0
-11.184,0.52,0.37,0
-11.288,0.709,-0.093,0
-11.288,0.833,-0.602,0
-11.343,0.902,-1.39,0
-11.379,0.744,-2.159,0
-11.362,0.638,-2.321,0
-10.927,0.339,-2.386,0
-10.209,0.113,-2.229,0
-9.635,0.023,-1.876,0
-9.312,0.077,-1.328,0
-9.256,0.09,-0.94,0
-9.364,0.037,-0.696,0
-9.564,-0.007,-0.239,0
-9.747,-0.043,0.061,0
-9.877,-0.018,0.233,0
-9.976,0.107,0.509,0
-9.953,0.304,0.689,0
-9.852,0.48,0.725,0
-9.759,0.577,0.632,0
-9.659,0.533,0.571,0
-9.56,0.408,0.52,0
-9.488,0.269,0.472,0
-9.41,0.121,0.429,0
-9.347,-0.011,0.452,0
-9.314,-0.147,0.432,0
-9.293,-0.222,0.346,0
-9.371,-0.206,0.263,0
-9.558,-0.169,0.175,0
-9.854,-0.167,0.202,0
-10.173,-0.308,0.43,0
-10.575,-0.592,0.966,0
-10.861,-0.864,1.328,0
-11.026,-1.1,1.41,0
-11.129,-1.353,1.439,0
-11.01,-1.554,1.204,0
-10.574,-1.622,0.856,0
-10.156,-1.529,0.82,0
-9.737,-1.43,0.949,0
-9.321,-1.39,0.869,0
-9.008,-1.373,0.796,0
-8.869,-1.362,0.895,0
-9.028,-1.29,1.169,0
-9.307,-1.297,1.445,0
-9.515,-1.394,1.517,0
-9.497,-1.619,1.351,0
-9.354,-1.823,1.225,0
-9.061,-2.107,0.992,0
-8.762,-2.226,0.709,0
-8.588,-2.058,0.698,0
-8.523,-1.709,0.907,0
-8.471,-1.393,1.051,0
-8.451,-1.108,1.06,0
-8.416,-0.879,1.017,0
-8.434,-0.708,0.969,0
-8.398,-0.697,0.886,0
-8.272,-0.699,0.728,0
-8.199,-0.623,0.495,0
-8.173,-0.698,0.21,0
-8.313,-0.808,-0.034,0
-8.594,-0.913,-0.253,0
-8.901,-1.083,-0.469,0
-9.215,-1.238,-0.627,0
-9.454,-1.458,-0.875,0
-9.577,-1.644,-1.08,0
-9.512,-1.809,-1.194,0
-9.379,-1.996,-1.253,0
-9.316,-2.217,-1.187,0
-9.316,-2.433,-1.009,0
-9.331,-2.649,-0.697,0
-9.316,-2.762,-0.462,0
-9.349,-2.69,-0.379,0
-9.376,-2.691,-0.458,0
-9.377,-2.725,-0.573,0
-9.368,-2.754,-0.711,0
-9.378,-2.785,-0.882,0
-9.37,-2.909,-0.939,0
-9.363,-3.021,-0.859,0
-9.393,-3.106,-0.85,0
-9.427,-3.106,-0.814,0
-9.471,-3.198,-0.841,0
-9.488,-3.361,-0.866,0
-9.618,-3.28,-0.843,0
-9.773,-3.148,-0.792,0
-9.863,-3.04,-0.608,0
-10.003,-2.978,-0.297,0
-10.208,-2.98,0.137,0
-10.465,-3.007,0.567,0
-10.666,-3.117,0.851,0
-10.77,-3.167,1.116,0
-10.745,-3.062,1.321,0
-10.592,-2.822,1.377,0
-10.223,-2.65,1.433,0
-9.905,-2.514,1.557,0
-9.742,-2.431,1.709,0
-9.776,-2.415,1.93,0
-10.031,-2.427,2.052,0
-10.3,-2.398,2.23,0
-10.523,-2.285,2.459,0
-10.784,-2.081,2.592,0
-11.153,-1.789,2.843,0
-11.531,-1.579,2.937,0
-11.528,-1.187,2.596,0
-10.937,-0.538,2.019,0
-9.789,-0.192,1.46,0
-8.465,-0.42,1.014,0
-7.349,-0.786,0.856,0
-6.751,-1.097,1.016,0
-6.796,-1.366,1.446,0
-7.227,-1.506,1.862,0
-7.838,-1.533,2.18,0
-8.373,-1.444,2.39,0
-8.619,-1.257,2.454,0
-8.735,-0.994,2.528,0
-8.892,-0.684,2.609,0
-9.055,-0.347,2.566,0
-9.261,-0.118,2.438,0
-9.421,0.141,2.369,0
-9.509,0.371,2.26,0
-9.521,0.601,2.204,0
-9.482,0.738,2.145,0
-9.406,0.736,2.08,0
-9.348,0.684,1.983,0
-9.403,0.579,1.854,0
-9.535,0.674,1.707,0
-9.869,0.819,1.488,0
-10.362,1.141,1.201,0
-10.759,1.424,0.984,0
-11.089,1.639,0.722,0
-11.161,1.741,0.589,0
-11.069,1.826,0.602,0
-10.914,1.818,0.735,0
-10.583,1.77,0.98,0
-10.078,1.807,1.165,0
-9.622,1.844,1.381,0
-9.221,1.878,1.557,0
-8.992,1.788,1.656,0
-8.941,1.691,1.731,0
-8.986,1.616,1.747,0
-9.123,1.51,1.681,0
-9.222,1.265,1.501,0
-9.154,0.954,1.276,0
-9.036,0.612,1.101,0
-8.963,0.305,1.036,0
-8.945,0.069,1.062,0
-8.98,-0.112,1.229,0
-9.003,-0.326,1.464,0
-8.995,-0.524,1.668,0
-8.97,-0.787,1.966,0
-9.054,-1.162,2.389,0
-9.278,-1.478,2.75,0
-9.511,-1.663,2.893,0
-9.609,-1.643,2.765,0
-9.47,-1.526,2.424,0
-9.107,-1.397,1.953,0
-8.666,-1.402,1.505,0
-8.243,-1.477,1.226,0
-8.052,-1.51,1.25,0
-8.188,-1.418,1.505,0
-8.48,-1.299,1.851,0
-8.813,-1.273,2.231,0
-9.14,-1.318,2.423,0
-9.381,-1.268,2.422,0
-9.524,-1.138,2.209,0
-9.624,-0.975,1.89,0
-9.718,-0.874,1.555,0
-9.87,-0.871,1.332,0
-9.947,-0.917,1.233,0
-9.907,-0.978,1.267,0
-9.794,-1.106,1.434,0
-9.682,-1.264,1.757,0
-9.623,-1.476,2.139,0
-9.635,-1.665,2.46,0
-9.645,-1.767,2.765,0
-9.663,-1.782,2.964,0
-9.641,-1.749,3.063,0
-9.578,-1.619,3.033,0
-9.541,-1.42,2.816,0
-9.555,-1.235,2.54,0
-9.647,-1.124,2.378,0
-9.687,-1.168,2.368,0
-9.672,-1.309,2.541,0
-9.562,-1.471,2.78,0
-9.37,-1.657,2.983,0
-9.16,-1.855,3.174,0
-8.966,-2.048,3.302,0
-8.829,-2.219,3.354,0
-8.755,-2.364,3.358,0
-8.726,-2.486,3.347,0
-8.777,-2.62,3.382,0
-8.886,-2.719,3.411,0
-8.972,-2.812,3.287,0
-9.051,-2.918,3.093,0
-9.104,-3.054,2.858,0
-9.05,-3.167,2.664,0
-8.975,-3.175,2.402,0
-8.907,-3.128,2.14,0
-8.908,-2.96,2.171,0
-8.874,-2.833,2.291,0
-8.797,-2.832,2.395,0
-8.772,-2.783,2.413,0
-8.754,-2.758,2.239,0
-8.707,-2.685,2.212,0
-8.511,-2.655,2.552,0
-8.194,-2.676,3.165,0
-7.832,-2.754,3.804,0
-7.665,-2.544,4.37,0
-7.626,-2.172,4.439,0
-7.436,-1.637,3.779,0
-7.015,-1.032,3.065,0
-6.411,-0.577,2.8,0
-5.843,-0.511,2.58,0
-5.473,-0.766,2.239,0
-5.393,-1.307,2.414,0
-5.48,-1.702,2.977,0
-5.67,-1.794,3.396,0
-6.069,-1.907,3.686,0
-6.354,-1.985,3.689,0
-6.669,-2.009,3.477,0
-6.958,-1.995,3.251,0
-7.261,-1.958,3.161,0
-7.425,-1.861,3.111,0
-7.57,-1.679,3.046,0
-7.566,-1.547,3.305,0
-7.452,-1.423,3.658,0
-7.573,-1.253,3.82,0
-7.703,-1.157,3.896,0
-7.736,-1.107,4.018,0
-7.514,-1.131,3.996,0
-7.354,-1.318,4.05,0
-7.176,-1.685,4.204,0
-7.027,-1.952,4.177,0
-6.917,-2.035,4.182,0
-6.98,-1.868,4.371,0
-6.993,-1.603,4.63,0
-6.941,-1.082,4.716,0
-6.957,-0.592,4.95,0
-7.059,-0.362,5.205,0
-7.132,-0.176,5.209,0
-7.165,-0.016,5.065,0
-7.196,0.066,5.047,0
-7.189,0.027,5.139,0
-7.18,-0.232,5.131,0
-7.227,-0.521,5.341,0
-7.288,-0.842,5.691,0
-7.394,-1.099,5.669,0
-7.518,-1.278,5.536,0
-7.541,-1.375,5.534,0
-7.529,-1.411,5.324,0
-7.524,-1.449,5.204,0
-7.587,-1.565,5.268,0
-7.652,-1.762,5.324,0
-7.636,-1.926,5.365,0
-7.641,-1.975,5.34,0
-7.652,-1.986,5.248,0
-7.657,-1.851,5.144,0
-7.651,-1.77,5.071,0
-7.796,-1.653,4.988,0
-7.919,-1.537,4.811,0
-7.898,-1.454,4.827,0
-7.874,-1.416,4.94,0
-7.911,-1.508,4.949,0
-7.962,-1.538,4.834,0
-7.82,-1.52,4.73,0
-7.802,-1.387,4.604,0
-7.781,-1.159,4.357,0
-7.873,-1.132,4.244,0
-8.095,-0.967,4.158,0
-7.664,-0.935,4.061,0
-7.712,-0.946,4.0,0
-7.913,-0.863,3.833,0
-7.918,-0.795,3.664,0
-7.863,-0.747,3.535,0
-7.932,-0.638,3.395,0
-8.096,-0.584,3.268,0
-8.224,-0.529,3.194,0
-8.546,-0.486,3.101,0
-9.251,-0.702,3.034,0
-10.138,-1.175,2.99,0
-11.255,-1.538,2.905,0
-12.412,-1.937,2.642,0
-13.515,-2.254,2.374,0
-14.296,-2.432,2.127,0
-14.673,-2.538,1.664,0
-14.658,-2.571,1.174,0
-14.514,-2.56,1.115,0
-14.325,-2.572,0.982,0
-14.132,-2.383,0.34,0
-13.884,-2.105,-0.417,0
-13.065,-2.024,-0.899,0
-11.953,-1.716,-1.101,0
-11.103,-1.325,-1.244,0
-10.538,-1.076,-1.285,0
-10.102,-1.025,-1.159,0
-9.718,-1.045,-0.9,0
-9.381,-1.026,-0.609,0
-9.122,-0.967,-0.297,0
-8.919,-0.836,-0.148,0
-8.728,-0.773,-0.263,0
-8.606,-0.654,-0.544,0
-8.187,-0.84,-0.733,0
-7.533,-1.305,-0.743,0
-8.098,-1.251,-1.255,0
-8.613,-1.07,-1.084,0
-9.058,-0.64,-0.598,0
-9.207,-0.75,-0.882,0
-9.604,-0.141,0.946,0
-9.143,0.335,5.165,0
-8.478,-0.879,1.744,0
-9.297,-0.344,-2.305,0
-11.033,-0.394,-9.733,0
-12.633,-0.407,-8.743,0
-12.587,-0.947,-3.058,0
-12.156,-1.091,-0.315,0
-12.718,-1.438,-7.994,0
-13.104,-1.412,-6.138,0
-11.107,-2.087,0.69,0
-11.791,-0.009,-2.474,0
-10.666,-1.784,0.231,0
-10.76,-1.464,-1.253,0
-10.477,-1.557,-0.51,0
-10.215,-0.591,-1.573,0
-9.344,-0.789,-0.144,0
-9.463,-0.281,-0.876,0
-9.229,-0.945,-0.708,0
-9.036,-1.257,-0.076,0
-9.377,-1.125,-0.58,0
-9.573,-0.891,-0.367,0
-9.42,-0.688,-0.419,0
-10.061,-0.849,-0.625,0
-10.213,-0.655,-0.462,0
-9.798,-0.503,-0.483,0
-10.122,-0.693,-0.525,0
-10.432,-0.321,-0.562,0
-10.489,-0.556,-0.654,0
-10.388,-0.277,-0.555,0
-10.176,-0.19,-1.504,0
-9.836,-0.053,-1.655,0
-9.567,-0.042,-1.581,0
-9.327,-0.565,-1.158,0
-9.378,-0.454,-1.02,0
-9.71,-0.2,-1.093,0
-9.753,-0.579,-0.851,0
-10.005,-0.471,-0.737,0
-10.131,-0.485,-0.875,0
-10.065,-0.778,-1.06,0
-10.039,-0.718,-0.984,0
-10.09,-0.846,-0.613,0
-10.298,-1.06,-0.949,0
-10.525,-0.946,-0.588,0
-10.677,-1.329,-0.545,0
-11.696,-1.313,-1.135,0
-11.847,-1.201,-1.025,0
-10.983,-0.959,-1.123,0
-9.841,-0.474,-0.848,0
-9.278,-0.86,-0.791,0
-9.644,-1.177,-0.705,0
-10.179,-1.174,-1.227,0
-10.478,-0.78,-1.557,0
-10.378,-1.085,-1.681,0
-10.075,-0.897,-1.704,0
-9.967,-1.015,-1.801,0
-9.765,-1.203,-1.71,0
-9.42,-1.076,-1.447,0
-9.004,-0.725,-1.669,0
-8.841,-0.721,-2.069,0
-8.946,-0.895,-1.519,0
-9.282,-0.69,-0.966,0
-9.396,-0.897,-0.866,0
-9.608,-0.896,-0.916,0
-9.687,-0.92,-1.144,0
-9.752,-0.882,-1.202,0
-9.709,-0.75,-1.307,0
-9.694,-0.868,-1.205,0
-9.737,-0.84,-1.106,0
-9.775,-0.732,-1.061,0
-9.609,-0.557,-0.993,0
-9.444,-0.578,-0.761,0
-9.303,-0.521,-0.716,0
-9.18,-0.193,-0.872,0
-8.821,-0.327,-0.958,0
-8.812,-0.354,-0.822,0
-8.993,-0.189,-1.008,0
-8.961,-0.397,-1.01,0
-9.31,-0.293,-0.709,0
-9.441,-0.243,-0.752,0
-9.458,-0.548,-0.578,0
-9.708,-0.304,-0.376,0
-9.811,-0.334,-0.447,0
-9.733,-0.29,-0.474,0
-9.762,-0.195,-0.395,0
-9.749,-0.162,-0.449,0
-9.823,-0.171,-0.329,0
-9.855,-0.045,-0.327,0
-9.901,-0.222,-0.153,0
-9.979,-0.167,-0.07,0
-9.969,-0.107,-0.031,0
-9.819,-0.026,-0.074,0
-9.568,-0.118,0.054,0
-9.362,-0.135,0.181,0
-9.239,-0.188,0.215,0
-9.155,-0.361,0.251,0
-9.208,-0.427,0.253,0
-9.202,-0.533,0.091,0
-9.216,-0.661,-0.047,0
-9.315,-0.758,-0.207,0
-9.417,-0.731,-0.408,0
-9.52,-0.884,-0.634,0
-9.748,-0.956,-0.818,0
-9.855,-0.95,-1.065,0
-9.835,-0.942,-1.216,0
-9.723,-0.874,-1.214,0
-9.693,-1.009,-1.234,0
-9.718,-0.907,-1.234,0
-9.6,-1.006,-1.244,0
-9.566,-1.025,-1.036,0
-9.626,-1.037,-0.979,0
-9.676,-0.861,-0.914,0
-9.507,-0.754,-0.907,0
-9.328,-0.806,-0.722,0
-9.324,-0.595,-0.67,0
-9.201,-0.591,-0.598,0
-9.221,-0.492,-0.363,0
-9.253,-0.415,-0.332,0
-9.233,-0.582,-0.223,0
-9.387,-0.453,-0.284,0
-9.352,-0.602,-0.359,0
-9.465,-0.573,-0.293,0
-9.422,-0.576,-0.336,0
-9.415,-0.59,-0.273,0
-9.387,-0.738,-0.211,0
-9.464,-0.719,-0.092,0
-9.446,-0.738,-0.055,0
-9.361,-0.786,0.056,0
-9.319,-0.805,0.112,0
-9.292,-0.792,0.143,0
-9.266,-0.781,0.17,0
-9.228,-0.758,0.208,0
-9.215,-0.751,0.23,0
-9.208,-0.735,0.303,0
-9.242,-0.744,0.369,0
-9.319,-0.751,0.408,0
-9.414,-0.726,0.384,0
-9.492,-0.676,0.302,0
-9.545,-0.667,0.215,0
-9.593,-0.635,0.125,0
-9.622,-0.535,0.107,0
-9.621,-0.429,0.093,0
-9.565,-0.374,0.055,0
-9.48,-0.349,0.05,0
-9.446,-0.322,0.118,0
-9.484,-0.357,0.186,0
-9.559,-0.429,0.221,0
-9.588,-0.522,0.353,0
-9.607,-0.587,0.471,0
-9.645,-0.632,0.529,0
-9.704,-0.633,0.455,0
-9.745,-0.586,0.252,0
-9.769,-0.566,0.051,0
-9.682,-0.452,-0.109,0
-9.578,-0.524,-0.187,0
-9.5,-0.572,0.022,0
-9.471,-0.769,-0.105,0
-9.455,-0.803,-0.187,0
-9.572,-0.776,-0.363,0
-9.608,-0.8,-0.532,0
-9.614,-0.732,-0.574,0
-9.518,-0.678,-0.625,0
-9.363,-0.691,-0.57,0
-9.292,-0.65,-0.534,0
-9.218,-0.613,-0.551,0
-9.178,-0.553,-0.476,0
-9.15,-0.429,-0.413,0
-9.084,-0.433,-0.294,0
-9.163,-0.418,-0.212,0
-9.252,-0.249,-0.129,0
-9.263,-0.253,0.034,0
-9.323,-0.403,0.22,0
-9.499,-0.479,0.244,0
-9.71,-0.518,0.159,0
-9.951,-0.505,0.021,0
-10.109,-0.589,-0.202,0
-10.162,-0.669,-0.459,0
-10.145,-0.73,-0.631,0
-10.084,-0.801,-0.609,0
-10.008,-0.87,-0.442,0
-9.966,-0.899,-0.344,0
-9.907,-0.961,-0.281,0
-9.893,-0.989,-0.249,0
-9.854,-0.922,-0.259,0
-9.73,-0.859,-0.22,0
-9.642,-0.786,-0.207,0
-9.568,-0.69,-0.191,0
-9.426,-0.619,-0.096,0
-9.277,-0.61,0.03,0
-9.175,-0.65,0.116,0
-9.191,-0.693,0.156,0
-9.306,-0.714,0.113,0
-9.468,-0.708,0.023,0
-9.572,-0.68,-0.069,0
-9.648,-0.611,-0.11,0
-9.704,-0.551,-0.128,0
-9.792,-0.557,-0.164,0
-9.823,-0.606,-0.223,0
-9.836,-0.635,-0.252,0
-9.804,-0.664,-0.311,0
-9.675,-0.689,-0.379,0
-9.495,-0.72,-0.342,0
-9.362,-0.759,-0.234,0
-9.342,-0.757,-0.178,0
-9.431,-0.702,-0.121,0
-9.558,-0.646,-0.055,0
-9.715,-0.592,-0.031,0
-9.867,-0.554,-0.078,0
-9.998,-0.506,-0.169,0
-10.111,-0.479,-0.216,0
-10.118,-0.479,-0.211,0
-10.047,-0.516,-0.148,0
-9.942,-0.588,-0.035,0
-9.808,-0.658,-0.006,0
-9.653,-0.689,-0.06,0
-9.422,-0.718,-0.092,0
-9.11,-0.784,0.005,0
-8.894,-0.868,0.141,0
-8.912,-0.92,0.21,0
-9.112,-0.946,0.199,0
-9.358,-0.94,0.12,0
-9.547,-0.909,0.107,0
-9.678,-0.862,0.083,0
-9.781,-0.825,0.012,0
-9.847,-0.785,-0.053,0
-9.878,-0.782,-0.103,0
-9.825,-0.743,-0.159,0
-9.686,-0.7,-0.157,0
-9.523,-0.723,-0.092,0
-9.466,-0.751,-0.006,0
-9.447,-0.803,0.119,0
-9.431,-0.823,0.227,0
-9.355,-0.818,0.261,0
-9.238,-0.818,0.24,0
-9.149,-0.835,0.22,0
-9.122,-0.856,0.213,0
-9.168,-0.906,0.173,0
-9.251,-0.963,0.137,0
-9.363,-1.02,0.094,0
-9.446,-1.025,0.071,0
-9.429,-1.001,0.042,0
-9.381,-1.004,0.089,0
-9.361,-1.002,0.272,0
-9.432,-0.979,0.374,0
-9.536,-0.923,0.372,0
-9.576,-0.844,0.346,0
-9.509,-0.789,0.299,0
-9.373,-0.733,0.226,0
-9.318,-0.697,0.204,0
-9.348,-0.674,0.15,0
-9.427,-0.666,0.107,0
-9.552,-0.658,0.102,0
-9.646,-0.692,0.028,0
-9.721,-0.7,-0.042,0
-9.725,-0.749,-0.064,0
-9.68,-0.799,-0.053,0
-9.628,-0.859,-0.06,0
-9.627,-0.886,-0.074,0
-9.598,-0.879,-0.089,0
